"","rn","coef","xDecompAgg","xDecompPerc","xDecompMeanNon0","xDecompMeanNon0Perc","xDecompAggRF","xDecompPercRF","xDecompMeanNon0RF","xDecompMeanNon0PercRF","pos","spend_share","spend_share_refresh","mean_spend","total_spend","mean_exposure","mean_exposure_refresh","effect_share","effect_share_refresh","train_size","rsq_train","rsq_val","rsq_test","nrmse_train","nrmse_val","nrmse_test","nrmse","decomp.rssd","mape","lambda","lambda_hp","lambda_max","lambda_min_ratio","solID","trial","iterNG","iterPar","iterations","robynPareto","mean_response","mean_spend_adstocked","mean_carryover","roi_mean","roi_total","cpa_mean","cpa_total","cluster","top_sol","boot_mean","boot_se","ci_low","ci_up","carryover_pct"
"1","(Intercept)",43753.1483422437,4375314.83422437,0.87123393459523,43753.1483422437,0.818319920290594,4375314.83422437,0.87123393459523,43753.1483422437,0.818319920290594,TRUE,NA,NA,NA,NA,NA,NA,NA,NA,1,0.024161455942432,NA,NA,0.200775696726399,NA,NA,0.200775696726399,0.784112292738633,0,125.543956525342,0.001445048058,81263.2971590817,1e-04,"1_232_1",1,232,1,232,6,NA,NA,NA,NA,NA,NA,NA,4,FALSE,NA,NA,NA,NA,NA
"2","competitors",-3234.05699654292,-324729.804043873,-0.0646617753411647,0,0,-324729.804043873,-0.0646617753411647,0,0,FALSE,NA,NA,NA,NA,NA,NA,NA,NA,1,0.024161455942432,NA,NA,0.200775696726399,NA,NA,0.200775696726399,0.784112292738633,0,125.543956525342,0.001445048058,81263.2971590817,1e-04,"1_232_1",1,232,1,232,6,NA,NA,NA,NA,NA,NA,NA,4,FALSE,NA,NA,NA,NA,NA
"3","season",1822.78283474435,-2.75733069911271,-5.49053077318502e-07,-0.0278518252435629,-5.20915734679933e-07,-2.75733069911271,-5.49053077318502e-07,-0.0278518252435629,-5.20915734679933e-07,FALSE,NA,NA,NA,NA,NA,NA,NA,NA,1,0.024161455942432,NA,NA,0.200775696726399,NA,NA,0.200775696726399,0.784112292738633,0,125.543956525342,0.001445048058,81263.2971590817,1e-04,"1_232_1",1,232,1,232,6,NA,NA,NA,NA,NA,NA,NA,4,FALSE,NA,NA,NA,NA,NA
"4","trend",2946.22215928871,441933.323893306,0.0879999093076849,4419.33323893306,0.0826552730681922,441933.323893306,0.0879999093076849,4419.33323893306,0.0826552730681922,TRUE,NA,NA,NA,NA,NA,NA,NA,NA,1,0.024161455942432,NA,NA,0.200775696726399,NA,NA,0.200775696726399,0.784112292738633,0,125.543956525342,0.001445048058,81263.2971590817,1e-04,"1_232_1",1,232,1,232,6,NA,NA,NA,NA,NA,NA,NA,4,FALSE,NA,NA,NA,NA,NA
"5","tv",891.359368548101,61349.0803393552,0.0122161267641282,613.490803393552,0.0114741856152855,61349.0803393552,0.0122161267641282,613.490803393552,0.0114741856152855,TRUE,0.458538882371808,0.458538882371808,46446.328651486,4644632.8651486,NA,NA,0.115871221013501,0.115871221013501,1,0.024161455942432,NA,NA,0.200775696726399,NA,NA,0.200775696726399,0.784112292738633,0,125.543956525342,0.001445048058,81263.2971590817,1e-04,"1_232_1",1,232,1,232,6,613.490803393552,52223.0554516063,5776.72680012032,0.0132085962702657,0.0132085962702657,75.7082720630302,75.7082720630302,4,FALSE,0.013277257972778,0.00476704806588681,0,0.0605151866945884,0.0966173981912417
"6","paid_search",2340.68746264761,160593.90805776,0.0319782387531869,1605.9390805776,0.0300360543229978,160593.90805776,0.0319782387531869,1605.9390805776,0.0300360543229978,TRUE,0.297445999778094,0.297445999778094,30128.9055146277,3012890.55146277,NA,NA,0.303316889365748,0.303316889365748,1,0.024161455942432,NA,NA,0.200775696726399,NA,NA,0.200775696726399,0.784112292738633,0,125.543956525342,0.001445048058,81263.2971590817,1e-04,"1_232_1",1,232,1,232,6,1605.9390805776,52031.6159346029,21902.7104199752,0.0533022707976536,0.0533022707976536,18.7609267867068,18.7609267867068,4,FALSE,0.133923584831066,0.0164877332129478,0,0.298121680466299,0.507158093152088
"7","social",0,0,0,0,0,0,0,0,0,TRUE,0.162751814066573,0.162751814066573,16485.459653195,1648545.9653195,NA,NA,0,0,1,0.024161455942432,NA,NA,0.200775696726399,NA,NA,0.200775696726399,0.784112292738633,0,125.543956525342,0.001445048058,81263.2971590817,1e-04,"1_232_1",1,232,1,232,6,0,31290.5843577169,14805.124704522,0,0,Inf,Inf,4,FALSE,0,0,0,0,NA
"8","display",4421.18936954678,307516.18017596,0.0612341149740124,3075.1618017596,0.057515087618665,307516.18017596,0.0612341149740124,3075.1618017596,0.057515087618665,TRUE,0.0812633037835251,0.0812633037835251,8231.32401621435,823132.401621435,NA,NA,0.580811889620751,0.580811889620751,1,0.024161455942432,NA,NA,0.200775696726399,NA,NA,0.200775696726399,0.784112292738633,0,125.543956525342,0.001445048058,81263.2971590817,1e-04,"1_232_1",1,232,1,232,6,3075.1618017596,9763.22838054409,1531.90436432974,0.37359260742282,0.37359260742282,2.67671249412125,2.67671249412125,4,FALSE,0.658697401025889,0.107624153991352,0,1.73529762260276,0.197521970200777
"9","(Intercept)",41983.2584523826,4198325.84523826,0.835991027719538,41983.2584523826,0.785844707274867,4198325.84523826,0.835991027719538,41983.2584523826,0.785844707274867,TRUE,NA,NA,NA,NA,NA,NA,NA,NA,1,0.0337766581475366,NA,NA,0.19978409932548,NA,NA,0.19978409932548,0.79952959543055,0,146.867031410299,0.001707469202,81263.2971590817,1e-04,"1_234_1",1,234,1,234,1,NA,NA,NA,NA,NA,NA,NA,4,FALSE,NA,NA,NA,NA,NA
"10","competitors",-3191.55564426379,-320462.267691869,-0.063812002781279,0,0,-320462.267691869,-0.063812002781279,0,0,FALSE,NA,NA,NA,NA,NA,NA,NA,NA,1,0.0337766581475366,NA,NA,0.19978409932548,NA,NA,0.19978409932548,0.79952959543055,0,146.867031410299,0.001707469202,81263.2971590817,1e-04,"1_234_1",1,234,1,234,1,NA,NA,NA,NA,NA,NA,NA,4,FALSE,NA,NA,NA,NA,NA
"11","season",1757.25350285139,-2.65820422333204,-5.29314532141956e-07,-0.0268505477104249,-5.02589879477811e-07,-2.65820422333204,-5.29314532141956e-07,-0.0268505477104249,-5.02589879477811e-07,FALSE,NA,NA,NA,NA,NA,NA,NA,NA,1,0.0337766581475366,NA,NA,0.19978409932548,NA,NA,0.19978409932548,0.79952959543055,0,146.867031410299,0.001707469202,81263.2971590817,1e-04,"1_234_1",1,234,1,234,1,NA,NA,NA,NA,NA,NA,NA,4,FALSE,NA,NA,NA,NA,NA
"12","trend",2780.77867671273,417116.80150691,0.0830583228708535,4171.1680150691,0.0780761291197549,417116.80150691,0.0830583228708535,4171.1680150691,0.0780761291197549,TRUE,NA,NA,NA,NA,NA,NA,NA,NA,1,0.0337766581475366,NA,NA,0.19978409932548,NA,NA,0.19978409932548,0.79952959543055,0,146.867031410299,0.001707469202,81263.2971590817,1e-04,"1_234_1",1,234,1,234,1,NA,NA,NA,NA,NA,NA,NA,4,FALSE,NA,NA,NA,NA,NA
"13","tv",345.86706134112,13286.9066331127,0.00264575336476748,132.869066331127,0.0024870497523506,13286.9066331127,0.00264575336476748,132.869066331127,0.0024870497523506,TRUE,0.458538882371808,0.458538882371808,46446.328651486,4644632.8651486,NA,NA,0.0182764245525264,0.0182764245525264,1,0.0337766581475366,NA,NA,0.19978409932548,NA,NA,0.19978409932548,0.79952959543055,0,146.867031410299,0.001707469202,81263.2971590817,1e-04,"1_234_1",1,234,1,234,1,132.869066331127,53067.0798388155,6620.75118732955,0.00286070116172413,0.00286070116172413,349.564649876712,349.564649876712,4,FALSE,0.013277257972778,0.00476704806588681,0,0.0605151866945884,0.0356919141058293
"14","paid_search",6902.47188195494,392469.984121184,0.0781505289177761,3924.69984121184,0.0734627256566314,392469.984121184,0.0781505289177761,3924.69984121184,0.0734627256566314,TRUE,0.297445999778094,0.297445999778094,30128.9055146277,3012890.55146277,NA,NA,0.53985086611854,0.53985086611854,1,0.0337766581475366,NA,NA,0.19978409932548,NA,NA,0.19978409932548,0.79952959543055,0,146.867031410299,0.001707469202,81263.2971590817,1e-04,"1_234_1",1,234,1,234,1,3924.69984121184,51055.5166276665,20926.6111130388,0.130263604806566,0.130263604806566,7.67674133910957,7.67674133910957,4,FALSE,0.133923584831066,0.0164877332129478,0,0.298121680466299,0.736124294388986
"15","social",0,0,0,0,0,0,0,0,0,TRUE,0.162751814066573,0.162751814066573,16485.459653195,1648545.9653195,NA,NA,0,0,1,0.0337766581475366,NA,NA,0.19978409932548,NA,NA,0.19978409932548,0.79952959543055,0,146.867031410299,0.001707469202,81263.2971590817,1e-04,"1_234_1",1,234,1,234,1,0,44828.7540486552,28343.2943954602,0,0,Inf,Inf,4,FALSE,0,0,0,0,NA
"16","display",4556.04718645702,321240.153712806,0.063966899222876,3212.40153712806,0.0601298907862753,321240.153712806,0.063966899222876,3212.40153712806,0.0601298907862753,TRUE,0.0812633037835251,0.0812633037835251,8231.32401621435,823132.401621435,NA,NA,0.441872709328934,0.441872709328934,1,0.0337766581475366,NA,NA,0.19978409932548,NA,NA,0.19978409932548,0.79952959543055,0,146.867031410299,0.001707469202,81263.2971590817,1e-04,"1_234_1",1,234,1,234,1,3212.40153712806,8370.08019927664,138.756183062287,0.390265470147957,0.390265470147957,2.56235838548791,2.56235838548791,4,FALSE,0.658697401025889,0.107624153991352,0,1.73529762260276,0.00813891839881451
"17","(Intercept)",34931.7883161605,3493178.83161605,0.695578730451092,34931.7883161605,0.652587431026678,3493178.83161605,0.695578730451092,34931.7883161605,0.652587431026678,TRUE,NA,NA,NA,NA,NA,NA,NA,NA,1,0.0301200638417417,NA,NA,0.2001617757465,NA,NA,0.2001617757465,1.05596723280907,0,269.516525259673,0.003216905372,81263.2971590817,1e-04,"1_240_1",1,240,1,240,6,NA,NA,NA,NA,NA,NA,NA,4,FALSE,NA,NA,NA,NA,NA
"18","competitors",-3294.89777527837,-330838.791664611,-0.0658782266190423,0,0,-330838.791664611,-0.0658782266190423,0,0,FALSE,NA,NA,NA,NA,NA,NA,NA,NA,1,0.0301200638417417,NA,NA,0.2001617757465,NA,NA,0.2001617757465,1.05596723280907,0,269.516525259673,0.003216905372,81263.2971590817,1e-04,"1_240_1",1,240,1,240,6,NA,NA,NA,NA,NA,NA,NA,4,FALSE,NA,NA,NA,NA,NA
"19","season",1634.55174419497,-2.47259279473491,-4.92354683223749e-07,-0.0249756847953026,-4.66589853092584e-07,-2.47259279473491,-4.92354683223749e-07,-0.0249756847953026,-4.66589853092584e-07,FALSE,NA,NA,NA,NA,NA,NA,NA,NA,1,0.0301200638417417,NA,NA,0.2001617757465,NA,NA,0.2001617757465,1.05596723280907,0,269.516525259673,0.003216905372,81263.2971590817,1e-04,"1_240_1",1,240,1,240,6,NA,NA,NA,NA,NA,NA,NA,4,FALSE,NA,NA,NA,NA,NA
"20","trend",2604.99123822231,390748.685733346,0.0778077756248432,3907.48685733346,0.0729987479289187,390748.685733346,0.0778077756248432,3907.48685733346,0.0729987479289187,TRUE,NA,NA,NA,NA,NA,NA,NA,NA,1,0.0301200638417417,NA,NA,0.2001617757465,NA,NA,0.2001617757465,1.05596723280907,0,269.516525259673,0.003216905372,81263.2971590817,1e-04,"1_240_1",1,240,1,240,6,NA,NA,NA,NA,NA,NA,NA,4,FALSE,NA,NA,NA,NA,NA
"21","tv",436.755779438612,15187.3106513635,0.00302417104049454,151.873106513635,0.00283725755820874,15187.3106513635,0.00302417104049454,151.873106513635,0.00283725755820874,TRUE,0.458538882371808,0.458538882371808,46446.328651486,4644632.8651486,NA,NA,0.0103393215516179,0.0103393215516179,1,0.0301200638417417,NA,NA,0.2001617757465,NA,NA,0.2001617757465,1.05596723280907,0,269.516525259673,0.003216905372,81263.2971590817,1e-04,"1_240_1",1,240,1,240,6,151.873106513635,54605.755769649,8159.42711816303,0.00326986246110491,0.00326986246110491,305.823260731919,305.823260731919,4,FALSE,0.013277257972778,0.00476704806588681,0,0.0605151866945884,0.0597667384793936
"22","paid_search",4630.94278063106,317067.196705168,0.0631359597612803,3170.67196705168,0.059233745918737,317067.196705168,0.0631359597612803,3170.67196705168,0.059233745918737,TRUE,0.297445999778094,0.297445999778094,30128.9055146277,3012890.55146277,NA,NA,0.215855181701343,0.215855181701343,1,0.0301200638417417,NA,NA,0.2001617757465,NA,NA,0.2001617757465,1.05596723280907,0,269.516525259673,0.003216905372,81263.2971590817,1e-04,"1_240_1",1,240,1,240,6,3170.67196705168,45777.6776825011,15648.7721678734,0.105236878435969,0.105236878435969,9.50237231341335,9.50237231341335,4,FALSE,0.133923584831066,0.0164877332129478,0,0.298121680466299,0.638671912738208
"23","social",0,0,0,0,0,0,0,0,0,TRUE,0.162751814066573,0.162751814066573,16485.459653195,1648545.9653195,NA,NA,0,0,1,0.0301200638417417,NA,NA,0.2001617757465,NA,NA,0.2001617757465,1.05596723280907,0,269.516525259673,0.003216905372,81263.2971590817,1e-04,"1_240_1",1,240,1,240,6,0,77803.6414469114,61318.1817937164,0,0,Inf,Inf,4,FALSE,0,0,0,0,NA
"24","display",12189.5999623062,1136634.00486766,0.226332082096016,11366.3400486766,0.212343284157311,1136634.00486766,0.226332082096016,11366.3400486766,0.212343284157311,TRUE,0.0812633037835251,0.0812633037835251,8231.32401621435,823132.401621435,NA,NA,0.77380549674704,0.77380549674704,1,0.0301200638417417,NA,NA,0.2001617757465,NA,NA,0.2001617757465,1.05596723280907,0,269.516525259673,0.003216905372,81263.2971590817,1e-04,"1_240_1",1,240,1,240,6,11366.3400486766,9334.87448797364,1103.55047175929,1.38086412663221,1.38086412663221,0.724184212416972,0.724184212416972,4,FALSE,0.658697401025889,0.107624153991352,0,1.73529762260276,0.358051338894212
"25","(Intercept)",43861.6464180664,4386164.64180664,0.873394400963401,43861.6464180664,0.820202042905525,4386164.64180664,0.873394400963401,43861.6464180664,0.820202042905525,TRUE,NA,NA,NA,NA,NA,NA,NA,NA,1,0.0249442849137311,NA,NA,0.200695148275406,NA,NA,0.200695148275406,0.789388179288607,0,125.543956525342,0.001445048058,81263.2971590817,1e-04,"1_262_1",1,262,1,262,6,NA,NA,NA,NA,NA,NA,NA,4,FALSE,NA,NA,NA,NA,NA
"26","competitors",-3243.60886576211,-325688.901741631,-0.0648527555317426,0,0,-325688.901741631,-0.0648527555317426,0,0,FALSE,NA,NA,NA,NA,NA,NA,NA,NA,1,0.0249442849137311,NA,NA,0.200695148275406,NA,NA,0.200695148275406,0.789388179288607,0,125.543956525342,0.001445048058,81263.2971590817,1e-04,"1_262_1",1,262,1,262,6,NA,NA,NA,NA,NA,NA,NA,4,FALSE,NA,NA,NA,NA,NA
"27","season",1810.15196242107,-2.73822392931533,-5.45248444541504e-07,-0.0276588275688412,-5.17213299749529e-07,-2.73822392931533,-5.45248444541504e-07,-0.0276588275688412,-5.17213299749529e-07,FALSE,NA,NA,NA,NA,NA,NA,NA,NA,1,0.0249442849137311,NA,NA,0.200695148275406,NA,NA,0.200695148275406,0.789388179288607,0,125.543956525342,0.001445048058,81263.2971590817,1e-04,"1_262_1",1,262,1,262,6,NA,NA,NA,NA,NA,NA,NA,4,FALSE,NA,NA,NA,NA,NA
"28","trend",2906.14932493785,435922.398740678,0.0868029847046101,4359.22398740678,0.0815164206531267,435922.398740678,0.0868029847046101,4359.22398740678,0.0815164206531267,TRUE,NA,NA,NA,NA,NA,NA,NA,NA,1,0.0249442849137311,NA,NA,0.200695148275406,NA,NA,0.200695148275406,0.789388179288607,0,125.543956525342,0.001445048058,81263.2971590817,1e-04,"1_262_1",1,262,1,262,6,NA,NA,NA,NA,NA,NA,NA,4,FALSE,NA,NA,NA,NA,NA
"29","tv",859.682277394072,59168.8593435395,0.0117819905731474,591.688593435395,0.0110644317469057,59168.8593435395,0.0117819905731474,591.688593435395,0.0110644317469057,TRUE,0.458538882371808,0.458538882371808,46446.328651486,4644632.8651486,NA,NA,0.112578353173052,0.112578353173052,1,0.0249442849137311,NA,NA,0.200695148275406,NA,NA,0.200695148275406,0.789388179288607,0,125.543956525342,0.001445048058,81263.2971590817,1e-04,"1_262_1",1,262,1,262,6,591.688593435395,52223.0554516063,5776.72680012032,0.0127391897403814,0.0127391897403814,78.4979280770221,78.497928077022,4,FALSE,0.013277257972778,0.00476704806588681,0,0.0605151866945884,0.0966173981912417
"30","paid_search",2540.97400957493,159552.149897548,0.0317707988099584,1595.52149897548,0.0298358611641252,159552.149897548,0.0317707988099584,1595.52149897548,0.0298358611641252,TRUE,0.297445999778094,0.297445999778094,30128.9055146277,3012890.55146277,NA,NA,0.303573847459121,0.303573847459121,1,0.0249442849137311,NA,NA,0.200695148275406,NA,NA,0.200695148275406,0.789388179288607,0,125.543956525342,0.001445048058,81263.2971590817,1e-04,"1_262_1",1,262,1,262,6,1595.52149897548,52031.6159346029,21902.7104199752,0.0529565037867324,0.0529565037867324,18.8834218366685,18.8834218366685,4,FALSE,0.133923584831066,0.0164877332129478,0,0.298121680466299,0.464466192236992
"31","social",0,0,0,0,0,0,0,0,0,TRUE,0.162751814066573,0.162751814066573,16485.459653195,1648545.9653195,NA,NA,0,0,1,0.0249442849137311,NA,NA,0.200695148275406,NA,NA,0.200695148275406,0.789388179288607,0,125.543956525342,0.001445048058,81263.2971590817,1e-04,"1_262_1",1,262,1,262,6,0,31290.5843577169,14805.124704522,0,0,Inf,Inf,4,FALSE,0,0,0,0,NA
"32","display",4411.73176152042,306858.355493331,0.0611031257290699,3068.58355493331,0.0573817607436167,306858.355493331,0.0611031257290699,3068.58355493331,0.0573817607436167,TRUE,0.0812633037835251,0.0812633037835251,8231.32401621435,823132.401621435,NA,NA,0.583847799367827,0.583847799367827,1,0.0249442849137311,NA,NA,0.200695148275406,NA,NA,0.200695148275406,0.789388179288607,0,125.543956525342,0.001445048058,81263.2971590817,1e-04,"1_262_1",1,262,1,262,6,3068.58355493331,9763.22838054409,1531.90436432974,0.372793435040184,0.372793435040184,2.68245067108601,2.68245067108601,4,FALSE,0.658697401025889,0.107624153991352,0,1.73529762260276,0.197521970200777
"33","(Intercept)",41642.1164284585,4164211.64284585,0.82919804209404,41642.1164284585,0.782461524482205,4164211.64284585,0.82919804209404,41642.1164284585,0.782461524482205,TRUE,NA,NA,NA,NA,NA,NA,NA,NA,1,0.00065649832881487,NA,NA,0.203179344104124,NA,NA,0.203179344104124,0.240426647632106,0,505.044199529562,0.006115523046,81263.2971590817,1e-04,"1_273_1",1,273,1,273,1,NA,NA,NA,NA,NA,NA,NA,3,FALSE,NA,NA,NA,NA,NA
"34","competitors",-2987.40040719743,-299963.157689183,-0.0597301204619449,0,0,-299963.157689183,-0.0597301204619449,0,0,FALSE,NA,NA,NA,NA,NA,NA,NA,NA,1,0.00065649832881487,NA,NA,0.203179344104124,NA,NA,0.203179344104124,0.240426647632106,0,505.044199529562,0.006115523046,81263.2971590817,1e-04,"1_273_1",1,273,1,273,1,NA,NA,NA,NA,NA,NA,NA,3,FALSE,NA,NA,NA,NA,NA
"35","season",1471.12322008684,-2.22537382929131,-4.43127242426755e-07,-0.0224785235281947,-4.22374780546941e-07,-2.22537382929131,-4.43127242426755e-07,-0.0224785235281947,-4.22374780546941e-07,FALSE,NA,NA,NA,NA,NA,NA,NA,NA,1,0.00065649832881487,NA,NA,0.203179344104124,NA,NA,0.203179344104124,0.240426647632106,0,505.044199529562,0.006115523046,81263.2971590817,1e-04,"1_273_1",1,273,1,273,1,NA,NA,NA,NA,NA,NA,NA,3,FALSE,NA,NA,NA,NA,NA
"36","trend",2077.5691463987,311635.371959805,0.0620543484431835,3116.35371959805,0.0585567471444857,311635.371959805,0.0620543484431835,3116.35371959805,0.0585567471444857,TRUE,NA,NA,NA,NA,NA,NA,NA,NA,1,0.00065649832881487,NA,NA,0.203179344104124,NA,NA,0.203179344104124,0.240426647632106,0,505.044199529562,0.006115523046,81263.2971590817,1e-04,"1_273_1",1,273,1,273,1,NA,NA,NA,NA,NA,NA,NA,3,FALSE,NA,NA,NA,NA,NA
"37","tv",4453.35161276321,436961.829587888,0.087009961221973,4369.61829587888,0.0821057738281071,436961.829587888,0.087009961221973,4369.61829587888,0.0821057738281071,TRUE,0.458538882371808,0.458538882371808,46446.328651486,4644632.8651486,NA,NA,0.516446490639097,0.516446490639097,1,0.00065649832881487,NA,NA,0.203179344104124,NA,NA,0.203179344104124,0.240426647632106,0,505.044199529562,0.006115523046,81263.2971590817,1e-04,"1_273_1",1,273,1,273,1,4369.61829587888,54485.2407143454,8038.91206285942,0.0940788738904788,0.0940788738904788,10.6293789311737,10.6293789311737,3,FALSE,0.03559881205344,0.0048137479411895,0,0.0949683114842912,0.745358668906724
"38","paid_search",4371.41540084066,271663.031404657,0.0540948619019103,2716.63031404657,0.0510458852550241,271663.031404657,0.0540948619019103,2716.63031404657,0.0510458852550241,TRUE,0.297445999778094,0.297445999778094,30128.9055146277,3012890.55146277,NA,NA,0.321079347680402,0.321079347680402,1,0.00065649832881487,NA,NA,0.203179344104124,NA,NA,0.203179344104124,0.240426647632106,0,505.044199529562,0.006115523046,81263.2971590817,1e-04,"1_273_1",1,273,1,273,1,2716.63031404657,67494.4759929519,37365.5704783243,0.0901669100700534,0.0901669100700534,11.0905430742062,11.0905430742062,3,FALSE,0.050863949674026,0.0030520423666056,0.0133192347870684,0.0886217523500738,0.788446438202083
"39","social",0,0,0,0,0,0,0,0,0,TRUE,0.162751814066573,0.162751814066573,16485.459653195,1648545.9653195,NA,NA,0,0,1,0.00065649832881487,NA,NA,0.203179344104124,NA,NA,0.203179344104124,0.240426647632106,0,505.044199529562,0.006115523046,81263.2971590817,1e-04,"1_273_1",1,273,1,273,1,0,22350.2602671259,5864.80061393089,0,0,Inf,Inf,3,FALSE,0,0,0,0,NA
"40","display",2093.61386013795,137468.272580988,0.0273733499280801,1374.68272580988,0.025830491664959,137468.272580988,0.0273733499280801,1374.68272580988,0.025830491664959,TRUE,0.0812633037835251,0.0812633037835251,8231.32401621435,823132.401621435,NA,NA,0.162474161680501,0.162474161680501,1,0.00065649832881487,NA,NA,0.203179344104124,NA,NA,0.203179344104124,0.240426647632106,0,505.044199529562,0.006115523046,81263.2971590817,1e-04,"1_273_1",1,273,1,273,1,1374.68272580988,18046.9420238704,9815.61800765604,0.16700627057105,0.16700627057105,5.9877991202406,5.9877991202406,3,FALSE,0.11716472045816,0.00898151402797058,0.00659233408612599,0.228191688418101,0.686489273970579
"41","(Intercept)",32025.6525492452,3202565.25492452,0.63771034395528,32025.6525492452,0.599960021205826,3202565.25492452,0.63771034395528,32025.6525492452,0.599960021205826,TRUE,NA,NA,NA,NA,NA,NA,NA,NA,1,0.0320408401679435,NA,NA,0.199963474633986,NA,NA,0.199963474633986,1.10268544130534,0,418.09024539714,0.005045388638,81263.2971590817,1e-04,"1_298_1",1,298,1,298,4,NA,NA,NA,NA,NA,NA,NA,4,FALSE,NA,NA,NA,NA,NA
"42","competitors",-3147.01225198611,-315989.691277401,-0.0629214016485618,0,0,-315989.691277401,-0.0629214016485618,0,0,FALSE,NA,NA,NA,NA,NA,NA,NA,NA,1,0.0320408401679435,NA,NA,0.199963474633986,NA,NA,0.199963474633986,1.10268544130534,0,418.09024539714,0.005045388638,81263.2971590817,1e-04,"1_298_1",1,298,1,298,4,NA,NA,NA,NA,NA,NA,NA,4,FALSE,NA,NA,NA,NA,NA
"43","season",1488.91409646794,-2.25228615734044,-4.48486155863557e-07,-0.0227503652256607,-4.26199265799172e-07,-2.25228615734044,-4.48486155863557e-07,-0.0227503652256607,-4.26199265799172e-07,FALSE,NA,NA,NA,NA,NA,NA,NA,NA,1,0.0320408401679435,NA,NA,0.199963474633986,NA,NA,0.199963474633986,1.10268544130534,0,418.09024539714,0.005045388638,81263.2971590817,1e-04,"1_298_1",1,298,1,298,4,NA,NA,NA,NA,NA,NA,NA,4,FALSE,NA,NA,NA,NA,NA
"44","trend",2251.16453910847,337674.680866271,0.0672394220692606,3376.74680866271,0.0632590728265967,337674.680866271,0.0672394220692606,3376.74680866271,0.0632590728265967,TRUE,NA,NA,NA,NA,NA,NA,NA,NA,1,0.0320408401679435,NA,NA,0.199963474633986,NA,NA,0.199963474633986,1.10268544130534,0,418.09024539714,0.005045388638,81263.2971590817,1e-04,"1_298_1",1,298,1,298,4,NA,NA,NA,NA,NA,NA,NA,4,FALSE,NA,NA,NA,NA,NA
"45","tv",168.615372162569,8217.88167986934,0.00163638450289026,82.1788167986934,0.00153951600497133,8217.88167986934,0.00163638450289026,82.1788167986934,0.00153951600497133,TRUE,0.458538882371808,0.458538882371808,46446.328651486,4644632.8651486,NA,NA,0.00457126288760162,0.00457126288760162,1,0.0320408401679435,NA,NA,0.199963474633986,NA,NA,0.199963474633986,1.10268544130534,0,418.09024539714,0.005045388638,81263.2971590817,1e-04,"1_298_1",1,298,1,298,4,82.1788167986934,52085.4125141497,5639.08386266375,0.00176932858171265,0.00176932858171265,565.18614480982,565.18614480982,4,FALSE,0.013277257972778,0.00476704806588681,0,0.0605151866945884,0.0204580763767666
"46","paid_search",5402.91167042276,331208.673584272,0.065951879302886,3312.08673584272,0.0620477482922847,331208.673584272,0.065951879302886,3312.08673584272,0.0620477482922847,TRUE,0.297445999778094,0.297445999778094,30128.9055146277,3012890.55146277,NA,NA,0.184237492895081,0.184237492895081,1,0.0320408401679435,NA,NA,0.199963474633986,NA,NA,0.199963474633986,1.10268544130534,0,418.09024539714,0.005045388638,81263.2971590817,1e-04,"1_298_1",1,298,1,298,4,3312.08673584272,47201.6758116774,17072.7702970497,0.109930536117042,0.109930536117042,9.09665353524076,9.09665353524076,4,FALSE,0.133923584831066,0.0164877332129478,0,0.298121680466299,0.66060682532927
"47","social",0,0,0,0,0,0,0,0,0,TRUE,0.162751814066573,0.162751814066573,16485.459653195,1648545.9653195,NA,NA,0,0,1,0.0320408401679435,NA,NA,0.199963474633986,NA,NA,0.199963474633986,1.10268544130534,0,418.09024539714,0.005045388638,81263.2971590817,1e-04,"1_298_1",1,298,1,298,4,0,51955.4399263695,35469.9802731745,0,0,Inf,Inf,4,FALSE,0,0,0,0,NA
"48","display",15560.7280834144,1458300.21782481,0.290383820304401,14583.0021782481,0.273194067869588,1458300.21782481,0.290383820304401,14583.0021782481,0.273194067869588,TRUE,0.0812633037835251,0.0812633037835251,8231.32401621435,823132.401621435,NA,NA,0.811191244217318,0.811191244217318,1,0.0320408401679435,NA,NA,0.199963474633986,NA,NA,0.199963474633986,1.10268544130534,0,418.09024539714,0.005045388638,81263.2971590817,1e-04,"1_298_1",1,298,1,298,4,14583.0021782481,8928.9543914625,697.630375248147,1.77164720396403,1.77164720396403,0.564446464150718,0.564446464150718,4,FALSE,0.658697401025889,0.107624153991352,0,1.73529762260276,0.35428494075605
"49","(Intercept)",31065.2184871837,3106521.84871837,0.618585714562584,31065.2184871837,0.581940945339896,3106521.84871837,0.618585714562584,31065.2184871837,0.581940945339896,TRUE,NA,NA,NA,NA,NA,NA,NA,NA,1,0.0323387660462728,NA,NA,0.199932699121418,NA,NA,0.199932699121418,1.05370436151577,0,418.09024539714,0.005045388638,81263.2971590817,1e-04,"1_328_1",1,328,1,328,3,NA,NA,NA,NA,NA,NA,NA,4,FALSE,NA,NA,NA,NA,NA
"50","competitors",-3149.43864528452,-316233.324033772,-0.0629699149859949,0,0,-316233.324033772,-0.0629699149859949,0,0,FALSE,NA,NA,NA,NA,NA,NA,NA,NA,1,0.0323387660462728,NA,NA,0.199932699121418,NA,NA,0.199932699121418,1.05370436151577,0,418.09024539714,0.005045388638,81263.2971590817,1e-04,"1_328_1",1,328,1,328,3,NA,NA,NA,NA,NA,NA,NA,4,FALSE,NA,NA,NA,NA,NA
"51","season",1486.62502070638,-2.24882346351318,-4.47796647455197e-07,-0.0227153885203349,-4.25524599955425e-07,-2.24882346351318,-4.47796647455197e-07,-0.0227153885203349,-4.25524599955425e-07,FALSE,NA,NA,NA,NA,NA,NA,NA,NA,1,0.0323387660462728,NA,NA,0.199932699121418,NA,NA,0.199932699121418,1.05370436151577,0,418.09024539714,0.005045388638,81263.2971590817,1e-04,"1_328_1",1,328,1,328,3,NA,NA,NA,NA,NA,NA,NA,4,FALSE,NA,NA,NA,NA,NA
"52","trend",2244.04755521445,336607.133282168,0.0670268468107237,3366.07133282168,0.0630562033327374,336607.133282168,0.0670268468107237,3366.07133282168,0.0630562033327374,TRUE,NA,NA,NA,NA,NA,NA,NA,NA,1,0.0323387660462728,NA,NA,0.199932699121418,NA,NA,0.199932699121418,1.05370436151577,0,418.09024539714,0.005045388638,81263.2971590817,1e-04,"1_328_1",1,328,1,328,3,NA,NA,NA,NA,NA,NA,NA,4,FALSE,NA,NA,NA,NA,NA
"53","tv",161.964001590496,7893.71090190754,0.00157183404353697,78.9371090190754,0.00147871922625977,7893.71090190754,0.00157183404353697,78.9371090190754,0.00147871922625977,TRUE,0.458538882371808,0.458538882371808,46446.328651486,4644632.8651486,NA,NA,0.00416536782243953,0.00416536782243953,1,0.0323387660462728,NA,NA,0.199932699121418,NA,NA,0.199932699121418,1.05370436151577,0,418.09024539714,0.005045388638,81263.2971590817,1e-04,"1_328_1",1,328,1,328,3,78.9371090190754,52085.4125141497,5639.08386266375,0.0016995338772928,0.0016995338772928,588.396626487322,588.396626487322,4,FALSE,0.013277257972778,0.00476704806588681,0,0.0605151866945884,0.0204580763767666
"54","paid_search",7355.29394429905,430274.688067947,0.0856783851323986,4302.74688067947,0.0806028320172261,430274.688067947,0.0856783851323986,4302.74688067947,0.0806028320172261,TRUE,0.297445999778094,0.297445999778094,30128.9055146277,3012890.55146277,NA,NA,0.227048135250979,0.227048135250979,1,0.0323387660462728,NA,NA,0.199932699121418,NA,NA,0.199932699121418,1.05370436151577,0,418.09024539714,0.005045388638,81263.2971590817,1e-04,"1_328_1",1,328,1,328,3,4302.74688067947,47201.6758116774,17072.7702970497,0.142811257401649,0.142811257401649,7.00224910972915,7.00224910972915,4,FALSE,0.133923584831066,0.0164877332129478,0,0.298121680466299,0.730634238087058
"55","social",0,0,0,0,0,0,0,0,0,TRUE,0.162751814066573,0.162751814066573,16485.459653195,1648545.9653195,NA,NA,0,0,1,0.0323387660462728,NA,NA,0.199932699121418,NA,NA,0.199932699121418,1.05370436151577,0,418.09024539714,0.005045388638,81263.2971590817,1e-04,"1_328_1",1,328,1,328,3,0,51955.4399263695,35469.9802731745,0,0,Inf,Inf,4,FALSE,0,0,0,0,NA
"56","display",15545.9253802038,1456912.95720302,0.290107582233399,14569.1295720302,0.272921725608481,1456912.95720302,0.290107582233399,14569.1295720302,0.272921725608481,TRUE,0.0812633037835251,0.0812633037835251,8231.32401621435,823132.401621435,NA,NA,0.768786496926582,0.768786496926582,1,0.0323387660462728,NA,NA,0.199932699121418,NA,NA,0.199932699121418,1.05370436151577,0,418.09024539714,0.005045388638,81263.2971590817,1e-04,"1_328_1",1,328,1,328,3,14569.1295720302,8928.9543914625,697.630375248147,1.76996186073242,1.76996186073242,0.564983925465036,0.564983925465036,4,FALSE,0.658697401025889,0.107624153991352,0,1.73529762260276,0.35428494075605
"57","(Intercept)",41969.9381390487,4196993.81390487,0.835725787172615,41969.9381390487,0.787098192893904,4196993.81390487,0.835725787172615,41969.9381390487,0.787098192893904,TRUE,NA,NA,NA,NA,NA,NA,NA,NA,1,0.0247901012343988,NA,NA,0.200711015416497,NA,NA,0.200711015416497,0.78299123986614,0,114.095731870506,0.001304155798,81263.2971590817,1e-04,"1_329_1",1,329,1,329,5,NA,NA,NA,NA,NA,NA,NA,4,FALSE,NA,NA,NA,NA,NA
"58","competitors",-3089.96780637737,-310261.891283735,-0.0617808543018835,0,0,-310261.891283735,-0.0617808543018835,0,0,FALSE,NA,NA,NA,NA,NA,NA,NA,NA,1,0.0247901012343988,NA,NA,0.200711015416497,NA,NA,0.200711015416497,0.78299123986614,0,114.095731870506,0.001304155798,81263.2971590817,1e-04,"1_329_1",1,329,1,329,5,NA,NA,NA,NA,NA,NA,NA,4,FALSE,NA,NA,NA,NA,NA
"59","season",1878.11216412681,-2.84102759133632,-5.6571920889719e-07,-0.028697248397337,-5.38184075462243e-07,-2.84102759133632,-5.6571920889719e-07,-0.028697248397337,-5.38184075462243e-07,FALSE,NA,NA,NA,NA,NA,NA,NA,NA,1,0.0247901012343988,NA,NA,0.200711015416497,NA,NA,0.200711015416497,0.78299123986614,0,114.095731870506,0.001304155798,81263.2971590817,1e-04,"1_329_1",1,329,1,329,5,NA,NA,NA,NA,NA,NA,NA,4,FALSE,NA,NA,NA,NA,NA
"60","trend",3029.08182900561,454362.274350841,0.0904748222728743,4543.62274350841,0.0852104484585778,454362.274350841,0.0904748222728743,4543.62274350841,0.0852104484585778,TRUE,NA,NA,NA,NA,NA,NA,NA,NA,1,0.0247901012343988,NA,NA,0.200711015416497,NA,NA,0.200711015416497,0.78299123986614,0,114.095731870506,0.001304155798,81263.2971590817,1e-04,"1_329_1",1,329,1,329,5,NA,NA,NA,NA,NA,NA,NA,4,FALSE,NA,NA,NA,NA,NA
"61","tv",596.935428414528,39798.8901370099,0.00792494825180672,397.988901370099,0.00746382670430439,39798.8901370099,0.00792494825180672,397.988901370099,0.00746382670430439,TRUE,0.458538882371808,0.458538882371808,46446.328651486,4644632.8651486,NA,NA,0.0584518429869365,0.0584518429869365,1,0.0247901012343988,NA,NA,0.200711015416497,NA,NA,0.200711015416497,0.78299123986614,0,114.095731870506,0.001304155798,81263.2971590817,1e-04,"1_329_1",1,329,1,329,5,397.988901370099,51167.85686384,4721.52821235399,0.00856879139697872,0.00856879139697872,116.702572588311,116.702572588311,4,FALSE,0.013277257972778,0.00476704806588681,0,0.0605151866945884,0.0643132690006778
"62","paid_search",8761.61102480207,498978.887570171,0.0993590989377971,4989.78887570171,0.0935777840313952,498978.887570171,0.0993590989377971,4989.78887570171,0.0935777840313952,TRUE,0.297445999778094,0.297445999778094,30128.9055146277,3012890.55146277,NA,NA,0.732840425691305,0.732840425691305,1,0.0247901012343988,NA,NA,0.200711015416497,NA,NA,0.200711015416497,0.78299123986614,0,114.095731870506,0.001304155798,81263.2971590817,1e-04,"1_329_1",1,329,1,329,5,4989.78887570171,43585.7013120788,13456.7957974511,0.165614674362437,0.165614674362437,6.0381122859413,6.0381122859413,4,FALSE,0.133923584831066,0.0164877332129478,0,0.298121680466299,0.716196230197806
"63","social",0,0,0,0,0,0,0,0,0,TRUE,0.162751814066573,0.162751814066573,16485.459653195,1648545.9653195,NA,NA,0,0,1,0.0247901012343988,NA,NA,0.200711015416497,NA,NA,0.200711015416497,0.78299123986614,0,114.095731870506,0.001304155798,81263.2971590817,1e-04,"1_329_1",1,329,1,329,5,0,75626.3322027267,59140.8725495317,0,0,Inf,Inf,4,FALSE,0,0,0,0,NA
"64","display",3422.42407850885,142105.631664611,0.0282967633859992,1421.05631664611,0.0266502860958939,142105.631664611,0.0282967633859992,1421.05631664611,0.0266502860958939,TRUE,0.0812633037835251,0.0812633037835251,8231.32401621435,823132.401621435,NA,NA,0.208707731321759,0.208707731321759,1,0.0247901012343988,NA,NA,0.200711015416497,NA,NA,0.200711015416497,0.78299123986614,0,114.095731870506,0.001304155798,81263.2971590817,1e-04,"1_329_1",1,329,1,329,5,1421.05631664611,8603.13303026079,371.809014046445,0.172640065419228,0.172640065419228,5.79239817577492,5.79239817577492,4,FALSE,0.658697401025889,0.107624153991352,0,1.73529762260276,0.0117977044727966
"65","(Intercept)",45642.2349739182,4564223.49739182,0.90885034487115,45642.2349739182,0.856757414426106,4564223.49739182,0.90885034487115,45642.2349739182,0.856757414426106,TRUE,NA,NA,NA,NA,NA,NA,NA,NA,1,0.0253958891982385,NA,NA,0.200648666169608,NA,NA,0.200648666169608,0.798159994006572,0,202.340469000642,0.002390175755,81263.2971590817,1e-04,"1_358_1",1,358,1,358,5,NA,NA,NA,NA,NA,NA,NA,4,FALSE,NA,NA,NA,NA,NA
"66","competitors",-3041.03207456924,-305348.28258179,-0.060802432678605,0,0,-305348.28258179,-0.060802432678605,0,0,FALSE,NA,NA,NA,NA,NA,NA,NA,NA,1,0.0253958891982385,NA,NA,0.200648666169608,NA,NA,0.200648666169608,0.798159994006572,0,202.340469000642,0.002390175755,81263.2971590817,1e-04,"1_358_1",1,358,1,358,5,NA,NA,NA,NA,NA,NA,NA,4,FALSE,NA,NA,NA,NA,NA
"67","season",1752.16910100363,-2.65051302883869,-5.2778302414903e-07,-0.0267728588771581,-5.02557452795566e-07,-2.65051302883869,-5.2778302414903e-07,-0.0267728588771581,-5.02557452795566e-07,FALSE,NA,NA,NA,NA,NA,NA,NA,NA,1,0.0253958891982385,NA,NA,0.200648666169608,NA,NA,0.200648666169608,0.798159994006572,0,202.340469000642,0.002390175755,81263.2971590817,1e-04,"1_358_1",1,358,1,358,5,NA,NA,NA,NA,NA,NA,NA,4,FALSE,NA,NA,NA,NA,NA
"68","trend",2742.0725427651,411310.881414765,0.0819022198708458,4113.10881414765,0.0772077983226739,411310.881414765,0.0819022198708458,4113.10881414765,0.0772077983226739,TRUE,NA,NA,NA,NA,NA,NA,NA,NA,1,0.0253958891982385,NA,NA,0.200648666169608,NA,NA,0.200648666169608,0.798159994006572,0,202.340469000642,0.002390175755,81263.2971590817,1e-04,"1_358_1",1,358,1,358,5,NA,NA,NA,NA,NA,NA,NA,4,FALSE,NA,NA,NA,NA,NA
"69","tv",420.851249255767,20636.3559366673,0.0041092113961206,206.363559366673,0.00387368212042622,20636.3559366673,0.0041092113961206,206.363559366673,0.00387368212042622,TRUE,0.458538882371808,0.458538882371808,46446.328651486,4644632.8651486,NA,NA,0.058660787764385,0.058660787764385,1,0.0253958891982385,NA,NA,0.200648666169608,NA,NA,0.200648666169608,0.798159994006572,0,202.340469000642,0.002390175755,81263.2971590817,1e-04,"1_358_1",1,358,1,358,5,206.363559366673,52809.0658898938,6362.73723840782,0.00444305428132199,0.00444305428132199,225.070399027954,225.070399027954,4,FALSE,0.013277257972778,0.00476704806588681,0,0.0605151866945884,0.025675660379705
"70","paid_search",2195.54518680228,141140.973127167,0.0281046758940218,1411.40973127167,0.0264937892009708,141140.973127167,0.0281046758940218,1411.40973127167,0.0264937892009708,TRUE,0.297445999778094,0.297445999778094,30128.9055146277,3012890.55146277,NA,NA,0.401206525749073,0.401206525749073,1,0.0253958891982385,NA,NA,0.200648666169608,NA,NA,0.200648666169608,0.798159994006572,0,202.340469000642,0.002390175755,81263.2971590817,1e-04,"1_358_1",1,358,1,358,5,1411.40973127167,47201.6758116774,17072.7702970497,0.0468457020646313,0.0468457020646313,21.346675488401,21.346675488401,4,FALSE,0.133923584831066,0.0164877332129478,0,0.298121680466299,0.313301834066208
"71","social",0,0,0,0,0,0,0,0,0,TRUE,0.162751814066573,0.162751814066573,16485.459653195,1648545.9653195,NA,NA,0,0,1,0.0253958891982385,NA,NA,0.200648666169608,NA,NA,0.200648666169608,0.798159994006572,0,202.340469000642,0.002390175755,81263.2971590817,1e-04,"1_358_1",1,358,1,358,5,0,51955.4399263695,35469.9802731745,0,0,Inf,Inf,4,FALSE,0,0,0,0,NA
"72","display",3779.57259692021,190013.990540577,0.037836508429491,1900.13990540577,0.0356678184872759,190013.990540577,0.037836508429491,1900.13990540577,0.0356678184872759,TRUE,0.0812633037835251,0.0812633037835251,8231.32401621435,823132.401621435,NA,NA,0.540132686486542,0.540132686486542,1,0.0253958891982385,NA,NA,0.200648666169608,NA,NA,0.200648666169608,0.798159994006572,0,202.340469000642,0.002390175755,81263.2971590817,1e-04,"1_358_1",1,358,1,358,5,1900.13990540577,8579.93875819047,348.614741976126,0.230842559673608,0.230842559673608,4.33195681686217,4.33195681686217,4,FALSE,0.658697401025889,0.107624153991352,0,1.73529762260276,0.0210907975879751
"73","(Intercept)",33042.5937471043,3304259.37471043,0.657960170873617,33042.5937471043,0.621804834879429,3304259.37471043,0.657960170873617,33042.5937471043,0.621804834879429,TRUE,NA,NA,NA,NA,NA,NA,NA,NA,1,0.00929281474514465,NA,NA,0.202299502166532,NA,NA,0.202299502166532,0.451545888814545,0,505.044199529562,0.006115523046,81263.2971590817,1e-04,"1_363_1",1,363,1,363,6,NA,NA,NA,NA,NA,NA,NA,4,FALSE,NA,NA,NA,NA,NA
"74","competitors",-2908.16059441682,-292006.733635981,-0.0581457986712118,0,0,-292006.733635981,-0.0581457986712118,0,0,FALSE,NA,NA,NA,NA,NA,NA,NA,NA,1,0.00929281474514465,NA,NA,0.202299502166532,NA,NA,0.202299502166532,0.451545888814545,0,505.044199529562,0.006115523046,81263.2971590817,1e-04,"1_363_1",1,363,1,363,6,NA,NA,NA,NA,NA,NA,NA,4,FALSE,NA,NA,NA,NA,NA
"75","season",1452.24219007596,-2.1968124215985,-4.37439956244023e-07,-0.0221900244605907,-4.17578129649622e-07,-2.1968124215985,-4.37439956244023e-07,-0.0221900244605907,-4.17578129649622e-07,FALSE,NA,NA,NA,NA,NA,NA,NA,NA,1,0.00929281474514465,NA,NA,0.202299502166532,NA,NA,0.202299502166532,0.451545888814545,0,505.044199529562,0.006115523046,81263.2971590817,1e-04,"1_363_1",1,363,1,363,6,NA,NA,NA,NA,NA,NA,NA,4,FALSE,NA,NA,NA,NA,NA
"76","trend",2043.22088364938,306483.132547406,0.0610284095141427,3064.83132547406,0.057674859027576,306483.132547406,0.0610284095141427,3064.83132547406,0.057674859027576,TRUE,NA,NA,NA,NA,NA,NA,NA,NA,1,0.00929281474514465,NA,NA,0.202299502166532,NA,NA,0.202299502166532,0.451545888814545,0,505.044199529562,0.006115523046,81263.2971590817,1e-04,"1_363_1",1,363,1,363,6,NA,NA,NA,NA,NA,NA,NA,4,FALSE,NA,NA,NA,NA,NA
"77","tv",5163.67699369965,506658.791572013,0.100888358713231,5066.58791572013,0.0953444782951568,506658.791572013,0.100888358713231,5066.58791572013,0.0953444782951568,TRUE,0.458538882371808,0.458538882371808,46446.328651486,4644632.8651486,NA,NA,0.297467437372276,0.297467437372276,1,0.00929281474514465,NA,NA,0.202299502166532,NA,NA,0.202299502166532,0.451545888814545,0,505.044199529562,0.006115523046,81263.2971590817,1e-04,"1_363_1",1,363,1,363,6,5066.58791572013,54485.2407143454,8038.91206285942,0.109084788030023,0.109084788030023,9.16718103467162,9.16718103467162,4,FALSE,0.013277257972778,0.00476704806588681,0,0.0605151866945884,0.745358668906724
"78","paid_search",11001.3685967601,975205.867878439,0.194187727627309,9752.05867878439,0.183516986678065,975205.867878439,0.194187727627309,9752.05867878439,0.183516986678065,TRUE,0.297445999778094,0.297445999778094,30128.9055146277,3012890.55146277,NA,NA,0.572558880362336,0.572558880362336,1,0.00929281474514465,NA,NA,0.202299502166532,NA,NA,0.202299502166532,0.451545888814545,0,505.044199529562,0.006115523046,81263.2971590817,1e-04,"1_363_1",1,363,1,363,6,9752.05867878439,62099.9711265121,31971.0656118844,0.323677827395679,0.323677827395679,3.08949181983217,3.08949181983217,4,FALSE,0.133923584831066,0.0164877332129478,0,0.298121680466299,0.932657085957861
"79","social",0,0,0,0,0,0,0,0,0,TRUE,0.162751814066573,0.162751814066573,16485.459653195,1648545.9653195,NA,NA,0,0,1,0.00929281474514465,NA,NA,0.202299502166532,NA,NA,0.202299502166532,0.451545888814545,0,505.044199529562,0.006115523046,81263.2971590817,1e-04,"1_363_1",1,363,1,363,6,0,22350.2602671259,5864.80061393089,0,0,Inf,Inf,4,FALSE,0,0,0,0,NA
"80","display",4221.87096043668,221376.529056298,0.0440815693828682,2213.76529056298,0.041659258697903,221376.529056298,0.0440815693828682,2213.76529056298,0.041659258697903,TRUE,0.0812633037835251,0.0812633037835251,8231.32401621435,823132.401621435,NA,NA,0.129973682265388,0.129973682265388,1,0.00929281474514465,NA,NA,0.202299502166532,NA,NA,0.202299502166532,0.451545888814545,0,505.044199529562,0.006115523046,81263.2971590817,1e-04,"1_363_1",1,363,1,363,6,2213.76529056298,11995.8731153263,3764.54909911193,0.268944010246982,0.268944010246982,3.71824603597477,3.71824603597477,4,FALSE,0.658697401025889,0.107624153991352,0,1.73529762260276,0.422072654449593
"81","(Intercept)",42810.8201843122,4281082.01843122,0.852469838757082,42810.8201843122,0.805641836813019,4281082.01843122,0.852469838757082,42810.8201843122,0.805641836813019,TRUE,NA,NA,NA,NA,NA,NA,NA,NA,1,0.0303623571641426,NA,NA,0.200136772192379,NA,NA,0.200136772192379,0.885162398968208,0,633.688327165258,0.007698734629,81263.2971590817,1e-04,"1_366_1",1,366,1,366,5,NA,NA,NA,NA,NA,NA,NA,4,FALSE,NA,NA,NA,NA,NA
"82","competitors",-2907.12490685266,-291902.740842991,-0.0581250911213236,0,0,-291902.740842991,-0.0581250911213236,0,0,FALSE,NA,NA,NA,NA,NA,NA,NA,NA,1,0.0303623571641426,NA,NA,0.200136772192379,NA,NA,0.200136772192379,0.885162398968208,0,633.688327165258,0.007698734629,81263.2971590817,1e-04,"1_366_1",1,366,1,366,5,NA,NA,NA,NA,NA,NA,NA,4,FALSE,NA,NA,NA,NA,NA
"83","season",1318.45173019004,-1.99442707142854,-3.97140002614683e-07,-0.0201457279942281,-3.79115402025231e-07,-1.99442707142854,-3.97140002614683e-07,-0.0201457279942281,-3.79115402025231e-07,FALSE,NA,NA,NA,NA,NA,NA,NA,NA,1,0.0303623571641426,NA,NA,0.200136772192379,NA,NA,0.200136772192379,0.885162398968208,0,633.688327165258,0.007698734629,81263.2971590817,1e-04,"1_366_1",1,366,1,366,5,NA,NA,NA,NA,NA,NA,NA,4,FALSE,NA,NA,NA,NA,NA
"84","trend",1801.8141323693,270272.119855395,0.0538178968405029,2702.72119855395,0.0508615640023265,270272.119855395,0.0538178968405029,2702.72119855395,0.0508615640023265,TRUE,NA,NA,NA,NA,NA,NA,NA,NA,1,0.0303623571641426,NA,NA,0.200136772192379,NA,NA,0.200136772192379,0.885162398968208,0,633.688327165258,0.007698734629,81263.2971590817,1e-04,"1_366_1",1,366,1,366,5,NA,NA,NA,NA,NA,NA,NA,4,FALSE,NA,NA,NA,NA,NA
"85","tv",80.9879371882272,3694.88183917994,0.000735742812707526,36.9488183917994,0.000695326877389472,3694.88183917994,0.000735742812707526,36.9488183917994,0.000695326877389472,TRUE,0.458538882371808,0.458538882371808,46446.328651486,4644632.8651486,NA,NA,0.00484558550031293,0.00484558550031293,1,0.0303623571641426,NA,NA,0.200136772192379,NA,NA,0.200136772192379,0.885162398968208,0,633.688327165258,0.007698734629,81263.2971590817,1e-04,"1_366_1",1,366,1,366,5,36.9488183917994,54126.0298353935,7679.70118390756,0.000795516448007077,0.000795516448007077,1257.04503345618,1257.04503345618,4,FALSE,0.013277257972778,0.00476704806588681,0,0.0605151866945884,0.0587396015470544
"86","paid_search",5389.96911379802,310173.722227963,0.0617632976513841,3101.73722227963,0.05837050685575,310173.722227963,0.0617632976513841,3101.73722227963,0.05837050685575,TRUE,0.297445999778094,0.297445999778094,30128.9055146277,3012890.55146277,NA,NA,0.406771679426556,0.406771679426556,1,0.0303623571641426,NA,NA,0.200136772192379,NA,NA,0.200136772192379,0.885162398968208,0,633.688327165258,0.007698734629,81263.2971590817,1e-04,"1_366_1",1,366,1,366,5,3101.73722227963,55423.4407472429,25294.5352326152,0.102948884776904,0.102948884776904,9.71355835633438,9.71355835633438,4,FALSE,0.133923584831066,0.0164877332129478,0,0.298121680466299,0.71315005324848
"87","social",0,0,0,0,0,0,0,0,0,TRUE,0.162751814066573,0.162751814066573,16485.459653195,1648545.9653195,NA,NA,0,0,1,0.0303623571641426,NA,NA,0.200136772192379,NA,NA,0.200136772192379,0.885162398968208,0,633.688327165258,0.007698734629,81263.2971590817,1e-04,"1_366_1",1,366,1,366,5,0,42273.1826970886,25787.7230438936,0,0,Inf,Inf,4,FALSE,0,0,0,0,NA
"88","display",5594.03672105163,448656.758232485,0.0893387121996497,4486.56758232485,0.0844311445669168,448656.758232485,0.0893387121996497,4486.56758232485,0.0844311445669168,TRUE,0.0812633037835251,0.0812633037835251,8231.32401621435,823132.401621435,NA,NA,0.588382735073131,0.588382735073131,1,0.0303623571641426,NA,NA,0.200136772192379,NA,NA,0.200136772192379,0.885162398968208,0,633.688327165258,0.007698734629,81263.2971590817,1e-04,"1_366_1",1,366,1,366,5,4486.56758232485,8540.36439059939,309.04037438504,0.545060256829528,0.545060256829528,1.83465953987682,1.83465953987681,4,FALSE,0.658697401025889,0.107624153991352,0,1.73529762260276,0.0418592351322578
"89","(Intercept)",43630.8979400391,4363089.79400391,0.868799625226554,43630.8979400391,0.819403916565941,4363089.79400391,0.868799625226554,43630.8979400391,0.819403916565941,TRUE,NA,NA,NA,NA,NA,NA,NA,NA,1,0.0111492197899444,NA,NA,0.202109877060846,NA,NA,0.202109877060846,0.469345507776297,0,466.473654012327,0.005640838849,81263.2971590817,1e-04,"1_369_1",1,369,1,369,5,NA,NA,NA,NA,NA,NA,NA,3,FALSE,NA,NA,NA,NA,NA
"90","competitors",-3015.02739351845,-302737.167505317,-0.060282494766032,0,0,-302737.167505317,-0.060282494766032,0,0,FALSE,NA,NA,NA,NA,NA,NA,NA,NA,1,0.0111492197899444,NA,NA,0.202109877060846,NA,NA,0.202109877060846,0.469345507776297,0,466.473654012327,0.005640838849,81263.2971590817,1e-04,"1_369_1",1,369,1,369,5,NA,NA,NA,NA,NA,NA,NA,3,FALSE,NA,NA,NA,NA,NA
"91","season",1464.44912674806,-2.2152779022834,-4.41116892419097e-07,-0.0223765444675092,-4.20239533027419e-07,-2.2152779022834,-4.41116892419097e-07,-0.0223765444675092,-4.20239533027419e-07,FALSE,NA,NA,NA,NA,NA,NA,NA,NA,1,0.0111492197899444,NA,NA,0.202109877060846,NA,NA,0.202109877060846,0.469345507776297,0,466.473654012327,0.005640838849,81263.2971590817,1e-04,"1_369_1",1,369,1,369,5,NA,NA,NA,NA,NA,NA,NA,3,FALSE,NA,NA,NA,NA,NA
"92","trend",2054.20275606122,308130.413409183,0.0613564240778863,3081.30413409183,0.0578679971032338,308130.413409183,0.0613564240778863,3081.30413409183,0.0578679971032338,TRUE,NA,NA,NA,NA,NA,NA,NA,NA,1,0.0111492197899444,NA,NA,0.202109877060846,NA,NA,0.202109877060846,0.469345507776297,0,466.473654012327,0.005640838849,81263.2971590817,1e-04,"1_369_1",1,369,1,369,5,NA,NA,NA,NA,NA,NA,NA,3,FALSE,NA,NA,NA,NA,NA
"93","tv",2263.60363352893,223103.419465466,0.0444254361862408,2231.03419465466,0.0418996225932573,223103.419465466,0.0444254361862408,2231.03419465466,0.0418996225932573,TRUE,0.458538882371808,0.458538882371808,46446.328651486,4644632.8651486,NA,NA,0.341400899955032,0.341400899955032,1,0.0111492197899444,NA,NA,0.202109877060846,NA,NA,0.202109877060846,0.469345507776297,0,466.473654012327,0.005640838849,81263.2971590817,1e-04,"1_369_1",1,369,1,369,5,2231.03419465466,51341.4443253179,4895.11567383198,0.0480346726949166,0.0480346726949166,20.8182952833116,20.8182952833116,3,FALSE,0.03559881205344,0.0048137479411895,0,0.0949683114842912,0.448050206448647
"94","paid_search",3030.89971938114,171140.928880375,0.0340784127515623,1711.40928880375,0.0321408804379942,171140.928880375,0.0340784127515623,1711.40928880375,0.0321408804379942,TRUE,0.297445999778094,0.297445999778094,30128.9055146277,3012890.55146277,NA,NA,0.261886022540072,0.261886022540072,1,0.0111492197899444,NA,NA,0.202109877060846,NA,NA,0.202109877060846,0.469345507776297,0,466.473654012327,0.005640838849,81263.2971590817,1e-04,"1_369_1",1,369,1,369,5,1711.40928880375,45905.6823123415,15776.7767977138,0.0568029027132384,0.0568029027132384,17.6047341286124,17.6047341286124,3,FALSE,0.050863949674026,0.0030520423666056,0.0133192347870684,0.0886217523500738,0.346726745664457
"95","social",0,0,0,0,0,0,0,0,0,TRUE,0.162751814066573,0.162751814066573,16485.459653195,1648545.9653195,NA,NA,0,0,1,0.0111492197899444,NA,NA,0.202109877060846,NA,NA,0.202109877060846,0.469345507776297,0,466.473654012327,0.005640838849,81263.2971590817,1e-04,"1_369_1",1,369,1,369,5,0,27400.5135560816,10915.0539028866,0,0,Inf,Inf,3,FALSE,0,0,0,0,NA
"96","display",4391.35179939747,259249.592340467,0.0516230376406809,2592.49592340467,0.0486880035391066,259249.592340467,0.0516230376406809,2592.49592340467,0.0486880035391066,TRUE,0.0812633037835251,0.0812633037835251,8231.32401621435,823132.401621435,NA,NA,0.396713077504896,0.396713077504896,1,0.0111492197899444,NA,NA,0.202109877060846,NA,NA,0.202109877060846,0.469345507776297,0,466.473654012327,0.005640838849,81263.2971590817,1e-04,"1_369_1",1,369,1,369,5,2592.49592340467,13480.4596801224,5249.13566390803,0.314954911056578,0.314954911056578,3.17505765077707,3.17505765077707,3,FALSE,0.11716472045816,0.00898151402797058,0.00659233408612599,0.228191688418101,0.58049660832588
"97","(Intercept)",45542.3902054893,4554239.02054893,0.906862187361508,45542.3902054893,0.850538466125795,4554239.02054893,0.906862187361508,45542.3902054893,0.850538466125795,TRUE,NA,NA,NA,NA,NA,NA,NA,NA,1,0.0066359725105205,NA,NA,0.202570580243212,NA,NA,0.202570580243212,0.387500915695393,0,13.4969072832727,6.609520985e-05,81263.2971590817,1e-04,"1_376_1",1,376,1,376,6,NA,NA,NA,NA,NA,NA,NA,3,FALSE,NA,NA,NA,NA,NA
"98","competitors",-3312.05445441028,-332561.483954358,-0.0662212574724916,0,0,-332561.483954358,-0.0662212574724916,0,0,FALSE,NA,NA,NA,NA,NA,NA,NA,NA,1,0.0066359725105205,NA,NA,0.202570580243212,NA,NA,0.202570580243212,0.387500915695393,0,13.4969072832727,6.609520985e-05,81263.2971590817,1e-04,"1_376_1",1,376,1,376,6,NA,NA,NA,NA,NA,NA,NA,3,FALSE,NA,NA,NA,NA,NA
"99","season",2132.99569165917,-3.22659089694043,-6.42494446452538e-07,-0.0325918272418221,-6.08676940876834e-07,-3.22659089694043,-6.42494446452538e-07,-0.0325918272418221,-6.08676940876834e-07,FALSE,NA,NA,NA,NA,NA,NA,NA,NA,1,0.0066359725105205,NA,NA,0.202570580243212,NA,NA,0.202570580243212,0.387500915695393,0,13.4969072832727,6.609520985e-05,81263.2971590817,1e-04,"1_376_1",1,376,1,376,6,NA,NA,NA,NA,NA,NA,NA,3,FALSE,NA,NA,NA,NA,NA
"100","trend",3685.52644904949,552828.967357424,0.110081988299799,5528.28967357424,0.103244976779769,552828.967357424,0.110081988299799,5528.28967357424,0.103244976779769,TRUE,NA,NA,NA,NA,NA,NA,NA,NA,1,0.0066359725105205,NA,NA,0.202570580243212,NA,NA,0.202570580243212,0.387500915695393,0,13.4969072832727,6.609520985e-05,81263.2971590817,1e-04,"1_376_1",1,376,1,376,6,NA,NA,NA,NA,NA,NA,NA,3,FALSE,NA,NA,NA,NA,NA
"101","tv",1517.01945717192,84443.1317208465,0.0168147264108226,844.431317208466,0.0157703913660751,84443.1317208465,0.0168147264108226,844.431317208466,0.0157703913660751,TRUE,0.458538882371808,0.458538882371808,46446.328651486,4644632.8651486,NA,NA,0.341223679619097,0.341223679619097,1,0.0066359725105205,NA,NA,0.202570580243212,NA,NA,0.202570580243212,0.387500915695393,0,13.4969072832727,6.609520985e-05,81263.2971590817,1e-04,"1_376_1",1,376,1,376,6,844.431317208466,51777.9431651634,5331.61451367742,0.0181807979602592,0.0181807979602592,55.0030863433973,55.0030863433973,3,FALSE,0.03559881205344,0.0048137479411895,0,0.0949683114842912,0.158209905393343
"102","paid_search",1012.15309879741,85697.1562267741,0.0170644338594917,856.971562267741,0.0160045898951693,85697.1562267741,0.0170644338594917,856.971562267741,0.0160045898951693,TRUE,0.297445999778094,0.297445999778094,30128.9055146277,3012890.55146277,NA,NA,0.346291029059188,0.346291029059188,1,0.0066359725105205,NA,NA,0.202570580243212,NA,NA,0.202570580243212,0.387500915695393,0,13.4969072832727,6.609520985e-05,81263.2971590817,1e-04,"1_376_1",1,376,1,376,6,856.971562267741,60150.0462308406,30021.1407162129,0.0284435012699574,0.0284435012699574,35.1574157663993,35.1574157663993,3,FALSE,0.050863949674026,0.0030520423666056,0.0133192347870684,0.0886217523500738,0.764977814710726
"103","social",0,0,0,0,0,0,0,0,0,TRUE,0.162751814066573,0.162751814066573,16485.459653195,1648545.9653195,NA,NA,0,0,1,0.0066359725105205,NA,NA,0.202570580243212,NA,NA,0.202570580243212,0.387500915695393,0,13.4969072832727,6.609520985e-05,81263.2971590817,1e-04,"1_376_1",1,376,1,376,6,0,35509.072531902,19023.612878707,0,0,Inf,Inf,3,FALSE,0,0,0,0,NA
"104","display",2410.28014726257,77331.2000074624,0.015398564035316,773.312000074624,0.0144421845101328,77331.2000074624,0.015398564035316,773.312000074624,0.0144421845101328,TRUE,0.0812633037835251,0.0812633037835251,8231.32401621435,823132.401621435,NA,NA,0.312485291321715,0.312485291321715,1,0.0066359725105205,NA,NA,0.202570580243212,NA,NA,0.202570580243212,0.387500915695393,0,13.4969072832727,6.609520985e-05,81263.2971590817,1e-04,"1_376_1",1,376,1,376,6,773.312000074624,15115.5095346214,6884.18551840707,0.0939474619819761,0.0939474619819761,10.6442471026184,10.6442471026184,3,FALSE,0.11716472045816,0.00898151402797058,0.00659233408612599,0.228191688418101,0.288093911850867
"105","(Intercept)",30916.0195941722,3091601.95941722,0.615614793759837,30916.0195941722,0.579286318828979,3091601.95941722,0.615614793759837,30916.0195941722,0.579286318828979,TRUE,NA,NA,NA,NA,NA,NA,NA,NA,1,0.0315071331471808,NA,NA,0.200018594316656,NA,NA,0.200018594316656,1.04119207952975,0,418.09024539714,0.005045388638,81263.2971590817,1e-04,"1_388_1",1,388,1,388,4,NA,NA,NA,NA,NA,NA,NA,4,FALSE,NA,NA,NA,NA,NA
"106","competitors",-3136.56268292914,-314940.456054943,-0.0627124728363932,0,0,-314940.456054943,-0.0627124728363932,0,0,FALSE,NA,NA,NA,NA,NA,NA,NA,NA,1,0.0315071331471808,NA,NA,0.200018594316656,NA,NA,0.200018594316656,1.04119207952975,0,418.09024539714,0.005045388638,81263.2971590817,1e-04,"1_388_1",1,388,1,388,4,NA,NA,NA,NA,NA,NA,NA,4,FALSE,NA,NA,NA,NA,NA
"107","season",1476.96385251216,-2.23420897672815,-4.44886539884372e-07,-0.022567767441698,-4.22861645745433e-07,-2.23420897672815,-4.44886539884372e-07,-0.022567767441698,-4.22861645745433e-07,FALSE,NA,NA,NA,NA,NA,NA,NA,NA,1,0.0315071331471808,NA,NA,0.200018594316656,NA,NA,0.200018594316656,1.04119207952975,0,418.09024539714,0.005045388638,81263.2971590817,1e-04,"1_388_1",1,388,1,388,4,NA,NA,NA,NA,NA,NA,NA,4,FALSE,NA,NA,NA,NA,NA
"108","trend",2210.14479291267,331521.718936901,0.0660142144135264,3315.21718936901,0.0621186034605225,331521.718936901,0.0660142144135264,3315.21718936901,0.0621186034605225,TRUE,NA,NA,NA,NA,NA,NA,NA,NA,1,0.0315071331471808,NA,NA,0.200018594316656,NA,NA,0.200018594316656,1.04119207952975,0,418.09024539714,0.005045388638,81263.2971590817,1e-04,"1_388_1",1,388,1,388,4,NA,NA,NA,NA,NA,NA,NA,4,FALSE,NA,NA,NA,NA,NA
"109","tv",229.291691168859,19929.7771115214,0.00396851398958923,199.297771115214,0.00373432523641935,19929.7771115214,0.00396851398958923,199.297771115214,0.00373432523641935,TRUE,0.458538882371808,0.458538882371808,46446.328651486,4644632.8651486,NA,NA,0.0104137537433157,0.0104137537433157,1,0.0315071331471808,NA,NA,0.200018594316656,NA,NA,0.200018594316656,1.04119207952975,0,418.09024539714,0.005045388638,81263.2971590817,1e-04,"1_388_1",1,388,1,388,4,199.297771115214,50161.7251355153,3715.39648402935,0.00429092625620986,0.00429092625620986,233.049915167568,233.049915167568,4,FALSE,0.013277257972778,0.00476704806588681,0,0.0605151866945884,0.0278235792771644
"110","paid_search",7440.64355957938,437819.974294239,0.0871808391627142,4378.19974294239,0.0820361497204241,437819.974294239,0.0871808391627142,4378.19974294239,0.0820361497204241,TRUE,0.297445999778094,0.297445999778094,30128.9055146277,3012890.55146277,NA,NA,0.228770716837033,0.228770716837033,1,0.0315071331471808,NA,NA,0.200018594316656,NA,NA,0.200018594316656,1.04119207952975,0,418.09024539714,0.005045388638,81263.2971590817,1e-04,"1_388_1",1,388,1,388,4,4378.19974294239,51841.0469699926,21712.1414553649,0.145315592058821,0.145315592058821,6.88157399926651,6.88157399926652,4,FALSE,0.133923584831066,0.0164877332129478,0,0.298121680466299,0.76938345125802
"111","social",0,0,0,0,0,0,0,0,0,TRUE,0.162751814066573,0.162751814066573,16485.459653195,1648545.9653195,NA,NA,0,0,1,0.0315071331471808,NA,NA,0.200018594316656,NA,NA,0.200018594316656,1.04119207952975,0,418.09024539714,0.005045388638,81263.2971590817,1e-04,"1_388_1",1,388,1,388,4,0,29174.3945441023,12688.9348909073,0,0,Inf,Inf,4,FALSE,0,0,0,0,NA
"112","display",15536.653486251,1456044.02582021,0.289934556397267,14560.4402582021,0.272825025615301,1456044.02582021,0.289934556397267,14560.4402582021,0.272825025615301,TRUE,0.0812633037835251,0.0812633037835251,8231.32401621435,823132.401621435,NA,NA,0.760815529419651,0.760815529419651,1,0.0315071331471808,NA,NA,0.200018594316656,NA,NA,0.200018594316656,1.04119207952975,0,418.09024539714,0.005045388638,81263.2971590817,1e-04,"1_388_1",1,388,1,388,4,14560.4402582021,8928.9543914625,697.630375248147,1.76890622086076,1.76890622086076,0.565321094022381,0.565321094022381,4,FALSE,0.658697401025889,0.107624153991352,0,1.73529762260276,0.35428494075605
"113","(Intercept)",45315.4246248719,4531542.46248719,0.902342738514715,45315.4246248719,0.846953529853999,4531542.46248719,0.902342738514715,45315.4246248719,0.846953529853999,TRUE,NA,NA,NA,NA,NA,NA,NA,NA,1,0.00593844078671657,NA,NA,0.202641689426762,NA,NA,0.202641689426762,0.289593553137675,0,32.0904615127364,0.0002949243913,81263.2971590817,1e-04,"1_394_1",1,394,1,394,3,NA,NA,NA,NA,NA,NA,NA,3,FALSE,NA,NA,NA,NA,NA
"114","competitors",-3270.88794396581,-328427.978303687,-0.0653981737566556,0,0,-328427.978303687,-0.0653981737566556,0,0,FALSE,NA,NA,NA,NA,NA,NA,NA,NA,1,0.00593844078671657,NA,NA,0.202641689426762,NA,NA,0.202641689426762,0.289593553137675,0,32.0904615127364,0.0002949243913,81263.2971590817,1e-04,"1_394_1",1,394,1,394,3,NA,NA,NA,NA,NA,NA,NA,3,FALSE,NA,NA,NA,NA,NA
"115","season",2114.32745558478,-3.19835138346468,-6.36871257409297e-07,-0.0323065796309569,-6.03815850396559e-07,-3.19835138346468,-6.36871257409297e-07,-0.0323065796309569,-6.03815850396559e-07,FALSE,NA,NA,NA,NA,NA,NA,NA,NA,1,0.00593844078671657,NA,NA,0.202641689426762,NA,NA,0.202641689426762,0.289593553137675,0,32.0904615127364,0.0002949243913,81263.2971590817,1e-04,"1_394_1",1,394,1,394,3,NA,NA,NA,NA,NA,NA,NA,3,FALSE,NA,NA,NA,NA,NA
"116","trend",3636.9798317617,545546.974764255,0.108631962576161,5455.46974764254,0.101963722022402,545546.974764255,0.108631962576161,5455.46974764254,0.101963722022402,TRUE,NA,NA,NA,NA,NA,NA,NA,NA,1,0.00593844078671657,NA,NA,0.202641689426762,NA,NA,0.202641689426762,0.289593553137675,0,32.0904615127364,0.0002949243913,81263.2971590817,1e-04,"1_394_1",1,394,1,394,3,NA,NA,NA,NA,NA,NA,NA,3,FALSE,NA,NA,NA,NA,NA
"117","tv",1410.5239593573,111028.553430537,0.0221085446699863,1110.28553430537,0.0207514386152223,111028.553430537,0.0221085446699863,1110.28553430537,0.0207514386152223,TRUE,0.458538882371808,0.458538882371808,46446.328651486,4644632.8651486,NA,NA,0.406227035371907,0.406227035371907,1,0.00593844078671657,NA,NA,0.202641689426762,NA,NA,0.202641689426762,0.289593553137675,0,32.0904615127364,0.0002949243913,81263.2971590817,1e-04,"1_394_1",1,394,1,394,3,1110.28553430537,51406.0058317151,4959.67718022914,0.0239046996079386,0.0239046996079386,41.8327783407036,41.8327783407036,3,FALSE,0.03559881205344,0.0048137479411895,0,0.0949683114842912,0.0796429587296079
"118","paid_search",1302.42861599708,103659.219691176,0.0206411271532245,1036.59219691176,0.0193740967333153,103659.219691176,0.0206411271532245,1036.59219691176,0.0193740967333153,TRUE,0.297445999778094,0.297445999778094,30128.9055146277,3012890.55146277,NA,NA,0.379264398238393,0.379264398238393,1,0.00593844078671657,NA,NA,0.202641689426762,NA,NA,0.202641689426762,0.289593553137675,0,32.0904615127364,0.0002949243913,81263.2971590817,1e-04,"1_394_1",1,394,1,394,3,1036.59219691176,66516.1533273895,36387.2478127618,0.0344052390621522,0.0344052390621522,29.0653408393276,29.0653408393276,3,FALSE,0.050863949674026,0.0030520423666056,0.0133192347870684,0.0886217523500738,0.796834557469298
"119","social",0,0,0,0,0,0,0,0,0,TRUE,0.162751814066573,0.162751814066573,16485.459653195,1648545.9653195,NA,NA,0,0,1,0.00593844078671657,NA,NA,0.202641689426762,NA,NA,0.202641689426762,0.289593553137675,0,32.0904615127364,0.0002949243913,81263.2971590817,1e-04,"1_394_1",1,394,1,394,3,0,40191.6495505274,23706.1898973324,0,0,Inf,Inf,3,FALSE,0,0,0,0,NA
"120","display",2337.41984727413,58628.7315980882,0.0116744377138257,586.287315980882,0.0109578165909118,58628.7315980882,0.0116744377138257,586.287315980882,0.0109578165909118,TRUE,0.0812633037835251,0.0812633037835251,8231.32401621435,823132.401621435,NA,NA,0.2145085663897,0.2145085663897,1,0.00593844078671657,NA,NA,0.202641689426762,NA,NA,0.202641689426762,0.289593553137675,0,32.0904615127364,0.0002949243913,81263.2971590817,1e-04,"1_394_1",1,394,1,394,3,586.287315980882,15222.6767152354,6991.3526990211,0.0712263683006516,0.0712263683006516,14.0397443230424,14.0397443230424,3,FALSE,0.11716472045816,0.00898151402797058,0.00659233408612599,0.228191688418101,0.229485393835048
"121","(Intercept)",42806.2286638026,4280622.86638026,0.852378410171233,42806.2286638026,0.805542449987351,4280622.86638026,0.852378410171233,42806.2286638026,0.805542449987351,TRUE,NA,NA,NA,NA,NA,NA,NA,NA,1,0.0303742221755927,NA,NA,0.200135547697654,NA,NA,0.200135547697654,0.884444767761016,0,633.688327165258,0.007698734629,81263.2971590817,1e-04,"1_396_1",1,396,1,396,4,NA,NA,NA,NA,NA,NA,NA,4,FALSE,NA,NA,NA,NA,NA
"122","competitors",-2907.97770004117,-291988.369316852,-0.0581421418788169,0,0,-291988.369316852,-0.0581421418788169,0,0,FALSE,NA,NA,NA,NA,NA,NA,NA,NA,1,0.0303742221755927,NA,NA,0.200135547697654,NA,NA,0.200135547697654,0.884444767761016,0,633.688327165258,0.007698734629,81263.2971590817,1e-04,"1_396_1",1,396,1,396,4,NA,NA,NA,NA,NA,NA,NA,4,FALSE,NA,NA,NA,NA,NA
"123","season",1318.96044018813,-1.9951965990259,-3.97293234686393e-07,-0.0201535010002613,-3.79255568134203e-07,-1.9951965990259,-3.97293234686393e-07,-0.0201535010002613,-3.79255568134203e-07,FALSE,NA,NA,NA,NA,NA,NA,NA,NA,1,0.0303742221755927,NA,NA,0.200135547697654,NA,NA,0.200135547697654,0.884444767761016,0,633.688327165258,0.007698734629,81263.2971590817,1e-04,"1_396_1",1,396,1,396,4,NA,NA,NA,NA,NA,NA,NA,4,FALSE,NA,NA,NA,NA,NA
"124","trend",1803.72967832328,270559.451748492,0.0538751117622268,2705.59451748492,0.0509148155378176,270559.451748492,0.0538751117622268,2705.59451748492,0.0509148155378176,TRUE,NA,NA,NA,NA,NA,NA,NA,NA,1,0.0303742221755927,NA,NA,0.200135547697654,NA,NA,0.200135547697654,0.884444767761016,0,633.688327165258,0.007698734629,81263.2971590817,1e-04,"1_396_1",1,396,1,396,4,NA,NA,NA,NA,NA,NA,NA,4,FALSE,NA,NA,NA,NA,NA
"125","tv",89.7581318567273,4113.41866930084,0.000819083898571096,41.1341866930084,0.000774077384559287,4113.41866930084,0.000819083898571096,41.1341866930084,0.000774077384559287,TRUE,0.458538882371808,0.458538882371808,46446.328651486,4644632.8651486,NA,NA,0.00539264729907664,0.00539264729907664,1,0.0303742221755927,NA,NA,0.200135547697654,NA,NA,0.200135547697654,0.884444767761016,0,633.688327165258,0.007698734629,81263.2971590817,1e-04,"1_396_1",1,396,1,396,4,41.1341866930084,54183.3455062417,7737.01685475577,0.000885628377684323,0.000885628377684323,1129.1417768418,1129.1417768418,4,FALSE,0.013277257972778,0.00476704806588681,0,0.0605151866945884,0.0417630495165716
"126","paid_search",5387.82290216993,310050.215314413,0.0617387043550571,3100.50215314413,0.0583463243223472,310050.215314413,0.0617387043550571,3100.50215314413,0.0583463243223472,TRUE,0.297445999778094,0.297445999778094,30128.9055146277,3012890.55146277,NA,NA,0.406472472318892,0.406472472318892,1,0.0303742221755927,NA,NA,0.200135547697654,NA,NA,0.200135547697654,0.884444767761016,0,633.688327165258,0.007698734629,81263.2971590817,1e-04,"1_396_1",1,396,1,396,4,3100.50215314413,55423.4407472429,25294.5352326152,0.102907891945787,0.102907891945787,9.7174277025013,9.7174277025013,4,FALSE,0.133923584831066,0.0164877332129478,0,0.298121680466299,0.71315005324848
"127","social",0,0,0,0,0,0,0,0,0,TRUE,0.162751814066573,0.162751814066573,16485.459653195,1648545.9653195,NA,NA,0,0,1,0.0303742221755927,NA,NA,0.200135547697654,NA,NA,0.200135547697654,0.884444767761016,0,633.688327165258,0.007698734629,81263.2971590817,1e-04,"1_396_1",1,396,1,396,4,0,25231.3615220528,8745.90186885778,0,0,Inf,Inf,4,FALSE,0,0,0,0,NA
"128","display",5593.56815175265,448619.177717167,0.0893312289849634,4486.19177717167,0.0844227120234926,448619.177717167,0.0893312289849634,4486.19177717167,0.0844227120234926,TRUE,0.0812633037835251,0.0812633037835251,8231.32401621435,823132.401621435,NA,NA,0.588134880382031,0.588134880382031,1,0.0303742221755927,NA,NA,0.200135547697654,NA,NA,0.200135547697654,0.884444767761016,0,633.688327165258,0.007698734629,81263.2971590817,1e-04,"1_396_1",1,396,1,396,4,4486.19177717167,8540.36439059939,309.04037438504,0.545014601336871,0.545014601336871,1.83481322802562,1.83481322802562,4,FALSE,0.658697401025889,0.107624153991352,0,1.73529762260276,0.0418592351322578
"129","(Intercept)",39829.0575342355,3982905.75342355,0.793095533042327,39829.0575342355,0.744613204831321,3982905.75342355,0.793095533042327,39829.0575342355,0.744613204831321,TRUE,NA,NA,NA,NA,NA,NA,NA,NA,1,0.0278028914033082,NA,NA,0.200400739682937,NA,NA,0.200400739682937,0.712168195761965,0,51.0690763059586,0.0005284924781,81263.2971590817,1e-04,"1_413_1",1,413,1,413,1,NA,NA,NA,NA,NA,NA,NA,4,TRUE,NA,NA,NA,NA,NA
"130","competitors",-3256.51301619217,-326984.600068836,-0.0651107612740562,0,0,-326984.600068836,-0.0651107612740562,0,0,FALSE,NA,NA,NA,NA,NA,NA,NA,NA,1,0.0278028914033082,NA,NA,0.200400739682937,NA,NA,0.200400739682937,0.712168195761965,0,51.0690763059586,0.0005284924781,81263.2971590817,1e-04,"1_413_1",1,413,1,413,1,NA,NA,NA,NA,NA,NA,NA,4,TRUE,NA,NA,NA,NA,NA
"131","season",1946.66345919921,-2.94472540259776,-5.86368020591271e-07,-0.0297447010363403,-5.56083887909751e-07,-2.94472540259776,-5.86368020591271e-07,-0.0297447010363403,-5.56083887909751e-07,FALSE,NA,NA,NA,NA,NA,NA,NA,NA,1,0.0278028914033082,NA,NA,0.200400739682937,NA,NA,0.200400739682937,0.712168195761965,0,51.0690763059586,0.0005284924781,81263.2971590817,1e-04,"1_413_1",1,413,1,413,1,NA,NA,NA,NA,NA,NA,NA,4,TRUE,NA,NA,NA,NA,NA
"132","trend",3228.78687873756,484318.031810634,0.0964397581516205,4843.18031810634,0.0905443473057655,484318.031810634,0.0964397581516205,4843.18031810634,0.0905443473057655,TRUE,NA,NA,NA,NA,NA,NA,NA,NA,1,0.0278028914033082,NA,NA,0.200400739682937,NA,NA,0.200400739682937,0.712168195761965,0,51.0690763059586,0.0005284924781,81263.2971590817,1e-04,"1_413_1",1,413,1,413,1,NA,NA,NA,NA,NA,NA,NA,4,TRUE,NA,NA,NA,NA,NA
"133","tv",977.978877910475,65585.0502478408,0.0130596136605062,655.850502478408,0.0122612729191724,65585.0502478408,0.0130596136605062,655.850502478408,0.0122612729191724,TRUE,0.458538882371808,0.458538882371808,46446.328651486,4644632.8651486,NA,NA,0.0743815183271557,0.0743815183271557,1,0.0278028914033082,NA,NA,0.200400739682937,NA,NA,0.200400739682937,0.712168195761965,0,51.0690763059586,0.0005284924781,81263.2971590817,1e-04,"1_413_1",1,413,1,413,1,655.850502478408,55238.715484522,8792.38683303606,0.0141206102079594,0.0141206102079594,70.8184692639083,70.8184692639083,4,TRUE,0.013277257972778,0.00476704806588681,0,0.0605151866945884,0.19211738481744
"134","paid_search",7909.6421931509,483890.772243886,0.0963546801520857,4838.90772243886,0.0904644701670667,483890.772243886,0.0963546801520857,4838.90772243886,0.0904644701670667,TRUE,0.297445999778094,0.297445999778094,30128.9055146277,3012890.55146277,NA,NA,0.548791686641805,0.548791686641805,1,0.0278028914033082,NA,NA,0.200400739682937,NA,NA,0.200400739682937,0.712168195761965,0,51.0690763059586,0.0005284924781,81263.2971590817,1e-04,"1_413_1",1,413,1,413,1,4838.90772243886,43211.4710105819,13082.5654959542,0.16060682058595,0.16060682058595,6.22638563139253,6.22638563139253,4,TRUE,0.133923584831066,0.0164877332129478,0,0.298121680466299,0.71325460764945
"135","social",0,0,0,0,0,0,0,0,0,TRUE,0.162751814066573,0.162751814066573,16485.459653195,1648545.9653195,NA,NA,0,0,1,0.0278028914033082,NA,NA,0.200400739682937,NA,NA,0.200400739682937,0.712168195761965,0,51.0690763059586,0.0005284924781,81263.2971590817,1e-04,"1_413_1",1,413,1,413,1,0,48156.9335982119,31671.4739450169,0,0,Inf,Inf,4,TRUE,0,0,0,0,NA
"136","display",5502.3822363078,332262.702384507,0.0661617626355373,3322.62702384507,0.0621172608605619,332262.702384507,0.0661617626355373,3322.62702384507,0.0621172608605619,TRUE,0.0812633037835251,0.0812633037835251,8231.32401621435,823132.401621435,NA,NA,0.376826795031039,0.376826795031039,1,0.0278028914033082,NA,NA,0.200400739682937,NA,NA,0.200400739682937,0.712168195761965,0,51.0690763059586,0.0005284924781,81263.2971590817,1e-04,"1_413_1",1,413,1,413,1,3322.62702384507,9137.98205019012,906.658033975768,0.403656449108314,0.403656449108314,2.47735420110101,2.47735420110101,4,TRUE,0.658697401025889,0.107624153991352,0,1.73529762260276,0.210352520126169
"137","(Intercept)",43975.1459457966,4397514.59457966,0.875654458670461,43975.1459457966,0.825489351731238,4397514.59457966,0.875654458670461,43975.1459457966,0.825489351731238,TRUE,NA,NA,NA,NA,NA,NA,NA,NA,1,0.0181292921642853,NA,NA,0.201395290012413,NA,NA,0.201395290012413,0.47477130682616,0,283.953408459804,0.003394578781,81263.2971590817,1e-04,"1_415_1",1,415,1,415,4,NA,NA,NA,NA,NA,NA,NA,3,FALSE,NA,NA,NA,NA,NA
"138","competitors",-3039.41742485146,-305186.15653175,-0.0607701493523009,0,0,-305186.15653175,-0.0607701493523009,0,0,FALSE,NA,NA,NA,NA,NA,NA,NA,NA,1,0.0181292921642853,NA,NA,0.201395290012413,NA,NA,0.201395290012413,0.47477130682616,0,283.953408459804,0.003394578781,81263.2971590817,1e-04,"1_415_1",1,415,1,415,4,NA,NA,NA,NA,NA,NA,NA,3,FALSE,NA,NA,NA,NA,NA
"139","season",1693.80769915497,-2.5622295087771,-5.10203580964386e-07,-0.0258811061492636,-4.85833010391297e-07,-2.5622295087771,-5.10203580964386e-07,-0.0258811061492636,-4.85833010391297e-07,FALSE,NA,NA,NA,NA,NA,NA,NA,NA,1,0.0181292921642853,NA,NA,0.201395290012413,NA,NA,0.201395290012413,0.47477130682616,0,283.953408459804,0.003394578781,81263.2971590817,1e-04,"1_415_1",1,415,1,415,4,NA,NA,NA,NA,NA,NA,NA,3,FALSE,NA,NA,NA,NA,NA
"140","trend",2632.50304699353,394875.457049029,0.0786295183671971,3948.75457049029,0.0741249353568404,394875.457049029,0.0786295183671971,3948.75457049029,0.0741249353568404,TRUE,NA,NA,NA,NA,NA,NA,NA,NA,1,0.0181292921642853,NA,NA,0.201395290012413,NA,NA,0.201395290012413,0.47477130682616,0,283.953408459804,0.003394578781,81263.2971590817,1e-04,"1_415_1",1,415,1,415,4,NA,NA,NA,NA,NA,NA,NA,3,FALSE,NA,NA,NA,NA,NA
"141","tv",1674.00432453266,132520.585413652,0.0263881424353014,1325.20585413652,0.0248764000190014,132520.585413652,0.0263881424353014,1325.20585413652,0.0248764000190014,TRUE,0.458538882371808,0.458538882371808,46446.328651486,4644632.8651486,NA,NA,0.247806972771317,0.247806972771317,1,0.0181292921642853,NA,NA,0.201395290012413,NA,NA,0.201395290012413,0.47477130682616,0,283.953408459804,0.003394578781,81263.2971590817,1e-04,"1_415_1",1,415,1,415,4,1325.20585413652,54318.4983747012,7872.16972321519,0.0285319828845961,0.0285319828845961,35.0483877704792,35.0483877704792,3,FALSE,0.03559881205344,0.0048137479411895,0,0.0949683114842912,0.59387265028255
"142","paid_search",3092.55719372299,236179.820103979,0.0470292725752296,2361.79820103979,0.0443350266147941,236179.820103979,0.0470292725752296,2361.79820103979,0.0443350266147941,TRUE,0.297445999778094,0.297445999778094,30128.9055146277,3012890.55146277,NA,NA,0.441644640090851,0.441644640090851,1,0.0181292921642853,NA,NA,0.201395290012413,NA,NA,0.201395290012413,0.47477130682616,0,283.953408459804,0.003394578781,81263.2971590817,1e-04,"1_415_1",1,415,1,415,4,2361.79820103979,37479.8431385413,7350.93762391362,0.0783897775474496,0.0783897775474496,12.7567653753667,12.7567653753667,3,FALSE,0.050863949674026,0.0030520423666056,0.0133192347870684,0.0886217523500738,0.331601984540707
"143","social",0,0,0,0,0,0,0,0,0,TRUE,0.162751814066573,0.162751814066573,16485.459653195,1648545.9653195,NA,NA,0,0,1,0.0181292921642853,NA,NA,0.201395290012413,NA,NA,0.201395290012413,0.47477130682616,0,283.953408459804,0.003394578781,81263.2971590817,1e-04,"1_415_1",1,415,1,415,4,0,21682.3181364954,5196.85848330042,0,0,Inf,Inf,3,FALSE,0,0,0,0,NA
"144","display",3612.72176094799,166073.026931122,0.0330692675076926,1660.73026931122,0.0311747721111363,166073.026931122,0.0330692675076926,1660.73026931122,0.0311747721111363,TRUE,0.0812633037835251,0.0812633037835251,8231.32401621435,823132.401621435,NA,NA,0.310548387137831,0.310548387137831,1,0.0181292921642853,NA,NA,0.201395290012413,NA,NA,0.201395290012413,0.47477130682616,0,283.953408459804,0.003394578781,81263.2971590817,1e-04,"1_415_1",1,415,1,415,4,1660.73026931122,10364.1545125568,2132.83049634243,0.201757368078314,0.201757368078314,4.95644847831203,4.95644847831203,3,FALSE,0.11716472045816,0.00898151402797058,0.00659233408612599,0.228191688418101,0.16369866981157
"145","(Intercept)",46155.5854422271,4615558.54422271,0.919072428658873,46155.5854422271,0.86317639877586,4615558.54422271,0.919072428658873,46155.5854422271,0.86317639877586,TRUE,NA,NA,NA,NA,NA,NA,NA,NA,1,0.0266732114290474,NA,NA,0.200517137362723,NA,NA,0.200517137362723,0.597257400303074,0,75.5149352740486,0.0008293454419,81263.2971590817,1e-04,"1_423_1",1,423,1,423,1,NA,NA,NA,NA,NA,NA,NA,3,FALSE,NA,NA,NA,NA,NA
"146","competitors",-3238.78029350812,-325204.067577135,-0.0647562129987446,0,0,-325204.067577135,-0.0647562129987446,0,0,FALSE,NA,NA,NA,NA,NA,NA,NA,NA,1,0.0266732114290474,NA,NA,0.200517137362723,NA,NA,0.200517137362723,0.597257400303074,0,75.5149352740486,0.0008293454419,81263.2971590817,1e-04,"1_423_1",1,423,1,423,1,NA,NA,NA,NA,NA,NA,NA,3,FALSE,NA,NA,NA,NA,NA
"147","season",1847.3186847362,-2.79444617503335,-5.56443691101943e-07,-0.0282267290407402,-5.27880777356953e-07,-2.79444617503335,-5.56443691101943e-07,-0.0282267290407402,-5.27880777356953e-07,FALSE,NA,NA,NA,NA,NA,NA,NA,NA,1,0.0266732114290474,NA,NA,0.200517137362723,NA,NA,0.200517137362723,0.597257400303074,0,75.5149352740486,0.0008293454419,81263.2971590817,1e-04,"1_423_1",1,423,1,423,1,NA,NA,NA,NA,NA,NA,NA,3,FALSE,NA,NA,NA,NA,NA
"148","trend",2886.8418837147,433026.282557205,0.0862262959877582,4330.26282557205,0.0809821961029795,433026.282557205,0.0862262959877582,4330.26282557205,0.0809821961029795,TRUE,NA,NA,NA,NA,NA,NA,NA,NA,1,0.0266732114290474,NA,NA,0.200517137362723,NA,NA,0.200517137362723,0.597257400303074,0,75.5149352740486,0.0008293454419,81263.2971590817,1e-04,"1_423_1",1,423,1,423,1,NA,NA,NA,NA,NA,NA,NA,3,FALSE,NA,NA,NA,NA,NA
"149","tv",1140.07956111915,51696.7016604007,0.010294098253428,516.967016604007,0.00966803309724448,51696.7016604007,0.010294098253428,516.967016604007,0.00966803309724448,TRUE,0.458538882371808,0.458538882371808,46446.328651486,4644632.8651486,NA,NA,0.173132135252357,0.173132135252357,1,0.0266732114290474,NA,NA,0.200517137362723,NA,NA,0.200517137362723,0.597257400303074,0,75.5149352740486,0.0008293454419,81263.2971590817,1e-04,"1_423_1",1,423,1,423,1,516.967016604007,52274.5285627238,5828.1999112378,0.0111304172280895,0.0111304172280895,89.8438916985365,89.8438916985365,3,FALSE,0.03559881205344,0.0048137479411895,0,0.0949683114842912,0.301339714813739
"150","paid_search",3088.27582799474,125918.187079314,0.0250734408203236,1259.18187079314,0.0235485274906877,125918.187079314,0.0250734408203236,1259.18187079314,0.0235485274906877,TRUE,0.297445999778094,0.297445999778094,30128.9055146277,3012890.55146277,NA,NA,0.421699719633105,0.421699719633105,1,0.0266732114290474,NA,NA,0.200517137362723,NA,NA,0.200517137362723,0.597257400303074,0,75.5149352740486,0.0008293454419,81263.2971590817,1e-04,"1_423_1",1,423,1,423,1,1259.18187079314,52804.6484532414,22675.7429386137,0.0417931501090141,0.0417931501090141,23.9273660250922,23.9273660250922,3,FALSE,0.050863949674026,0.0030520423666056,0.0133192347870684,0.0886217523500738,0.211822643892223
"151","social",0,0,0,0,0,0,0,0,0,TRUE,0.162751814066573,0.162751814066573,16485.459653195,1648545.9653195,NA,NA,0,0,1,0.0266732114290474,NA,NA,0.200517137362723,NA,NA,0.200517137362723,0.597257400303074,0,75.5149352740486,0.0008293454419,81263.2971590817,1e-04,"1_423_1",1,423,1,423,1,0,19442.6987539294,2957.23910073441,0,0,Inf,Inf,3,FALSE,0,0,0,0,NA
"152","display",2320.49603172318,120981.911819858,0.0240905057220535,1209.81911819858,0.0226253724140054,120981.911819858,0.0240905057220535,1209.81911819858,0.0226253724140054,TRUE,0.0812633037835251,0.0812633037835251,8231.32401621435,823132.401621435,NA,NA,0.405168145114538,0.405168145114538,1,0.0266732114290474,NA,NA,0.200517137362723,NA,NA,0.200517137362723,0.597257400303074,0,75.5149352740486,0.0008293454419,81263.2971590817,1e-04,"1_423_1",1,423,1,423,1,1209.81911819858,9831.29224613956,1599.96822992521,0.146977462655513,0.146977462655513,6.80376420937274,6.80376420937274,3,FALSE,0.11716472045816,0.00898151402797058,0.00659233408612599,0.228191688418101,0.0209071422825965
"153","(Intercept)",38121.6673949695,3812166.73949695,0.759097151547901,38121.6673949695,0.712155915006674,3812166.73949695,0.759097151547901,38121.6673949695,0.712155915006674,TRUE,NA,NA,NA,NA,NA,NA,NA,NA,1,0.00912840499726641,NA,NA,0.202316287464381,NA,NA,0.202316287464381,0.430353324564966,0,32.0904615127364,0.0002949243913,81263.2971590817,1e-04,"1_424_1",1,424,1,424,6,NA,NA,NA,NA,NA,NA,NA,3,FALSE,NA,NA,NA,NA,NA
"154","competitors",-3296.70073958536,-331019.826274308,-0.0659142751095578,0,0,-331019.826274308,-0.0659142751095578,0,0,FALSE,NA,NA,NA,NA,NA,NA,NA,NA,1,0.00912840499726641,NA,NA,0.202316287464381,NA,NA,0.202316287464381,0.430353324564966,0,32.0904615127364,0.0002949243913,81263.2971590817,1e-04,"1_424_1",1,424,1,424,6,NA,NA,NA,NA,NA,NA,NA,3,FALSE,NA,NA,NA,NA,NA
"155","season",2012.8377816951,-3.04482755817669,-6.06300847866764e-07,-0.0307558339209763,-5.74553804818003e-07,-3.04482755817669,-6.06300847866764e-07,-0.0307558339209763,-5.74553804818003e-07,FALSE,NA,NA,NA,NA,NA,NA,NA,NA,1,0.00912840499726641,NA,NA,0.202316287464381,NA,NA,0.202316287464381,0.430353324564966,0,32.0904615127364,0.0002949243913,81263.2971590817,1e-04,"1_424_1",1,424,1,424,6,NA,NA,NA,NA,NA,NA,NA,3,FALSE,NA,NA,NA,NA,NA
"156","trend",3316.79389245339,497519.083868008,0.0990684157363911,4975.19083868008,0.0929421986542116,497519.083868008,0.0990684157363911,4975.19083868008,0.0929421986542116,TRUE,NA,NA,NA,NA,NA,NA,NA,NA,1,0.00912840499726641,NA,NA,0.202316287464381,NA,NA,0.202316287464381,0.430353324564966,0,32.0904615127364,0.0002949243913,81263.2971590817,1e-04,"1_424_1",1,424,1,424,6,NA,NA,NA,NA,NA,NA,NA,3,FALSE,NA,NA,NA,NA,NA
"157","tv",7844.84192398083,776552.263191351,0.154630857278404,7765.52263191351,0.145068756257109,776552.263191351,0.154630857278404,7765.52263191351,0.145068756257109,TRUE,0.458538882371808,0.458538882371808,46446.328651486,4644632.8651486,NA,NA,0.744314646374889,0.744314646374889,1,0.00912840499726641,NA,NA,0.202316287464381,NA,NA,0.202316287464381,0.430353324564966,0,32.0904615127364,0.0002949243913,81263.2971590817,1e-04,"1_424_1",1,424,1,424,6,7765.52263191351,51406.0058317151,4959.67718022914,0.167193465175316,0.167193465175316,5.98109500841685,5.98109500841685,3,FALSE,0.03559881205344,0.0048137479411895,0,0.0949683114842912,0.313648890288949
"158","paid_search",3501.40727042727,207065.698527947,0.0412319273203098,2070.65698527947,0.038682217247697,207065.698527947,0.0412319273203098,2070.65698527947,0.038682217247697,TRUE,0.297445999778094,0.297445999778094,30128.9055146277,3012890.55146277,NA,NA,0.198469619472631,0.198469619472631,1,0.00912840499726641,NA,NA,0.202316287464381,NA,NA,0.202316287464381,0.430353324564966,0,32.0904615127364,0.0002949243913,81263.2971590817,1e-04,"1_424_1",1,424,1,424,6,2070.65698527947,52202.6791119145,22073.7735972868,0.0687265916206002,0.0687265916206002,14.5504087489224,14.5504087489224,3,FALSE,0.050863949674026,0.0030520423666056,0.0133192347870684,0.0886217523500738,0.532193219582363
"159","social",0,0,0,0,0,0,0,0,0,TRUE,0.162751814066573,0.162751814066573,16485.459653195,1648545.9653195,NA,NA,0,0,1,0.00912840499726641,NA,NA,0.202316287464381,NA,NA,0.202316287464381,0.430353324564966,0,32.0904615127364,0.0002949243913,81263.2971590817,1e-04,"1_424_1",1,424,1,424,6,0,31707.3092094356,15221.8495562406,0,0,Inf,Inf,3,FALSE,0,0,0,0,NA
"160","display",2379.88421486463,59693.8513337871,0.0118865295273997,596.938513337871,0.0111514873881134,59693.8513337871,0.0118865295273997,596.938513337871,0.0111514873881134,TRUE,0.0812633037835251,0.0812633037835251,8231.32401621435,823132.401621435,NA,NA,0.0572157341524799,0.0572157341524799,1,0.00912840499726641,NA,NA,0.202316287464381,NA,NA,0.202316287464381,0.430353324564966,0,32.0904615127364,0.0002949243913,81263.2971590817,1e-04,"1_424_1",1,424,1,424,6,596.938513337871,15222.6767152354,6991.3526990211,0.0725203517881207,0.0725203517881207,13.7892326132346,13.7892326132346,3,FALSE,0.11716472045816,0.00898151402797058,0.00659233408612599,0.228191688418101,0.229485393835048
"161","(Intercept)",43158.9788778478,4315897.88778478,0.859402543714902,43158.9788778478,0.809428935384751,4315897.88778478,0.859402543714902,43158.9788778478,0.809428935384751,TRUE,NA,NA,NA,NA,NA,NA,NA,NA,1,0.0204003417103199,NA,NA,0.201162243307888,NA,NA,0.201162243307888,0.565844461048556,0,330.186923724885,0.00396357045,81263.2971590817,1e-04,"1_425_1",1,425,1,425,6,NA,NA,NA,NA,NA,NA,NA,2,FALSE,NA,NA,NA,NA,NA
"162","competitors",-3087.89171951333,-310053.432595079,-0.0617393449956051,0,0,-310053.432595079,-0.0617393449956051,0,0,FALSE,NA,NA,NA,NA,NA,NA,NA,NA,1,0.0204003417103199,NA,NA,0.201162243307888,NA,NA,0.201162243307888,0.565844461048556,0,330.186923724885,0.00396357045,81263.2971590817,1e-04,"1_425_1",1,425,1,425,6,NA,NA,NA,NA,NA,NA,NA,2,FALSE,NA,NA,NA,NA,NA
"163","season",1608.35222753196,-2.43296068375575,-4.84462944847668e-07,-0.0245753604419767,-4.60900798778067e-07,-2.43296068375575,-4.84462944847668e-07,-0.0245753604419767,-4.60900798778067e-07,FALSE,NA,NA,NA,NA,NA,NA,NA,NA,1,0.0204003417103199,NA,NA,0.201162243307888,NA,NA,0.201162243307888,0.565844461048556,0,330.186923724885,0.00396357045,81263.2971590817,1e-04,"1_425_1",1,425,1,425,6,NA,NA,NA,NA,NA,NA,NA,2,FALSE,NA,NA,NA,NA,NA
"164","trend",2453.21066335653,367981.59950348,0.0732742828667543,3679.8159950348,0.0690134387030551,367981.59950348,0.0732742828667543,3679.8159950348,0.0690134387030551,TRUE,NA,NA,NA,NA,NA,NA,NA,NA,1,0.0204003417103199,NA,NA,0.201162243307888,NA,NA,0.201162243307888,0.565844461048556,0,330.186923724885,0.00396357045,81263.2971590817,1e-04,"1_425_1",1,425,1,425,6,NA,NA,NA,NA,NA,NA,NA,2,FALSE,NA,NA,NA,NA,NA
"165","tv",2284.21047568158,219414.06742452,0.0436907944938083,2194.1406742452,0.0411502078180595,219414.06742452,0.0436907944938083,2194.1406742452,0.0411502078180595,TRUE,0.458538882371808,0.458538882371808,46446.328651486,4644632.8651486,NA,NA,0.338522996675374,0.338522996675374,1,0.0204003417103199,NA,NA,0.201162243307888,NA,NA,0.201162243307888,0.565844461048556,0,330.186923724885,0.00396357045,81263.2971590817,1e-04,"1_425_1",1,425,1,425,6,2194.1406742452,52181.8736027561,5735.54495127009,0.0472403468250231,0.0472403468250231,21.1683458570694,21.1683458570694,2,FALSE,0.0299280646716883,0.0145101661480368,0,0.177834679326039,0.438424498373258
"166","paid_search",1731.69556993688,123010.832288067,0.0244945142173216,1230.10832288067,0.0230701767299755,123010.832288067,0.0244945142173216,1230.10832288067,0.0230701767299755,TRUE,0.297445999778094,0.297445999778094,30128.9055146277,3012890.55146277,NA,NA,0.18978726413708,0.18978726413708,1,0.0204003417103199,NA,NA,0.201162243307888,NA,NA,0.201162243307888,0.565844461048556,0,330.186923724885,0.00396357045,81263.2971590817,1e-04,"1_425_1",1,425,1,425,6,1230.10832288067,38239.3413905967,8110.43587596899,0.040828178185346,0.040828178185346,24.492888109294,24.492888109294,2,FALSE,0.0503426058359058,0.00170735272801891,0.03304911803773,0.0676548057722503,0.106123114690091
"167","social",0,0,0,0,0,0,0,0,0,TRUE,0.162751814066573,0.162751814066573,16485.459653195,1648545.9653195,NA,NA,0,0,1,0.0204003417103199,NA,NA,0.201162243307888,NA,NA,0.201162243307888,0.565844461048556,0,330.186923724885,0.00396357045,81263.2971590817,1e-04,"1_425_1",1,425,1,425,6,0,29591.8831013908,13106.4234481958,0,0,Inf,Inf,2,FALSE,0,0,0,0,NA
"168","display",4478.46180458857,305726.243871099,0.0608776941657633,3057.26243871099,0.0573377022649576,305726.243871099,0.0608776941657633,3057.26243871099,0.0573377022649576,TRUE,0.0812633037835251,0.0812633037835251,8231.32401621435,823132.401621435,NA,NA,0.471689739187546,0.471689739187546,1,0.0204003417103199,NA,NA,0.201162243307888,NA,NA,0.201162243307888,0.565844461048556,0,330.186923724885,0.00396357045,81263.2971590817,1e-04,"1_425_1",1,425,1,425,6,3057.26243871099,10540.8121650946,2309.48814888021,0.371418065026804,0.371418065026804,2.69238385033273,2.69238385033273,2,FALSE,0.222847348692917,0.0338030734868356,0,0.565510115981625,0.31393908250601
"169","(Intercept)",42418.6898278776,4241868.98278776,0.84466154869671,42418.6898278776,0.797417601003547,4241868.98278776,0.84466154869671,42418.6898278776,0.797417601003547,TRUE,NA,NA,NA,NA,NA,NA,NA,NA,1,0.0304829121828799,NA,NA,0.200124330306233,NA,NA,0.200124330306233,0.843176768126444,0,530.773025007948,0.006432165362,81263.2971590817,1e-04,"1_426_1",1,426,1,426,3,NA,NA,NA,NA,NA,NA,NA,4,FALSE,NA,NA,NA,NA,NA
"170","competitors",-2963.1964091773,-297532.848160762,-0.0592461854280204,0,0,-297532.848160762,-0.0592461854280204,0,0,FALSE,NA,NA,NA,NA,NA,NA,NA,NA,1,0.0304829121828799,NA,NA,0.200124330306233,NA,NA,0.200124330306233,0.843176768126444,0,530.773025007948,0.006432165362,81263.2971590817,1e-04,"1_426_1",1,426,1,426,3,NA,NA,NA,NA,NA,NA,NA,4,FALSE,NA,NA,NA,NA,NA
"171","season",1384.64820074977,-2.0945627304712,-4.17079501262554e-07,-0.0211571992976887,-3.97728529013387e-07,-2.0945627304712,-4.17079501262554e-07,-0.0211571992976887,-3.97728529013387e-07,FALSE,NA,NA,NA,NA,NA,NA,NA,NA,1,0.0304829121828799,NA,NA,0.200124330306233,NA,NA,0.200124330306233,0.843176768126444,0,530.773025007948,0.006432165362,81263.2971590817,1e-04,"1_426_1",1,426,1,426,3,NA,NA,NA,NA,NA,NA,NA,4,FALSE,NA,NA,NA,NA,NA
"172","trend",1946.45569266009,291968.353899013,0.05813815631163,2919.68353899013,0.0548863496915682,291968.353899013,0.05813815631163,2919.68353899013,0.0548863496915682,TRUE,NA,NA,NA,NA,NA,NA,NA,NA,1,0.0304829121828799,NA,NA,0.200124330306233,NA,NA,0.200124330306233,0.843176768126444,0,530.773025007948,0.006432165362,81263.2971590817,1e-04,"1_426_1",1,426,1,426,3,NA,NA,NA,NA,NA,NA,NA,4,FALSE,NA,NA,NA,NA,NA
"173","tv",365.761638025017,32275.1130615515,0.00642677722804516,322.751130615515,0.00606731215275451,32275.1130615515,0.00642677722804516,322.751130615515,0.00606731215275451,TRUE,0.458538882371808,0.458538882371808,46446.328651486,4644632.8651486,NA,NA,0.0410796080381126,0.0410796080381126,1,0.0304829121828799,NA,NA,0.200124330306233,NA,NA,0.200124330306233,0.843176768126444,0,530.773025007948,0.006432165362,81263.2971590817,1e-04,"1_426_1",1,426,1,426,3,322.751130615515,54424.5938009586,7978.26514947267,0.00694890511233527,0.00694890511233527,143.907562966267,143.907562966267,4,FALSE,0.013277257972778,0.00476704806588681,0,0.0605151866945884,0.305491423202282
"174","paid_search",5152.05005341323,298775.222400182,0.0594935730190534,2987.75222400182,0.056165954689406,298775.222400182,0.0594935730190534,2987.75222400182,0.056165954689406,TRUE,0.297445999778094,0.297445999778094,30128.9055146277,3012890.55146277,NA,NA,0.380279660191821,0.380279660191821,1,0.0304829121828799,NA,NA,0.200124330306233,NA,NA,0.200124330306233,0.843176768126444,0,530.773025007948,0.006432165362,81263.2971590817,1e-04,"1_426_1",1,426,1,426,3,2987.75222400182,60639.5794502144,30510.6739355867,0.0991656408677458,0.0991656408677458,10.0841379256921,10.0841379256921,4,FALSE,0.133923584831066,0.0164877332129478,0,0.298121680466299,0.749154070606626
"175","social",0,0,0,0,0,0,0,0,0,TRUE,0.162751814066573,0.162751814066573,16485.459653195,1648545.9653195,NA,NA,0,0,1,0.0304829121828799,NA,NA,0.200124330306233,NA,NA,0.200124330306233,0.843176768126444,0,530.773025007948,0.006432165362,81263.2971590817,1e-04,"1_426_1",1,426,1,426,3,0,22872.8295793333,6387.36992613826,0,0,Inf,Inf,4,FALSE,0,0,0,0,NA
"176","display",5668.41425278742,454622.035891164,0.090526547252083,4546.22035891164,0.0854631801912536,454622.035891164,0.090526547252083,4546.22035891164,0.0854631801912536,TRUE,0.0812633037835251,0.0812633037835251,8231.32401621435,823132.401621435,NA,NA,0.578640731770066,0.578640731770066,1,0.0304829121828799,NA,NA,0.200124330306233,NA,NA,0.200124330306233,0.843176768126444,0,530.773025007948,0.006432165362,81263.2971590817,1e-04,"1_426_1",1,426,1,426,3,4546.22035891164,8540.36439059939,309.04037438504,0.552307301954866,0.552307301954866,1.81058623787979,1.8105862378798,4,FALSE,0.658697401025889,0.107624153991352,0,1.73529762260276,0.0418592351322578
"177","(Intercept)",45711.1461666792,4571114.61666792,0.910222538001965,45711.1461666792,0.853157442143621,4571114.61666792,0.910222538001965,45711.1461666792,0.853157442143621,TRUE,NA,NA,NA,NA,NA,NA,NA,NA,1,0.00365510367999733,NA,NA,0.202874287643038,NA,NA,0.202874287643038,0.357733473077384,0,56.5549199438141,0.000596006257,81263.2971590817,1e-04,"1_430_1",1,430,1,430,6,NA,NA,NA,NA,NA,NA,NA,3,FALSE,NA,NA,NA,NA,NA
"178","competitors",-3345.34917478197,-335904.587688631,-0.0668869525208542,0,0,-335904.587688631,-0.0668869525208542,0,0,FALSE,NA,NA,NA,NA,NA,NA,NA,NA,1,0.00365510367999733,NA,NA,0.202874287643038,NA,NA,0.202874287643038,0.357733473077384,0,56.5549199438141,0.000596006257,81263.2971590817,1e-04,"1_430_1",1,430,1,430,6,NA,NA,NA,NA,NA,NA,NA,3,FALSE,NA,NA,NA,NA,NA
"179","season",2106.13378190618,-3.18595678135267,-6.34403184053452e-07,-0.0321813816298246,-6.00636552315606e-07,-3.18595678135267,-6.34403184053452e-07,-0.0321813816298246,-6.00636552315606e-07,FALSE,NA,NA,NA,NA,NA,NA,NA,NA,1,0.00365510367999733,NA,NA,0.202874287643038,NA,NA,0.202874287643038,0.357733473077384,0,56.5549199438141,0.000596006257,81263.2971590817,1e-04,"1_430_1",1,430,1,430,6,NA,NA,NA,NA,NA,NA,NA,3,FALSE,NA,NA,NA,NA,NA
"180","trend",3656.24129475535,548436.194213302,0.109207277981767,5484.36194213302,0.102360684400226,548436.194213302,0.109207277981767,5484.36194213302,0.102360684400226,TRUE,NA,NA,NA,NA,NA,NA,NA,NA,1,0.00365510367999733,NA,NA,0.202874287643038,NA,NA,0.202874287643038,0.357733473077384,0,56.5549199438141,0.000596006257,81263.2971590817,1e-04,"1_430_1",1,430,1,430,6,NA,NA,NA,NA,NA,NA,NA,3,FALSE,NA,NA,NA,NA,NA
"181","tv",1860.62734144052,90858.3125472465,0.0180921483665651,908.583125472465,0.0169578870868041,90858.3125472465,0.0180921483665651,908.583125472465,0.0169578870868041,TRUE,0.458538882371808,0.458538882371808,46446.328651486,4644632.8651486,NA,NA,0.381226256692965,0.381226256692965,1,0.00365510367999733,NA,NA,0.202874287643038,NA,NA,0.202874287643038,0.357733473077384,0,56.5549199438141,0.000596006257,81263.2971590817,1e-04,"1_430_1",1,430,1,430,6,908.583125472465,55498.9689098125,9052.64025832657,0.0195620009557719,0.0195620009557719,51.1195149341276,51.1195149341276,3,FALSE,0.03559881205344,0.0048137479411895,0,0.0949683114842912,0.308844646478869
"182","paid_search",959.236535596176,75297.3588235742,0.014993575703249,752.973588235742,0.0140535749901889,75297.3588235742,0.014993575703249,752.973588235742,0.0140535749901889,TRUE,0.297445999778094,0.297445999778094,30128.9055146277,3012890.55146277,NA,NA,0.315935102011182,0.315935102011182,1,0.00365510367999733,NA,NA,0.202874287643038,NA,NA,0.202874287643038,0.357733473077384,0,56.5549199438141,0.000596006257,81263.2971590817,1e-04,"1_430_1",1,430,1,430,6,752.973588235742,52861.7350989429,22732.8295843152,0.0249917338640188,0.0249917338640188,40.0132301920727,40.0132301920727,3,FALSE,0.050863949674026,0.0030520423666056,0.0133192347870684,0.0886217523500738,0.469616038030272
"183","social",0,0,0,0,0,0,0,0,0,TRUE,0.162751814066573,0.162751814066573,16485.459653195,1648545.9653195,NA,NA,0,0,1,0.00365510367999733,NA,NA,0.202874287643038,NA,NA,0.202874287643038,0.357733473077384,0,56.5549199438141,0.000596006257,81263.2971590817,1e-04,"1_430_1",1,430,1,430,6,0,37162.101182191,20676.641528996,0,0,Inf,Inf,3,FALSE,0,0,0,0,NA
"184","display",1827.7383380675,72176.0567095531,0.0143720468704922,721.760567095531,0.0134710120157131,72176.0567095531,0.0143720468704922,721.760567095531,0.0134710120157131,TRUE,0.0812633037835251,0.0812633037835251,8231.32401621435,823132.401621435,NA,NA,0.302838641295853,0.302838641295853,1,0.00365510367999733,NA,NA,0.202874287643038,NA,NA,0.202874287643038,0.357733473077384,0,56.5549199438141,0.000596006257,81263.2971590817,1e-04,"1_430_1",1,430,1,430,6,721.760567095531,19585.6871117082,11354.3630954939,0.087684625908758,0.087684625908758,11.4045077986712,11.4045077986712,3,FALSE,0.11716472045816,0.00898151402797058,0.00659233408612599,0.228191688418101,0.684449558596825
"185","(Intercept)",43532.5900509755,4353259.00509755,0.866842070805084,43532.5900509755,0.816855176031418,4353259.00509755,0.866842070805084,43532.5900509755,0.816855176031418,TRUE,NA,NA,NA,NA,NA,NA,NA,NA,1,0.0129758942500557,NA,NA,0.201923115006581,NA,NA,0.201923115006581,0.497182450994274,0,186.342579469115,0.002193291183,81263.2971590817,1e-04,"1_434_1",1,434,1,434,6,NA,NA,NA,NA,NA,NA,NA,3,FALSE,NA,NA,NA,NA,NA
"186","competitors",-3060.63244369977,-307316.344379634,-0.0611943226999241,0,0,-307316.344379634,-0.0611943226999241,0,0,FALSE,NA,NA,NA,NA,NA,NA,NA,NA,1,0.0129758942500557,NA,NA,0.201923115006581,NA,NA,0.201923115006581,0.497182450994274,0,186.342579469115,0.002193291183,81263.2971590817,1e-04,"1_434_1",1,434,1,434,6,NA,NA,NA,NA,NA,NA,NA,3,FALSE,NA,NA,NA,NA,NA
"187","season",1797.52776536864,-2.71912725722661,-5.41445822469284e-07,-0.0274659318911773,-5.15376838445932e-07,-2.71912725722661,-5.41445822469284e-07,-0.0274659318911773,-5.15376838445932e-07,FALSE,NA,NA,NA,NA,NA,NA,NA,NA,1,0.0129758942500557,NA,NA,0.201923115006581,NA,NA,0.201923115006581,0.497182450994274,0,186.342579469115,0.002193291183,81263.2971590817,1e-04,"1_434_1",1,434,1,434,6,NA,NA,NA,NA,NA,NA,NA,3,FALSE,NA,NA,NA,NA,NA
"188","trend",2820.98090996513,423147.136494769,0.0842591124545662,4231.47136494769,0.0794002673086711,423147.136494769,0.0842591124545662,4231.47136494769,0.0794002673086711,TRUE,NA,NA,NA,NA,NA,NA,NA,NA,1,0.0129758942500557,NA,NA,0.201923115006581,NA,NA,0.201923115006581,0.497182450994274,0,186.342579469115,0.002193291183,81263.2971590817,1e-04,"1_434_1",1,434,1,434,6,NA,NA,NA,NA,NA,NA,NA,3,FALSE,NA,NA,NA,NA,NA
"189","tv",1613.87425199719,135702.995998062,0.0270218394834006,1357.02995998062,0.025463611182837,135702.995998062,0.0270218394834006,1357.02995998062,0.025463611182837,TRUE,0.458538882371808,0.458538882371808,46446.328651486,4644632.8651486,NA,NA,0.245444055152971,0.245444055152971,1,0.0129758942500557,NA,NA,0.201923115006581,NA,NA,0.201923115006581,0.497182450994274,0,186.342579469115,0.002193291183,81263.2971590817,1e-04,"1_434_1",1,434,1,434,6,1357.02995998062,53342.7653176985,6896.43666621257,0.0292171631080513,0.0292171631080513,34.2264577947485,34.2264577947485,3,FALSE,0.03559881205344,0.0048137479411895,0,0.0949683114842912,0.30999609029153
"190","paid_search",4637.76806907925,317300.02603402,0.0631823218677688,3173.0002603402,0.0595388807138031,317300.02603402,0.0631823218677688,3173.0002603402,0.0595388807138031,TRUE,0.297445999778094,0.297445999778094,30128.9055146277,3012890.55146277,NA,NA,0.573895988936348,0.573895988936348,1,0.0129758942500557,NA,NA,0.201923115006581,NA,NA,0.201923115006581,0.497182450994274,0,186.342579469115,0.002193291183,81263.2971590817,1e-04,"1_434_1",1,434,1,434,6,3173.0002603402,60505.6066686604,30376.7011540327,0.105314156161421,0.105314156161421,9.49539963523274,9.49539963523274,3,FALSE,0.050863949674026,0.0030520423666056,0.0133192347870684,0.0886217523500738,0.780188119491753
"191","social",0,0,0,0,0,0,0,0,0,TRUE,0.162751814066573,0.162751814066573,16485.459653195,1648545.9653195,NA,NA,0,0,1,0.0129758942500557,NA,NA,0.201923115006581,NA,NA,0.201923115006581,0.497182450994274,0,186.342579469115,0.002193291183,81263.2971590817,1e-04,"1_434_1",1,434,1,434,6,0,42728.8956744799,26243.4360212849,0,0,Inf,Inf,3,FALSE,0,0,0,0,NA
"192","display",2875.49486688778,99884.6651986652,0.0198895195349267,998.846651986652,0.0187425801401096,99884.6651986652,0.0198895195349267,998.846651986652,0.0187425801401096,TRUE,0.0812633037835251,0.0812633037835251,8231.32401621435,823132.401621435,NA,NA,0.180659955910681,0.180659955910681,1,0.0129758942500557,NA,NA,0.201923115006581,NA,NA,0.201923115006581,0.497182450994274,0,186.342579469115,0.002193291183,81263.2971590817,1e-04,"1_434_1",1,434,1,434,6,998.846651986652,10796.456434677,2565.13241846265,0.121347021453546,0.121347021453546,8.24082855946174,8.24082855946174,3,FALSE,0.11716472045816,0.00898151402797058,0.00659233408612599,0.228191688418101,0.0940269887690301
"193","(Intercept)",39976.0337645456,3997603.37645456,0.796022195106127,39976.0337645456,0.750273299680113,3997603.37645456,0.796022195106127,39976.0337645456,0.750273299680113,TRUE,NA,NA,NA,NA,NA,NA,NA,NA,1,0.0291067130643041,NA,NA,0.200266315045564,NA,NA,0.200266315045564,0.81721131266757,0,328.363681686864,0.003941131976,81263.2971590817,1e-04,"1_443_1",1,443,1,443,3,NA,NA,NA,NA,NA,NA,NA,4,FALSE,NA,NA,NA,NA,NA
"194","competitors",-3049.72866136336,-306221.501862874,-0.060976312341863,0,0,-306221.501862874,-0.060976312341863,0,0,FALSE,NA,NA,NA,NA,NA,NA,NA,NA,1,0.0291067130643041,NA,NA,0.200266315045564,NA,NA,0.200266315045564,0.81721131266757,0,328.363681686864,0.003941131976,81263.2971590817,1e-04,"1_443_1",1,443,1,443,3,NA,NA,NA,NA,NA,NA,NA,4,FALSE,NA,NA,NA,NA,NA
"195","season",1593.25208239135,-2.41011863534427,-4.79914525255989e-07,-0.0243446326802453,-4.56901952757182e-07,-2.41011863534427,-4.79914525255989e-07,-0.0243446326802453,-4.56901952757182e-07,FALSE,NA,NA,NA,NA,NA,NA,NA,NA,1,0.0291067130643041,NA,NA,0.200266315045564,NA,NA,0.200266315045564,0.81721131266757,0,328.363681686864,0.003941131976,81263.2971590817,1e-04,"1_443_1",1,443,1,443,3,NA,NA,NA,NA,NA,NA,NA,4,FALSE,NA,NA,NA,NA,NA
"196","trend",2412.72481342128,361908.722013192,0.0720650220133885,3619.08722013192,0.0679233094126182,361908.722013192,0.0720650220133885,3619.08722013192,0.0679233094126182,TRUE,NA,NA,NA,NA,NA,NA,NA,NA,1,0.0291067130643041,NA,NA,0.200266315045564,NA,NA,0.200266315045564,0.81721131266757,0,328.363681686864,0.003941131976,81263.2971590817,1e-04,"1_443_1",1,443,1,443,3,NA,NA,NA,NA,NA,NA,NA,4,FALSE,NA,NA,NA,NA,NA
"197","tv",397.183296350773,19512.7438710835,0.00388547230580418,195.127438710835,0.00366216689134246,19512.7438710835,0.00388547230580418,195.127438710835,0.00366216689134246,TRUE,0.458538882371808,0.458538882371808,46446.328651486,4644632.8651486,NA,NA,0.0201435059569553,0.0201435059569553,1,0.0291067130643041,NA,NA,0.200266315045564,NA,NA,0.200266315045564,0.81721131266757,0,328.363681686864,0.003941131976,81263.2971590817,1e-04,"1_443_1",1,443,1,443,3,195.127438710835,55856.6103856232,9410.28173413724,0.00420113805280478,0.00420113805280478,238.030740106809,238.030740106809,4,FALSE,0.013277257972778,0.00476704806588681,0,0.0605151866945884,0.15411469514451
"198","paid_search",8744.54945895921,464582.208795046,0.0925098652433783,4645.82208795046,0.0871931489797951,464582.208795046,0.0925098652433783,4645.82208795046,0.0871931489797951,TRUE,0.297445999778094,0.297445999778094,30128.9055146277,3012890.55146277,NA,NA,0.479600129647929,0.479600129647929,1,0.0291067130643041,NA,NA,0.200266315045564,NA,NA,0.200266315045564,0.81721131266757,0,328.363681686864,0.003941131976,81263.2971590817,1e-04,"1_443_1",1,443,1,443,3,4645.82208795046,43211.4710105819,13082.5654959542,0.154198169783994,0.154198169783994,6.4851612791568,6.4851612791568,4,FALSE,0.133923584831066,0.0164877332129478,0,0.298121680466299,0.703882889850442
"199","social",0,0,0,0,0,0,0,0,0,TRUE,0.162751814066573,0.162751814066573,16485.459653195,1648545.9653195,NA,NA,0,0,1,0.0291067130643041,NA,NA,0.200266315045564,NA,NA,0.200266315045564,0.81721131266757,0,328.363681686864,0.003941131976,81263.2971590817,1e-04,"1_443_1",1,443,1,443,3,0,48156.9335982119,31671.4739450169,0,0,Inf,Inf,4,FALSE,0,0,0,0,NA
"200","display",6921.7723510263,484591.626163806,0.0964942375876906,4845.91626163806,0.0909485319380841,484591.626163806,0.0964942375876906,4845.91626163806,0.0909485319380841,TRUE,0.0812633037835251,0.0812633037835251,8231.32401621435,823132.401621435,NA,NA,0.500256364395116,0.500256364395116,1,0.0291067130643041,NA,NA,0.200266315045564,NA,NA,0.200266315045564,0.81721131266757,0,328.363681686864,0.003941131976,81263.2971590817,1e-04,"1_443_1",1,443,1,443,3,4845.91626163806,8872.22005919317,640.896042978825,0.588716499568284,0.588716499568284,1.69861045296559,1.69861045296559,4,FALSE,0.658697401025889,0.107624153991352,0,1.73529762260276,0.255644231787346
"201","(Intercept)",39404.1836970042,3940418.36970042,0.784635238893386,39404.1836970042,0.733157906655653,3940418.36970042,0.784635238893386,39404.1836970042,0.733157906655653,TRUE,NA,NA,NA,NA,NA,NA,NA,NA,1,0.0431989381983239,NA,NA,0.198807599716819,NA,NA,0.198807599716819,1.06512573131805,0,199.096396689099,0.002350251252,81263.2971590817,1e-04,"1_444_1",1,444,1,444,1,NA,NA,NA,NA,NA,NA,NA,2,FALSE,NA,NA,NA,NA,NA
"202","competitors",-3511.70953269356,-352608.735600386,-0.0702131635618018,0,0,-352608.735600386,-0.0702131635618018,0,0,FALSE,NA,NA,NA,NA,NA,NA,NA,NA,1,0.0431989381983239,NA,NA,0.198807599716819,NA,NA,0.198807599716819,1.06512573131805,0,199.096396689099,0.002350251252,81263.2971590817,1e-04,"1_444_1",1,444,1,444,1,NA,NA,NA,NA,NA,NA,NA,2,FALSE,NA,NA,NA,NA,NA
"203","season",1694.04397051682,-2.56258691738664,-5.10274749902153e-07,-0.0258847163372392,-4.81613439580744e-07,-2.56258691738664,-5.10274749902153e-07,-0.0258847163372392,-4.81613439580744e-07,FALSE,NA,NA,NA,NA,NA,NA,NA,NA,1,0.0431989381983239,NA,NA,0.198807599716819,NA,NA,0.198807599716819,1.06512573131805,0,199.096396689099,0.002350251252,81263.2971590817,1e-04,"1_444_1",1,444,1,444,1,NA,NA,NA,NA,NA,NA,NA,2,FALSE,NA,NA,NA,NA,NA
"204","trend",2857.63406423839,428645.109635759,0.0853538955623907,4286.45109635759,0.0797541077605495,428645.109635759,0.0853538955623907,4286.45109635759,0.0797541077605495,TRUE,NA,NA,NA,NA,NA,NA,NA,NA,1,0.0431989381983239,NA,NA,0.198807599716819,NA,NA,0.198807599716819,1.06512573131805,0,199.096396689099,0.002350251252,81263.2971590817,1e-04,"1_444_1",1,444,1,444,1,NA,NA,NA,NA,NA,NA,NA,2,FALSE,NA,NA,NA,NA,NA
"205","tv",73.899712015197,6674.45876256441,0.00132905063734309,66.7445876256441,0.00124185600494834,6674.45876256441,0.00132905063734309,66.7445876256441,0.00124185600494834,TRUE,0.458538882371808,0.458538882371808,46446.328651486,4644632.8651486,NA,NA,0.00663780094814246,0.00663780094814246,1,0.0431989381983239,NA,NA,0.198807599716819,NA,NA,0.198807599716819,1.06512573131805,0,199.096396689099,0.002350251252,81263.2971590817,1e-04,"1_444_1",1,444,1,444,1,66.7445876256441,50556.3356422558,4110.00699076983,0.00143702612377542,0.00143702612377542,695.881573379303,695.881573379303,2,FALSE,0.0299280646716883,0.0145101661480368,0,0.177834679326039,0.203318399319586
"206","paid_search",4837.66792137114,214495.805414447,0.0427114462812205,2144.95805414447,0.0399092890474039,214495.805414447,0.0427114462812205,2144.95805414447,0.0399092890474039,TRUE,0.297445999778094,0.297445999778094,30128.9055146277,3012890.55146277,NA,NA,0.213317740239594,0.213317740239594,1,0.0431989381983239,NA,NA,0.198807599716819,NA,NA,0.198807599716819,1.06512573131805,0,199.096396689099,0.002350251252,81263.2971590817,1e-04,"1_444_1",1,444,1,444,1,2144.95805414447,47752.7683392426,17623.8628246149,0.0711926974281586,0.0711926974281586,14.0463844765696,14.0463844765696,2,FALSE,0.0503426058359058,0.00170735272801891,0.03304911803773,0.0676548057722503,0.516408838694312
"207","social",0,0,0,0,0,0,0,0,0,TRUE,0.162751814066573,0.162751814066573,16485.459653195,1648545.9653195,NA,NA,0,0,1,0.0431989381983239,NA,NA,0.198807599716819,NA,NA,0.198807599716819,1.06512573131805,0,199.096396689099,0.002350251252,81263.2971590817,1e-04,"1_444_1",1,444,1,444,1,0,31719.267793145,15233.80813995,0,0,Inf,Inf,2,FALSE,0,0,0,0,NA
"208","display",8401.63571559111,784352.319990295,0.156184042462211,7843.52319990295,0.145937322144884,784352.319990295,0.156184042462211,7843.52319990295,0.145937322144884,TRUE,0.0812633037835251,0.0812633037835251,8231.32401621435,823132.401621435,NA,NA,0.780044458812263,0.780044458812263,1,0.0431989381983239,NA,NA,0.198807599716819,NA,NA,0.198807599716819,1.06512573131805,0,199.096396689099,0.002350251252,81263.2971590817,1e-04,"1_444_1",1,444,1,444,1,7843.52319990295,8239.57042885614,8.24641264179234,0.952887188555876,0.952887188555876,1.04944217112996,1.04944217112996,2,FALSE,0.222847348692917,0.0338030734868356,0,0.565510115981625,4.80819278623068e-07
"209","(Intercept)",43768.5124485362,4376851.24485362,0.87153987213993,43768.5124485362,0.82408739450914,4376851.24485362,0.87153987213993,43768.5124485362,0.82408739450914,TRUE,NA,NA,NA,NA,NA,NA,NA,NA,1,0.0213855718581913,NA,NA,0.201061058623572,NA,NA,0.201061058623572,0.600866410504675,0,389.86769368818,0.00469805626,81263.2971590817,1e-04,"1_449_1",1,449,1,449,6,NA,NA,NA,NA,NA,NA,NA,4,FALSE,NA,NA,NA,NA,NA
"210","competitors",-2879.95500964803,-289174.627082292,-0.0575818558626481,0,0,-289174.627082292,-0.0575818558626481,0,0,FALSE,NA,NA,NA,NA,NA,NA,NA,NA,1,0.0213855718581913,NA,NA,0.201061058623572,NA,NA,0.201061058623572,0.600866410504675,0,389.86769368818,0.00469805626,81263.2971590817,1e-04,"1_449_1",1,449,1,449,6,NA,NA,NA,NA,NA,NA,NA,4,FALSE,NA,NA,NA,NA,NA
"211","season",1570.59740175022,-2.37584881163312,-4.73090551557868e-07,-0.0239984728447791,-4.5185083642279e-07,-2.37584881163312,-4.73090551557868e-07,-0.0239984728447791,-4.5185083642279e-07,FALSE,NA,NA,NA,NA,NA,NA,NA,NA,1,0.0213855718581913,NA,NA,0.201061058623572,NA,NA,0.201061058623572,0.600866410504675,0,389.86769368818,0.00469805626,81263.2971590817,1e-04,"1_449_1",1,449,1,449,6,NA,NA,NA,NA,NA,NA,NA,4,FALSE,NA,NA,NA,NA,NA
"212","trend",2337.36018626219,350604.027939328,0.0698139764382616,3506.04027939328,0.0660128351925731,350604.027939328,0.0698139764382616,3506.04027939328,0.0660128351925731,TRUE,NA,NA,NA,NA,NA,NA,NA,NA,1,0.0213855718581913,NA,NA,0.201061058623572,NA,NA,0.201061058623572,0.600866410504675,0,389.86769368818,0.00469805626,81263.2971590817,1e-04,"1_449_1",1,449,1,449,6,NA,NA,NA,NA,NA,NA,NA,4,FALSE,NA,NA,NA,NA,NA
"213","tv",1120.42071949715,88525.6053200421,0.0176276483767773,885.256053200421,0.016667880938681,88525.6053200421,0.0176276483767773,885.256053200421,0.016667880938681,TRUE,0.458538882371808,0.458538882371808,46446.328651486,4644632.8651486,NA,NA,0.151663760206639,0.151663760206639,1,0.0213855718581913,NA,NA,0.201061058623572,NA,NA,0.201061058623572,0.600866410504675,0,389.86769368818,0.00469805626,81263.2971590817,1e-04,"1_449_1",1,449,1,449,6,885.256053200421,55590.7480300037,9144.41937851776,0.0190597637940991,0.0190597637940991,52.4665473718829,52.4665473718829,4,FALSE,0.013277257972778,0.00476704806588681,0,0.0605151866945884,0.5641130966468
"214","paid_search",3788.30953897321,305960.134963099,0.0609242676956853,3059.60134963099,0.0576071418332697,305960.134963099,0.0609242676956853,3059.60134963099,0.0576071418332697,TRUE,0.297445999778094,0.297445999778094,30128.9055146277,3012890.55146277,NA,NA,0.524176755121594,0.524176755121594,1,0.0213855718581913,NA,NA,0.201061058623572,NA,NA,0.201061058623572,0.600866410504675,0,389.86769368818,0.00469805626,81263.2971590817,1e-04,"1_449_1",1,449,1,449,6,3059.60134963099,49609.7022642893,19480.7967496616,0.101550364919348,0.101550364919348,9.84733044331459,9.84733044331459,4,FALSE,0.133923584831066,0.0164877332129478,0,0.298121680466299,0.693721704406342
"215","social",0,0,0,0,0,0,0,0,0,TRUE,0.162751814066573,0.162751814066573,16485.459653195,1648545.9653195,NA,NA,0,0,1,0.0213855718581913,NA,NA,0.201061058623572,NA,NA,0.201061058623572,0.600866410504675,0,389.86769368818,0.00469805626,81263.2971590817,1e-04,"1_449_1",1,449,1,449,6,0,18893.4774709365,2408.01781774148,0,0,Inf,Inf,4,FALSE,0,0,0,0,NA
"216","display",3779.30321305299,189210.755171193,0.037676564302545,1892.10755171193,0.0356251993771724,189210.755171193,0.037676564302545,1892.10755171193,0.0356251993771724,TRUE,0.0812633037835251,0.0812633037835251,8231.32401621435,823132.401621435,NA,NA,0.324159484671767,0.324159484671767,1,0.0213855718581913,NA,NA,0.201061058623572,NA,NA,0.201061058623572,0.600866410504675,0,389.86769368818,0.00469805626,81263.2971590817,1e-04,"1_449_1",1,449,1,449,6,1892.10755171193,8686.2314636961,454.907447481755,0.229866732008702,0.229866732008702,4.35034679121007,4.35034679121007,4,FALSE,0.658697401025889,0.107624153991352,0,1.73529762260276,0.0317486735524593
"217","(Intercept)",46088.329573455,4608832.9573455,0.917733197143082,46088.329573455,0.861591681373517,4608832.9573455,0.917733197143082,46088.329573455,0.861591681373517,TRUE,NA,NA,NA,NA,NA,NA,NA,NA,1,0.0145553761395404,NA,NA,0.201761486938547,NA,NA,0.201761486938547,0.454475138731997,0,39.6028932914333,0.0003873792062,81263.2971590817,1e-04,"1_453_1",1,453,1,453,4,NA,NA,NA,NA,NA,NA,NA,3,FALSE,NA,NA,NA,NA,NA
"218","competitors",-3258.98770674921,-327233.082325183,-0.0651602402674718,0,0,-327233.082325183,-0.0651602402674718,0,0,FALSE,NA,NA,NA,NA,NA,NA,NA,NA,1,0.0145553761395404,NA,NA,0.201761486938547,NA,NA,0.201761486938547,0.454475138731997,0,39.6028932914333,0.0003873792062,81263.2971590817,1e-04,"1_453_1",1,453,1,453,4,NA,NA,NA,NA,NA,NA,NA,3,FALSE,NA,NA,NA,NA,NA
"219","season",1984.06941816091,-3.00130954252195,-5.97635329283259e-07,-0.0303162580052728,-5.66742946630041e-07,-3.00130954252195,-5.97635329283259e-07,-0.0303162580052728,-5.66742946630041e-07,FALSE,NA,NA,NA,NA,NA,NA,NA,NA,1,0.0145553761395404,NA,NA,0.201761486938547,NA,NA,0.201761486938547,0.454475138731997,0,39.6028932914333,0.0003873792062,81263.2971590817,1e-04,"1_453_1",1,453,1,453,4,NA,NA,NA,NA,NA,NA,NA,3,FALSE,NA,NA,NA,NA,NA
"220","trend",3216.67651859725,482501.477789588,0.0960780370944795,4825.01477789588,0.0902005482432098,482501.477789588,0.0960780370944795,4825.01477789588,0.0902005482432098,TRUE,NA,NA,NA,NA,NA,NA,NA,NA,1,0.0145553761395404,NA,NA,0.201761486938547,NA,NA,0.201761486938547,0.454475138731997,0,39.6028932914333,0.0003873792062,81263.2971590817,1e-04,"1_453_1",1,453,1,453,4,NA,NA,NA,NA,NA,NA,NA,3,FALSE,NA,NA,NA,NA,NA
"221","tv",1493.86321698309,67632.6166936389,0.0134673350333693,676.326166936389,0.0126434827367502,67632.6166936389,0.0134673350333693,676.326166936389,0.0126434827367502,TRUE,0.458538882371808,0.458538882371808,46446.328651486,4644632.8651486,NA,NA,0.262267555581658,0.262267555581658,1,0.0145553761395404,NA,NA,0.201761486938547,NA,NA,0.201761486938547,0.454475138731997,0,39.6028932914333,0.0003873792062,81263.2971590817,1e-04,"1_453_1",1,453,1,453,4,676.326166936389,53735.2326902817,7288.90403879571,0.0145614559120757,0.0145614559120757,68.6744516508621,68.6744516508621,3,FALSE,0.03559881205344,0.0048137479411895,0,0.0949683114842912,0.280442678928593
"222","paid_search",3005.57471264601,132525.509336184,0.0263891229106645,1325.25509336184,0.0247747916816689,132525.509336184,0.0263891229106645,1325.25509336184,0.0247747916816689,TRUE,0.297445999778094,0.297445999778094,30128.9055146277,3012890.55146277,NA,NA,0.513910936542016,0.513910936542016,1,0.0145553761395404,NA,NA,0.201761486938547,NA,NA,0.201761486938547,0.454475138731997,0,39.6028932914333,0.0003873792062,81263.2971590817,1e-04,"1_453_1",1,453,1,453,4,1325.25509336184,57681.4130971733,27552.5075825456,0.0439861677922029,0.0439861677922029,22.7344197094902,22.7344197094902,3,FALSE,0.050863949674026,0.0030520423666056,0.0133192347870684,0.0886217523500738,0.309886241978321
"223","social",0,0,0,0,0,0,0,0,0,TRUE,0.162751814066573,0.162751814066573,16485.459653195,1648545.9653195,NA,NA,0,0,1,0.0145553761395404,NA,NA,0.201761486938547,NA,NA,0.201761486938547,0.454475138731997,0,39.6028932914333,0.0003873792062,81263.2971590817,1e-04,"1_453_1",1,453,1,453,4,0,19442.6987539294,2957.23910073441,0,0,Inf,Inf,3,FALSE,0,0,0,0,NA
"224","display",1995.12663271312,57718.2877859962,0.0114931457212056,577.182877859962,0.0107900627078008,57718.2877859962,0.0114931457212056,577.182877859962,0.0107900627078008,TRUE,0.0812633037835251,0.0812633037835251,8231.32401621435,823132.401621435,NA,NA,0.223821507876326,0.223821507876326,1,0.0145553761395404,NA,NA,0.201761486938547,NA,NA,0.201761486938547,0.454475138731997,0,39.6028932914333,0.0003873792062,81263.2971590817,1e-04,"1_453_1",1,453,1,453,4,577.182877859962,11630.7044744707,3399.38045825637,0.0701202961665714,0.0701202961665714,14.2612061652519,14.2612061652519,3,FALSE,0.11716472045816,0.00898151402797058,0.00659233408612599,0.228191688418101,0.0481740097375339
"225","(Intercept)",42449.376249464,4244937.6249464,0.845272591623455,42449.376249464,0.797967649104986,4244937.6249464,0.845272591623455,42449.376249464,0.797967649104986,TRUE,NA,NA,NA,NA,NA,NA,NA,NA,1,0.0304848886419968,NA,NA,0.200124126319236,NA,NA,0.200124126319236,0.847823998314572,0,530.773025007948,0.006432165362,81263.2971590817,1e-04,"1_456_1",1,456,1,456,3,NA,NA,NA,NA,NA,NA,NA,4,FALSE,NA,NA,NA,NA,NA
"226","competitors",-2964.97687499871,-297711.623710454,-0.0592817840835388,0,0,-297711.623710454,-0.0592817840835388,0,0,FALSE,NA,NA,NA,NA,NA,NA,NA,NA,1,0.0304848886419968,NA,NA,0.200124126319236,NA,NA,0.200124126319236,0.847823998314572,0,530.773025007948,0.006432165362,81263.2971590817,1e-04,"1_456_1",1,456,1,456,3,NA,NA,NA,NA,NA,NA,NA,4,FALSE,NA,NA,NA,NA,NA
"227","season",1384.50166120039,-2.09434105952401,-4.17035361067202e-07,-0.0211549601972125,-3.97673071949847e-07,-2.09434105952401,-4.17035361067202e-07,-0.0211549601972125,-3.97673071949847e-07,FALSE,NA,NA,NA,NA,NA,NA,NA,NA,1,0.0304848886419968,NA,NA,0.200124126319236,NA,NA,0.200124126319236,0.847823998314572,0,530.773025007948,0.006432165362,81263.2971590817,1e-04,"1_456_1",1,456,1,456,3,NA,NA,NA,NA,NA,NA,NA,4,FALSE,NA,NA,NA,NA,NA
"228","trend",1946.19395476018,291929.093214027,0.0581303385334011,2919.29093214027,0.0548771248953956,291929.093214027,0.0581303385334011,2919.29093214027,0.0548771248953956,TRUE,NA,NA,NA,NA,NA,NA,NA,NA,1,0.0304848886419968,NA,NA,0.200124126319236,NA,NA,0.200124126319236,0.847823998314572,0,530.773025007948,0.006432165362,81263.2971590817,1e-04,"1_456_1",1,456,1,456,3,NA,NA,NA,NA,NA,NA,NA,4,FALSE,NA,NA,NA,NA,NA
"229","tv",392.791661281061,29528.4176244581,0.00587984189574059,295.284176244581,0.00555078167818227,29528.4176244581,0.00587984189574059,295.284176244581,0.00555078167818227,TRUE,0.458538882371808,0.458538882371808,46446.328651486,4644632.8651486,NA,NA,0.0377204862420246,0.0377204862420246,1,0.0304848886419968,NA,NA,0.200124126319236,NA,NA,0.200124126319236,0.847823998314572,0,530.773025007948,0.006432165362,81263.2971590817,1e-04,"1_456_1",1,456,1,456,3,295.284176244581,54424.5938009586,7978.26514947267,0.00635753534924733,0.00635753534924733,157.293659423913,157.293659423913,4,FALSE,0.013277257972778,0.00476704806588681,0,0.0605151866945884,0.483424808548256
"230","paid_search",5151.81723363914,298761.720827203,0.0594908845202836,2987.61720827203,0.0561615291141183,298761.720827203,0.0594908845202836,2987.61720827203,0.0561615291141183,TRUE,0.297445999778094,0.297445999778094,30128.9055146277,3012890.55146277,NA,NA,0.38164718216298,0.38164718216298,1,0.0304848886419968,NA,NA,0.200124126319236,NA,NA,0.200124126319236,0.847823998314572,0,530.773025007948,0.006432165362,81263.2971590817,1e-04,"1_456_1",1,456,1,456,3,2987.61720827203,60639.5794502144,30510.6739355867,0.0991611595987625,0.0991611595987625,10.0845936458016,10.0845936458016,4,FALSE,0.133923584831066,0.0164877332129478,0,0.298121680466299,0.749154070606626
"231","social",0,0,0,0,0,0,0,0,0,TRUE,0.162751814066573,0.162751814066573,16485.459653195,1648545.9653195,NA,NA,0,0,1,0.0304848886419968,NA,NA,0.200124126319236,NA,NA,0.200124126319236,0.847823998314572,0,530.773025007948,0.006432165362,81263.2971590817,1e-04,"1_456_1",1,456,1,456,3,0,32608.3211999294,16122.8615467345,0,0,Inf,Inf,4,FALSE,0,0,0,0,NA
"232","display",5667.28699455503,454531.626755605,0.0905085445460194,4545.31626755605,0.08544331288039,454531.626755605,0.0905085445460194,4545.31626755605,0.08544331288039,TRUE,0.0812633037835251,0.0812633037835251,8231.32401621435,823132.401621435,NA,NA,0.580632331594995,0.580632331594995,1,0.0304848886419968,NA,NA,0.200124126319236,NA,NA,0.200124126319236,0.847823998314572,0,530.773025007948,0.006432165362,81263.2971590817,1e-04,"1_456_1",1,456,1,456,3,4545.31626755605,8540.36439059939,309.04037438504,0.55219746648322,0.55219746648322,1.81094637461613,1.81094637461613,4,FALSE,0.658697401025889,0.107624153991352,0,1.73529762260276,0.0418592351322578
"233","(Intercept)",38594.8640256575,3859486.40256575,0.768519672623794,38594.8640256575,0.726458197426288,3859486.40256575,0.768519672623794,38594.8640256575,0.726458197426288,TRUE,NA,NA,NA,NA,NA,NA,NA,NA,1,0.0251015039872128,NA,NA,0.200678967468098,NA,NA,0.200678967468098,0.788918984126517,0,420.91641188319,0.005080170012,81263.2971590817,1e-04,"1_457_1",1,457,1,457,5,NA,NA,NA,NA,NA,NA,NA,4,FALSE,NA,NA,NA,NA,NA
"234","competitors",-2895.83592949558,-290769.221115621,-0.0578993791692846,0,0,-290769.221115621,-0.0578993791692846,0,0,FALSE,NA,NA,NA,NA,NA,NA,NA,NA,1,0.0251015039872128,NA,NA,0.200678967468098,NA,NA,0.200678967468098,0.788918984126517,0,420.91641188319,0.005080170012,81263.2971590817,1e-04,"1_457_1",1,457,1,457,5,NA,NA,NA,NA,NA,NA,NA,4,FALSE,NA,NA,NA,NA,NA
"235","season",1549.96386444029,-2.34463637931701,-4.66875380479813e-07,-0.0236831957506765,-4.45780860450572e-07,-2.34463637931701,-4.66875380479813e-07,-0.0236831957506765,-4.45780860450572e-07,FALSE,NA,NA,NA,NA,NA,NA,NA,NA,1,0.0251015039872128,NA,NA,0.200678967468098,NA,NA,0.200678967468098,0.788918984126517,0,420.91641188319,0.005080170012,81263.2971590817,1e-04,"1_457_1",1,457,1,457,5,NA,NA,NA,NA,NA,NA,NA,4,FALSE,NA,NA,NA,NA,NA
"236","trend",2358.32922598763,353749.383898145,0.0704402949893901,3537.49383898145,0.0665850615761895,353749.383898145,0.0704402949893901,3537.49383898145,0.0665850615761895,TRUE,NA,NA,NA,NA,NA,NA,NA,NA,1,0.0251015039872128,NA,NA,0.200678967468098,NA,NA,0.200678967468098,0.788918984126517,0,420.91641188319,0.005080170012,81263.2971590817,1e-04,"1_457_1",1,457,1,457,5,NA,NA,NA,NA,NA,NA,NA,4,FALSE,NA,NA,NA,NA,NA
"237","tv",516.648466735392,25498.6542487634,0.00507741584542949,254.986542487634,0.00479952627635596,25498.6542487634,0.00507741584542949,254.986542487634,0.00479952627635596,TRUE,0.458538882371808,0.458538882371808,46446.328651486,4644632.8651486,NA,NA,0.0231909137878621,0.0231909137878621,1,0.0251015039872128,NA,NA,0.200678967468098,NA,NA,0.200678967468098,0.788918984126517,0,420.91641188319,0.005080170012,81263.2971590817,1e-04,"1_457_1",1,457,1,457,5,254.986542487634,56036.3221996889,9589.99354820293,0.00548991814618864,0.00548991814618863,182.15207829542,182.15207829542,4,FALSE,0.013277257972778,0.00476704806588681,0,0.0605151866945884,0.201700204424141
"238","paid_search",6332.00024668219,610161.331602075,0.12149828705156,6101.61331602075,0.11484862358893,610161.331602075,0.12149828705156,6101.61331602075,0.11484862358893,TRUE,0.297445999778094,0.297445999778094,30128.9055146277,3012890.55146277,NA,NA,0.554939045010861,0.554939045010861,1,0.0251015039872128,NA,NA,0.200678967468098,NA,NA,0.200678967468098,0.788918984126517,0,420.91641188319,0.005080170012,81263.2971590817,1e-04,"1_457_1",1,457,1,457,5,6101.61331602075,54208.4150801878,24079.5095655601,0.202516925583586,0.202516925583586,4.93785888324314,4.93785888324314,4,FALSE,0.133923584831066,0.0164877332129478,0,0.298121680466299,0.918987413817186
"239","social",0,0,0,0,0,0,0,0,0,TRUE,0.162751814066573,0.162751814066573,16485.459653195,1648545.9653195,NA,NA,0,0,1,0.0251015039872128,NA,NA,0.200678967468098,NA,NA,0.200678967468098,0.788918984126517,0,420.91641188319,0.005080170012,81263.2971590817,1e-04,"1_457_1",1,457,1,457,5,0,48197.5774447937,31712.1177915988,0,0,Inf,Inf,4,FALSE,0,0,0,0,NA
"240","display",6745.32134540742,463850.55875345,0.0923641755344915,4638.5055875345,0.0873090369130968,463850.55875345,0.0923641755344915,4638.5055875345,0.0873090369130968,TRUE,0.0812633037835251,0.0812633037835251,8231.32401621435,823132.401621435,NA,NA,0.421870041201277,0.421870041201277,1,0.0251015039872128,NA,NA,0.200678967468098,NA,NA,0.200678967468098,0.788918984126517,0,420.91641188319,0.005080170012,81263.2971590817,1e-04,"1_457_1",1,457,1,457,5,4638.5055875345,8392.40807620303,161.08405998868,0.563518770297149,0.563518770297149,1.77456378156257,1.77456378156257,4,FALSE,0.658697401025889,0.107624153991352,0,1.73529762260276,0.0865296069472954
"241","(Intercept)",45711.1461666792,4571114.61666792,0.910222538001965,45711.1461666792,0.853157442143621,4571114.61666792,0.910222538001965,45711.1461666792,0.853157442143621,TRUE,NA,NA,NA,NA,NA,NA,NA,NA,1,0.00365510367999733,NA,NA,0.202874287643038,NA,NA,0.202874287643038,0.357733473077384,0,56.5549199438141,0.000596006257,81263.2971590817,1e-04,"1_460_1",1,460,1,460,6,NA,NA,NA,NA,NA,NA,NA,3,FALSE,NA,NA,NA,NA,NA
"242","competitors",-3345.34917478197,-335904.587688631,-0.0668869525208542,0,0,-335904.587688631,-0.0668869525208542,0,0,FALSE,NA,NA,NA,NA,NA,NA,NA,NA,1,0.00365510367999733,NA,NA,0.202874287643038,NA,NA,0.202874287643038,0.357733473077384,0,56.5549199438141,0.000596006257,81263.2971590817,1e-04,"1_460_1",1,460,1,460,6,NA,NA,NA,NA,NA,NA,NA,3,FALSE,NA,NA,NA,NA,NA
"243","season",2106.13378190618,-3.18595678135267,-6.34403184053452e-07,-0.0321813816298246,-6.00636552315606e-07,-3.18595678135267,-6.34403184053452e-07,-0.0321813816298246,-6.00636552315606e-07,FALSE,NA,NA,NA,NA,NA,NA,NA,NA,1,0.00365510367999733,NA,NA,0.202874287643038,NA,NA,0.202874287643038,0.357733473077384,0,56.5549199438141,0.000596006257,81263.2971590817,1e-04,"1_460_1",1,460,1,460,6,NA,NA,NA,NA,NA,NA,NA,3,FALSE,NA,NA,NA,NA,NA
"244","trend",3656.24129475535,548436.194213302,0.109207277981767,5484.36194213302,0.102360684400226,548436.194213302,0.109207277981767,5484.36194213302,0.102360684400226,TRUE,NA,NA,NA,NA,NA,NA,NA,NA,1,0.00365510367999733,NA,NA,0.202874287643038,NA,NA,0.202874287643038,0.357733473077384,0,56.5549199438141,0.000596006257,81263.2971590817,1e-04,"1_460_1",1,460,1,460,6,NA,NA,NA,NA,NA,NA,NA,3,FALSE,NA,NA,NA,NA,NA
"245","tv",1860.62734144052,90858.3125472465,0.0180921483665651,908.583125472465,0.0169578870868041,90858.3125472465,0.0180921483665651,908.583125472465,0.0169578870868041,TRUE,0.458538882371808,0.458538882371808,46446.328651486,4644632.8651486,NA,NA,0.381226256692965,0.381226256692965,1,0.00365510367999733,NA,NA,0.202874287643038,NA,NA,0.202874287643038,0.357733473077384,0,56.5549199438141,0.000596006257,81263.2971590817,1e-04,"1_460_1",1,460,1,460,6,908.583125472465,55498.9689098125,9052.64025832657,0.0195620009557719,0.0195620009557719,51.1195149341276,51.1195149341276,3,FALSE,0.03559881205344,0.0048137479411895,0,0.0949683114842912,0.308844646478869
"246","paid_search",959.236535596176,75297.3588235742,0.014993575703249,752.973588235742,0.0140535749901889,75297.3588235742,0.014993575703249,752.973588235742,0.0140535749901889,TRUE,0.297445999778094,0.297445999778094,30128.9055146277,3012890.55146277,NA,NA,0.315935102011182,0.315935102011182,1,0.00365510367999733,NA,NA,0.202874287643038,NA,NA,0.202874287643038,0.357733473077384,0,56.5549199438141,0.000596006257,81263.2971590817,1e-04,"1_460_1",1,460,1,460,6,752.973588235742,52861.7350989429,22732.8295843152,0.0249917338640188,0.0249917338640188,40.0132301920727,40.0132301920727,3,FALSE,0.050863949674026,0.0030520423666056,0.0133192347870684,0.0886217523500738,0.469616038030272
"247","social",0,0,0,0,0,0,0,0,0,TRUE,0.162751814066573,0.162751814066573,16485.459653195,1648545.9653195,NA,NA,0,0,1,0.00365510367999733,NA,NA,0.202874287643038,NA,NA,0.202874287643038,0.357733473077384,0,56.5549199438141,0.000596006257,81263.2971590817,1e-04,"1_460_1",1,460,1,460,6,0,37162.101182191,20676.641528996,0,0,Inf,Inf,3,FALSE,0,0,0,0,NA
"248","display",1827.7383380675,72176.0567095531,0.0143720468704922,721.760567095531,0.0134710120157131,72176.0567095531,0.0143720468704922,721.760567095531,0.0134710120157131,TRUE,0.0812633037835251,0.0812633037835251,8231.32401621435,823132.401621435,NA,NA,0.302838641295853,0.302838641295853,1,0.00365510367999733,NA,NA,0.202874287643038,NA,NA,0.202874287643038,0.357733473077384,0,56.5549199438141,0.000596006257,81263.2971590817,1e-04,"1_460_1",1,460,1,460,6,721.760567095531,19585.6871117082,11354.3630954939,0.087684625908758,0.087684625908758,11.4045077986712,11.4045077986712,3,FALSE,0.11716472045816,0.00898151402797058,0.00659233408612599,0.228191688418101,0.684449558596825
"249","(Intercept)",45337.2191343681,4533721.91343681,0.902776721370357,45337.2191343681,0.848560643615327,4533721.91343681,0.902776721370357,45337.2191343681,0.848560643615327,TRUE,NA,NA,NA,NA,NA,NA,NA,NA,1,0.0086048605999699,NA,NA,0.202369729086703,NA,NA,0.202369729086703,0.320536125497917,0,29.0818247260872,0.0002578973719,81263.2971590817,1e-04,"1_462_1",1,462,1,462,4,NA,NA,NA,NA,NA,NA,NA,3,FALSE,NA,NA,NA,NA,NA
"250","competitors",-3195.54765663873,-320863.103359775,-0.0638918191257725,0,0,-320863.103359775,-0.0638918191257725,0,0,FALSE,NA,NA,NA,NA,NA,NA,NA,NA,1,0.0086048605999699,NA,NA,0.202369729086703,NA,NA,0.202369729086703,0.320536125497917,0,29.0818247260872,0.0002578973719,81263.2971590817,1e-04,"1_462_1",1,462,1,462,4,NA,NA,NA,NA,NA,NA,NA,3,FALSE,NA,NA,NA,NA,NA
"251","season",2093.12630743413,-3.16628032401719,-6.30485112327689e-07,-0.0319826295355273,-5.98607528678455e-07,-3.16628032401719,-6.30485112327689e-07,-0.0319826295355273,-5.98607528678455e-07,FALSE,NA,NA,NA,NA,NA,NA,NA,NA,1,0.0086048605999699,NA,NA,0.202369729086703,NA,NA,0.202369729086703,0.320536125497917,0,29.0818247260872,0.0002578973719,81263.2971590817,1e-04,"1_462_1",1,462,1,462,4,NA,NA,NA,NA,NA,NA,NA,3,FALSE,NA,NA,NA,NA,NA
"252","trend",3553.21341882431,532982.012823646,0.106129966344044,5329.82012823646,0.0997563521698625,532982.012823646,0.106129966344044,5329.82012823646,0.0997563521698625,TRUE,NA,NA,NA,NA,NA,NA,NA,NA,1,0.0086048605999699,NA,NA,0.202369729086703,NA,NA,0.202369729086703,0.320536125497917,0,29.0818247260872,0.0002578973719,81263.2971590817,1e-04,"1_462_1",1,462,1,462,4,NA,NA,NA,NA,NA,NA,NA,3,FALSE,NA,NA,NA,NA,NA
"253","tv",2357.94266659454,102437.60846092,0.0203978739933932,1024.3760846092,0.0191728836981356,102437.60846092,0.0203978739933932,1024.3760846092,0.0191728836981356,TRUE,0.458538882371808,0.458538882371808,46446.328651486,4644632.8651486,NA,NA,0.370966470043543,0.370966470043543,1,0.0086048605999699,NA,NA,0.202369729086703,NA,NA,0.202369729086703,0.320536125497917,0,29.0818247260872,0.0002578973719,81263.2971590817,1e-04,"1_462_1",1,462,1,462,4,1024.3760846092,50787.5767032744,4341.24805178846,0.022055049653024,0.022055049653024,45.3410903957265,45.3410903957265,3,FALSE,0.03559881205344,0.0048137479411895,0,0.0949683114842912,0.351218298500594
"254","paid_search",1617.02452013366,113503.701875353,0.0226014082466634,1135.03701875353,0.0212440851368979,113503.701875353,0.0226014082466634,1135.03701875353,0.0212440851368979,TRUE,0.297445999778094,0.297445999778094,30128.9055146277,3012890.55146277,NA,NA,0.411041103498994,0.411041103498994,1,0.0086048605999699,NA,NA,0.202369729086703,NA,NA,0.202369729086703,0.320536125497917,0,29.0818247260872,0.0002578973719,81263.2971590817,1e-04,"1_462_1",1,462,1,462,4,1135.03701875353,69215.0885525151,39086.1830378874,0.0376726933609474,0.0376726933609474,26.5444254388413,26.5444254388413,3,FALSE,0.050863949674026,0.0030520423666056,0.0133192347870684,0.0886217523500738,0.741230558172965
"255","social",0,0,0,0,0,0,0,0,0,TRUE,0.162751814066573,0.162751814066573,16485.459653195,1648545.9653195,NA,NA,0,0,1,0.0086048605999699,NA,NA,0.202369729086703,NA,NA,0.202369729086703,0.320536125497917,0,29.0818247260872,0.0002578973719,81263.2971590817,1e-04,"1_462_1",1,462,1,462,4,0,18151.4231393896,1665.96348619465,0,0,Inf,Inf,3,FALSE,0,0,0,0,NA
"256","display",2133.66438544146,60195.7983595507,0.0119864796564267,601.957983595507,0.0112666339873055,60195.7983595507,0.0119864796564267,601.957983595507,0.0112666339873055,TRUE,0.0812633037835251,0.0812633037835251,8231.32401621435,823132.401621435,NA,NA,0.217992426457463,0.217992426457463,1,0.0086048605999699,NA,NA,0.202369729086703,NA,NA,0.202369729086703,0.320536125497917,0,29.0818247260872,0.0002578973719,81263.2971590817,1e-04,"1_462_1",1,462,1,462,4,601.957983595507,11566.4446982313,3335.12068201698,0.0731301528660212,0.0731301528660212,13.6742500980691,13.6742500980691,3,FALSE,0.11716472045816,0.00898151402797058,0.00659233408612599,0.228191688418101,0.0561471358970396
"257","(Intercept)",45259.9190535069,4525991.90535069,0.901237484626376,45259.9190535069,0.850056686117629,4525991.90535069,0.901237484626376,45259.9190535069,0.850056686117629,TRUE,NA,NA,NA,NA,NA,NA,NA,NA,1,0.0237404354082893,NA,NA,0.200819003877964,NA,NA,0.200819003877964,0.68108002805915,0,264.327855256159,0.003153048882,81263.2971590817,1e-04,"1_465_1",1,465,1,465,6,NA,NA,NA,NA,NA,NA,NA,4,FALSE,NA,NA,NA,NA,NA
"258","competitors",-3011.33624909656,-302366.541815634,-0.0602086939790901,0,0,-302366.541815634,-0.0602086939790901,0,0,FALSE,NA,NA,NA,NA,NA,NA,NA,NA,1,0.0237404354082893,NA,NA,0.200819003877964,NA,NA,0.200819003877964,0.68108002805915,0,264.327855256159,0.003153048882,81263.2971590817,1e-04,"1_465_1",1,465,1,465,6,NA,NA,NA,NA,NA,NA,NA,4,FALSE,NA,NA,NA,NA,NA
"259","season",1689.84893057563,-2.55624106411564,-5.09011132785869e-07,-0.025820616809249,-4.8495420268947e-07,-2.55624106411564,-5.09011132785869e-07,-0.025820616809249,-4.8495420268947e-07,FALSE,NA,NA,NA,NA,NA,NA,NA,NA,1,0.0237404354082893,NA,NA,0.200819003877964,NA,NA,0.200819003877964,0.68108002805915,0,264.327855256159,0.003153048882,81263.2971590817,1e-04,"1_465_1",1,465,1,465,6,NA,NA,NA,NA,NA,NA,NA,4,FALSE,NA,NA,NA,NA,NA
"260","trend",2592.05576934867,388808.365402301,0.0774214096190947,3888.08365402301,0.0730246888506274,388808.365402301,0.0774214096190947,3888.08365402301,0.0730246888506274,TRUE,NA,NA,NA,NA,NA,NA,NA,NA,1,0.0237404354082893,NA,NA,0.200819003877964,NA,NA,0.200819003877964,0.68108002805915,0,264.327855256159,0.003153048882,81263.2971590817,1e-04,"1_465_1",1,465,1,465,6,NA,NA,NA,NA,NA,NA,NA,4,FALSE,NA,NA,NA,NA,NA
"261","tv",763.200425566646,40483.516810048,0.00806127443921937,404.83516810048,0.00760347894154493,40483.516810048,0.00806127443921937,404.83516810048,0.00760347894154493,TRUE,0.458538882371808,0.458538882371808,46446.328651486,4644632.8651486,NA,NA,0.0988503239693514,0.0988503239693514,1,0.0237404354082893,NA,NA,0.200819003877964,NA,NA,0.200819003877964,0.68108002805915,0,264.327855256159,0.003153048882,81263.2971590817,1e-04,"1_465_1",1,465,1,465,6,404.83516810048,54375.1647318575,7928.83608037158,0.00871619307390679,0.00871619307390678,114.728986785945,114.728986785945,4,FALSE,0.013277257972778,0.00476704806588681,0,0.0605151866945884,0.378067739952741
"262","paid_search",3982.32537863371,209283.889166315,0.0416736242108812,2092.83889166315,0.0393070012061239,209283.889166315,0.0416736242108812,2092.83889166315,0.0393070012061239,TRUE,0.297445999778094,0.297445999778094,30128.9055146277,3012890.55146277,NA,NA,0.511017368938692,0.511017368938692,1,0.0237404354082893,NA,NA,0.200819003877964,NA,NA,0.200819003877964,0.68108002805915,0,264.327855256159,0.003153048882,81263.2971590817,1e-04,"1_465_1",1,465,1,465,6,2092.83889166315,41494.9327832224,11366.0272685947,0.0694628250152355,0.0694628250152355,14.3961896133747,14.3961896133747,4,FALSE,0.133923584831066,0.0164877332129478,0,0.298121680466299,0.358701184069365
"263","social",0,0,0,0,0,0,0,0,0,TRUE,0.162751814066573,0.162751814066573,16485.459653195,1648545.9653195,NA,NA,0,0,1,0.0237404354082893,NA,NA,0.200819003877964,NA,NA,0.200819003877964,0.68108002805915,0,264.327855256159,0.003153048882,81263.2971590817,1e-04,"1_465_1",1,465,1,465,6,0,38384.4131515048,21898.9534983098,0,0,Inf,Inf,4,FALSE,0,0,0,0,NA
"264","display",3804.26120693277,159776.186643525,0.0318154100946515,1597.76186643525,0.0300086298382771,159776.186643525,0.0318154100946515,1597.76186643525,0.0300086298382771,TRUE,0.0812633037835251,0.0812633037835251,8231.32401621435,823132.401621435,NA,NA,0.390132307091957,0.390132307091957,1,0.0237404354082893,NA,NA,0.200819003877964,NA,NA,0.200819003877964,0.68108002805915,0,264.327855256159,0.003153048882,81263.2971590817,1e-04,"1_465_1",1,465,1,465,6,1597.76186643525,9100.52176072718,869.197744512833,0.194107517003088,0.194107517003088,5.1517839980617,5.1517839980617,4,FALSE,0.658697401025889,0.107624153991352,0,1.73529762260276,0.0619280082204921
"265","(Intercept)",41971.2234902348,4197122.34902348,0.835751381709549,41971.2234902348,0.788650105517627,4197122.34902348,0.835751381709549,41971.2234902348,0.788650105517627,TRUE,NA,NA,NA,NA,NA,NA,NA,NA,1,0.0107127531335736,NA,NA,0.202154476555534,NA,NA,0.202154476555534,0.411526530817746,0,327.088951216935,0.003925443984,81263.2971590817,1e-04,"1_470_1",1,470,1,470,4,NA,NA,NA,NA,NA,NA,NA,4,FALSE,NA,NA,NA,NA,NA
"266","competitors",-2987.09056180014,-299932.046290944,-0.059723925409263,0,0,-299932.046290944,-0.059723925409263,0,0,FALSE,NA,NA,NA,NA,NA,NA,NA,NA,1,0.0107127531335736,NA,NA,0.202154476555534,NA,NA,0.202154476555534,0.411526530817746,0,327.088951216935,0.003925443984,81263.2971590817,1e-04,"1_470_1",1,470,1,470,4,NA,NA,NA,NA,NA,NA,NA,4,FALSE,NA,NA,NA,NA,NA
"267","season",1618.65009767705,-2.44853831206509,-4.87564837835447e-07,-0.0247327102228804,-4.64733998796811e-07,-2.44853831206509,-4.87564837835447e-07,-0.0247327102228804,-4.64733998796811e-07,FALSE,NA,NA,NA,NA,NA,NA,NA,NA,1,0.0107127531335736,NA,NA,0.202154476555534,NA,NA,0.202154476555534,0.411526530817746,0,327.088951216935,0.003925443984,81263.2971590817,1e-04,"1_470_1",1,470,1,470,4,NA,NA,NA,NA,NA,NA,NA,4,FALSE,NA,NA,NA,NA,NA
"268","trend",2433.71149162752,365056.723744128,0.0726918674035083,3650.56723744128,0.0685950991559039,365056.723744128,0.0726918674035083,3650.56723744128,0.0685950991559039,TRUE,NA,NA,NA,NA,NA,NA,NA,NA,1,0.0107127531335736,NA,NA,0.202154476555534,NA,NA,0.202154476555534,0.411526530817746,0,327.088951216935,0.003925443984,81263.2971590817,1e-04,"1_470_1",1,470,1,470,4,NA,NA,NA,NA,NA,NA,NA,4,FALSE,NA,NA,NA,NA,NA
"269","tv",2432.61837533373,239133.091780633,0.0476173423714083,2391.33091780633,0.0449337242002086,239133.091780633,0.0476173423714083,2391.33091780633,0.0449337242002086,TRUE,0.458538882371808,0.458538882371808,46446.328651486,4644632.8651486,NA,NA,0.31476055019742,0.31476055019742,1,0.0107127531335736,NA,NA,0.202154476555534,NA,NA,0.202154476555534,0.411526530817746,0,327.088951216935,0.003925443984,81263.2971590817,1e-04,"1_470_1",1,470,1,470,4,2391.33091780633,52970.8797782681,6524.55112678209,0.0514858975345476,0.0514858975345476,19.4227943550754,19.4227943550754,4,FALSE,0.013277257972778,0.00476704806588681,0,0.0605151866945884,0.296883644420866
"270","paid_search",3430.33736786084,278299.453073435,0.0554163384084455,2782.99453073435,0.0522931844202559,278299.453073435,0.0554163384084455,2782.99453073435,0.0522931844202559,TRUE,0.297445999778094,0.297445999778094,30128.9055146277,3012890.55146277,NA,NA,0.366313538275968,0.366313538275968,1,0.0107127531335736,NA,NA,0.202154476555534,NA,NA,0.202154476555534,0.411526530817746,0,327.088951216935,0.003925443984,81263.2971590817,1e-04,"1_470_1",1,470,1,470,4,2782.99453073435,65492.3787209212,35363.4732062935,0.0923695860569246,0.0923695860569245,10.8260742814602,10.8260742814602,4,FALSE,0.133923584831066,0.0164877332129478,0,0.298121680466299,0.854461527797272
"271","social",0,0,0,0,0,0,0,0,0,TRUE,0.162751814066573,0.162751814066573,16485.459653195,1648545.9653195,NA,NA,0,0,1,0.0107127531335736,NA,NA,0.202154476555534,NA,NA,0.202154476555534,0.411526530817746,0,327.088951216935,0.003925443984,81263.2971590817,1e-04,"1_470_1",1,470,1,470,4,0,42508.704365695,26023.2447125,0,0,Inf,Inf,4,FALSE,0,0,0,0,NA
"272","display",5350.81317860761,242297.642523756,0.0482474830811901,2422.97642523756,0.0455283514400031,242297.642523756,0.0482474830811901,2422.97642523756,0.0455283514400031,TRUE,0.0812633037835251,0.0812633037835251,8231.32401621435,823132.401621435,NA,NA,0.318925911526611,0.318925911526611,1,0.0107127531335736,NA,NA,0.202154476555534,NA,NA,0.202154476555534,0.411526530817746,0,327.088951216935,0.003925443984,81263.2971590817,1e-04,"1_470_1",1,470,1,470,4,2422.97642523756,11472.0875685556,3240.76355234126,0.294360472320698,0.294360472320698,3.39719525558624,3.39719525558624,4,FALSE,0.658697401025889,0.107624153991352,0,1.73529762260276,0.444698148930459
"273","(Intercept)",40120.4630970901,4012046.30970901,0.798898142104944,40120.4630970901,0.753327871835879,4012046.30970901,0.798898142104944,40120.4630970901,0.753327871835879,TRUE,NA,NA,NA,NA,NA,NA,NA,NA,1,0.0259065216481588,NA,NA,0.200596095519257,NA,NA,0.200596095519257,0.807262309690067,0,328.363681686864,0.003941131976,81263.2971590817,1e-04,"1_473_1",1,473,1,473,5,NA,NA,NA,NA,NA,NA,NA,4,FALSE,NA,NA,NA,NA,NA
"274","competitors",-3025.50341879814,-303789.059181892,-0.0604919525442429,0,0,-303789.059181892,-0.0604919525442429,0,0,FALSE,NA,NA,NA,NA,NA,NA,NA,NA,1,0.0259065216481588,NA,NA,0.200596095519257,NA,NA,0.200596095519257,0.807262309690067,0,328.363681686864,0.003941131976,81263.2971590817,1e-04,"1_473_1",1,473,1,473,5,NA,NA,NA,NA,NA,NA,NA,4,FALSE,NA,NA,NA,NA,NA
"275","season",1572.50145317196,-2.37872907764061,-4.73664084110714e-07,-0.024027566440814,-4.51157192489297e-07,-2.37872907764061,-4.73664084110714e-07,-0.024027566440814,-4.51157192489297e-07,FALSE,NA,NA,NA,NA,NA,NA,NA,NA,1,0.0259065216481588,NA,NA,0.200596095519257,NA,NA,0.200596095519257,0.807262309690067,0,328.363681686864,0.003941131976,81263.2971590817,1e-04,"1_473_1",1,473,1,473,5,NA,NA,NA,NA,NA,NA,NA,4,FALSE,NA,NA,NA,NA,NA
"276","trend",2336.26455932683,350439.683899025,0.0697812514549666,3504.39683899025,0.0658008310222217,350439.683899025,0.0697812514549666,3504.39683899025,0.0658008310222217,TRUE,NA,NA,NA,NA,NA,NA,NA,NA,1,0.0259065216481588,NA,NA,0.200596095519257,NA,NA,0.200596095519257,0.807262309690067,0,328.363681686864,0.003941131976,81263.2971590817,1e-04,"1_473_1",1,473,1,473,5,NA,NA,NA,NA,NA,NA,NA,4,FALSE,NA,NA,NA,NA,NA
"277","tv",554.938531177605,27262.912419914,0.00542872349901136,272.62912419914,0.00511906149827851,27262.912419914,0.00542872349901136,272.62912419914,0.00511906149827851,TRUE,0.458538882371808,0.458538882371808,46446.328651486,4644632.8651486,NA,NA,0.0283021618711485,0.0283021618711485,1,0.0259065216481588,NA,NA,0.200596095519257,NA,NA,0.200596095519257,0.807262309690067,0,328.363681686864,0.003941131976,81263.2971590817,1e-04,"1_473_1",1,473,1,473,5,272.62912419914,55856.6103856232,9410.28173413724,0.00586976693561371,0.00586976693561371,170.364515485732,170.364515485732,4,FALSE,0.013277257972778,0.00476704806588681,0,0.0605151866945884,0.15411469514451
"278","paid_search",8389.65039548192,454822.378139738,0.0905664403734021,4548.22378139738,0.0854004036190183,454822.378139738,0.0905664403734021,4548.22378139738,0.0854004036190183,TRUE,0.297445999778094,0.297445999778094,30128.9055146277,3012890.55146277,NA,NA,0.472159994151211,0.472159994151211,1,0.0259065216481588,NA,NA,0.200596095519257,NA,NA,0.200596095519257,0.807262309690067,0,328.363681686864,0.003941131976,81263.2971590817,1e-04,"1_473_1",1,473,1,473,5,4548.22378139738,60901.2086953923,30772.3031807646,0.150958811935243,0.150958811935243,6.62432346399873,6.62432346399873,4,FALSE,0.133923584831066,0.0164877332129478,0,0.298121680466299,0.828115937311715
"279","social",0,0,0,0,0,0,0,0,0,TRUE,0.162751814066573,0.162751814066573,16485.459653195,1648545.9653195,NA,NA,0,0,1,0.0259065216481588,NA,NA,0.200596095519257,NA,NA,0.200596095519257,0.807262309690067,0,328.363681686864,0.003941131976,81263.2971590817,1e-04,"1_473_1",1,473,1,473,5,0,48156.9335982119,31671.4739450169,0,0,Inf,Inf,4,FALSE,0,0,0,0,NA
"280","display",6873.25472907416,481194.919059461,0.0958178687760025,4811.94919059461,0.0903522831817946,481194.919059461,0.0958178687760025,4811.94919059461,0.0903522831817946,TRUE,0.0812633037835251,0.0812633037835251,8231.32401621435,823132.401621435,NA,NA,0.49953784397764,0.49953784397764,1,0.0259065216481588,NA,NA,0.200596095519257,NA,NA,0.200596095519257,0.807262309690067,0,328.363681686864,0.003941131976,81263.2971590817,1e-04,"1_473_1",1,473,1,473,5,4811.94919059461,8872.22005919317,640.896042978825,0.584589937307275,0.584589937307275,1.71060077531642,1.71060077531642,4,FALSE,0.658697401025889,0.107624153991352,0,1.73529762260276,0.255644231787346
"281","(Intercept)",43978.8302782557,4397883.02782557,0.875727822887354,43978.8302782557,0.825556114721073,4397883.02782557,0.875727822887354,43978.8302782557,0.825556114721073,TRUE,NA,NA,NA,NA,NA,NA,NA,NA,1,0.0181277216786174,NA,NA,0.201395451076537,NA,NA,0.201395451076537,0.475329706989296,0,283.953408459804,0.003394578781,81263.2971590817,1e-04,"1_475_1",1,475,1,475,5,NA,NA,NA,NA,NA,NA,NA,3,FALSE,NA,NA,NA,NA,NA
"282","competitors",-3039.57155078731,-305201.632228375,-0.0607732309481567,0,0,-305201.632228375,-0.0607732309481567,0,0,FALSE,NA,NA,NA,NA,NA,NA,NA,NA,1,0.0181277216786174,NA,NA,0.201395451076537,NA,NA,0.201395451076537,0.475329706989296,0,283.953408459804,0.003394578781,81263.2971590817,1e-04,"1_475_1",1,475,1,475,5,NA,NA,NA,NA,NA,NA,NA,3,FALSE,NA,NA,NA,NA,NA
"283","season",1693.71350995004,-2.56208702839892,-5.10175209579655e-07,-0.0258796669535241,-4.85804582915208e-07,-2.56208702839892,-5.10175209579655e-07,-0.0258796669535241,-4.85804582915208e-07,FALSE,NA,NA,NA,NA,NA,NA,NA,NA,1,0.0181277216786174,NA,NA,0.201395451076537,NA,NA,0.201395451076537,0.475329706989296,0,283.953408459804,0.003394578781,81263.2971590817,1e-04,"1_475_1",1,475,1,475,5,NA,NA,NA,NA,NA,NA,NA,3,FALSE,NA,NA,NA,NA,NA
"284","trend",2632.23305717755,394834.958576633,0.078621454114729,3948.34958576633,0.0741171177805844,394834.958576633,0.078621454114729,3948.34958576633,0.0741171177805844,TRUE,NA,NA,NA,NA,NA,NA,NA,NA,1,0.0181277216786174,NA,NA,0.201395451076537,NA,NA,0.201395451076537,0.475329706989296,0,283.953408459804,0.003394578781,81263.2971590817,1e-04,"1_475_1",1,475,1,475,5,NA,NA,NA,NA,NA,NA,NA,3,FALSE,NA,NA,NA,NA,NA
"285","tv",1686.78320191267,132210.502825398,0.0263263972846893,1322.10502825398,0.0248181200698784,132210.502825398,0.0263263972846893,1322.10502825398,0.0248181200698784,TRUE,0.458538882371808,0.458538882371808,46446.328651486,4644632.8651486,NA,NA,0.247371668742323,0.247371668742323,1,0.0181277216786174,NA,NA,0.201395451076537,NA,NA,0.201395451076537,0.475329706989296,0,283.953408459804,0.003394578781,81263.2971590817,1e-04,"1_475_1",1,475,1,475,5,1322.10502825398,54318.4983747012,7872.16972321519,0.028465221399403,0.028465221399403,35.1305892186376,35.1305892186376,3,FALSE,0.03559881205344,0.0048137479411895,0,0.0949683114842912,0.600912460728178
"286","paid_search",3092.552600847,236179.469344218,0.0470292027302428,2361.79469344218,0.0443348319759883,236179.469344218,0.0470292027302428,2361.79469344218,0.0443348319759883,TRUE,0.297445999778094,0.297445999778094,30128.9055146277,3012890.55146277,NA,NA,0.441902180279221,0.441902180279221,1,0.0181277216786174,NA,NA,0.201395451076537,NA,NA,0.201395451076537,0.475329706989296,0,283.953408459804,0.003394578781,81263.2971590817,1e-04,"1_475_1",1,475,1,475,5,2361.79469344218,37479.8431385413,7350.93762391362,0.0783896611277671,0.0783896611277671,12.7567843209591,12.7567843209591,3,FALSE,0.050863949674026,0.0030520423666056,0.0133192347870684,0.0886217523500738,0.331601984540707
"287","social",0,0,0,0,0,0,0,0,0,TRUE,0.162751814066573,0.162751814066573,16485.459653195,1648545.9653195,NA,NA,0,0,1,0.0181277216786174,NA,NA,0.201395451076537,NA,NA,0.201395451076537,0.475329706989296,0,283.953408459804,0.003394578781,81263.2971590817,1e-04,"1_475_1",1,475,1,475,5,0,19772.9840866407,3287.52443344567,0,0,Inf,Inf,3,FALSE,0,0,0,0,NA
"288","display",3612.67769051902,166071.001059765,0.0330688641063512,1660.71001059765,0.0311743012570586,166071.001059765,0.0330688641063512,1660.71001059765,0.0311743012570586,TRUE,0.0812633037835251,0.0812633037835251,8231.32401621435,823132.401621435,NA,NA,0.310726150978456,0.310726150978456,1,0.0181277216786174,NA,NA,0.201395451076537,NA,NA,0.201395451076537,0.475329706989296,0,283.953408459804,0.003394578781,81263.2971590817,1e-04,"1_475_1",1,475,1,475,5,1660.71001059765,10364.1545125568,2132.83049634243,0.201754906905175,0.201754906905175,4.95650894116792,4.95650894116792,3,FALSE,0.11716472045816,0.00898151402797058,0.00659233408612599,0.228191688418101,0.16369866981157
"289","(Intercept)",26230.4790307428,2623047.90307428,0.522314034946995,26230.4790307428,0.491789256587895,2623047.90307428,0.522314034946995,26230.4790307428,0.491789256587895,TRUE,NA,NA,NA,NA,NA,NA,NA,NA,1,0.0336411282108215,NA,NA,0.199798110463348,NA,NA,0.199798110463348,0.824542428625517,0,351.296024168166,0.00422335823,81263.2971590817,1e-04,"1_479_1",1,479,1,479,2,NA,NA,NA,NA,NA,NA,NA,4,FALSE,NA,NA,NA,NA,NA
"290","competitors",-3104.37059612411,-311708.067123289,-0.0620688238571156,0,0,-311708.067123289,-0.0620688238571156,0,0,FALSE,NA,NA,NA,NA,NA,NA,NA,NA,1,0.0336411282108215,NA,NA,0.199798110463348,NA,NA,0.199798110463348,0.824542428625517,0,351.296024168166,0.00422335823,81263.2971590817,1e-04,"1_479_1",1,479,1,479,2,NA,NA,NA,NA,NA,NA,NA,4,FALSE,NA,NA,NA,NA,NA
"291","season",1592.49528204492,-2.40897382050947,-4.79686564167315e-07,-0.0243330688940354,-4.56215147572195e-07,-2.40897382050947,-4.79686564167315e-07,-0.0243330688940354,-4.56215147572195e-07,FALSE,NA,NA,NA,NA,NA,NA,NA,NA,1,0.0336411282108215,NA,NA,0.199798110463348,NA,NA,0.199798110463348,0.824542428625517,0,351.296024168166,0.00422335823,81263.2971590817,1e-04,"1_479_1",1,479,1,479,2,NA,NA,NA,NA,NA,NA,NA,4,FALSE,NA,NA,NA,NA,NA
"292","trend",2499.7638318571,374964.574778565,0.0746647668101052,3749.64574778565,0.0703012511746434,374964.574778565,0.0746647668101052,3749.64574778565,0.0703012511746434,TRUE,NA,NA,NA,NA,NA,NA,NA,NA,1,0.0336411282108215,NA,NA,0.199798110463348,NA,NA,0.199798110463348,0.824542428625517,0,351.296024168166,0.00422335823,81263.2971590817,1e-04,"1_479_1",1,479,1,479,2,NA,NA,NA,NA,NA,NA,NA,4,FALSE,NA,NA,NA,NA,NA
"293","tv",460.146361159347,36260.823977568,0.00722043133868376,362.60823977568,0.00679845901643363,36260.823977568,0.00722043133868376,362.60823977568,0.00679845901643363,TRUE,0.458538882371808,0.458538882371808,46446.328651486,4644632.8651486,NA,NA,0.0155247877798998,0.0155247877798998,1,0.0336411282108215,NA,NA,0.199798110463348,NA,NA,0.199798110463348,0.824542428625517,0,351.296024168166,0.00422335823,81263.2971590817,1e-04,"1_479_1",1,479,1,479,2,362.60823977568,53985.7597661148,7539.43111462886,0.00780703772081841,0.00780703772081841,128.089556597553,128.089556597553,4,FALSE,0.013277257972778,0.00476704806588681,0,0.0605151866945884,0.519448166892788
"294","paid_search",12144.0432062185,1121448.17067059,0.223308205054269,11214.4817067059,0.210257754541788,1121448.17067059,0.223308205054269,11214.4817067059,0.210257754541788,TRUE,0.297445999778094,0.297445999778094,30128.9055146277,3012890.55146277,NA,NA,0.480139250740365,0.480139250740365,1,0.0336411282108215,NA,NA,0.199798110463348,NA,NA,0.199798110463348,0.824542428625517,0,351.296024168166,0.00422335823,81263.2971590817,1e-04,"1_479_1",1,479,1,479,2,11214.4817067059,33767.9486899307,3639.04317530302,0.372216697392516,0.372216697392516,2.68660704102015,2.68660704102015,4,FALSE,0.133923584831066,0.0164877332129478,0,0.298121680466299,0.698978472779013
"295","social",0,0,0,0,0,0,0,0,0,TRUE,0.162751814066573,0.162751814066573,16485.459653195,1648545.9653195,NA,NA,0,0,1,0.0336411282108215,NA,NA,0.199798110463348,NA,NA,0.199798110463348,0.824542428625517,0,351.296024168166,0.00422335823,81263.2971590817,1e-04,"1_479_1",1,479,1,479,2,0,18893.4774709365,2408.01781774148,0,0,Inf,Inf,4,FALSE,0,0,0,0,NA
"296","display",13284.3345096977,1177963.76891229,0.234561865393627,11779.6376891229,0.220853734894388,1177963.76891229,0.234561865393627,11779.6376891229,0.220853734894388,TRUE,0.0812633037835251,0.0812633037835251,8231.32401621435,823132.401621435,NA,NA,0.504335961479735,0.504335961479735,1,0.0336411282108215,NA,NA,0.199798110463348,NA,NA,0.199798110463348,0.824542428625517,0,351.296024168166,0.00422335823,81263.2971590817,1e-04,"1_479_1",1,479,1,479,2,11779.6376891229,8498.05971318611,266.73569697176,1.43107447427886,1.43107447427886,0.698775652821226,0.698775652821226,4,FALSE,0.658697401025889,0.107624153991352,0,1.73529762260276,0.244213909697078
"297","(Intercept)",42838.4712404526,4283847.12404526,0.853020440013213,42838.4712404526,0.801092274280135,4283847.12404526,0.853020440013213,42838.4712404526,0.801092274280135,TRUE,NA,NA,NA,NA,NA,NA,NA,NA,1,0.0267818944036633,NA,NA,0.20050594204395,NA,NA,0.20050594204395,0.740501566529375,0,51.7652156405015,0.0005370598016,81263.2971590817,1e-04,"1_480_1",1,480,1,480,3,NA,NA,NA,NA,NA,NA,NA,4,FALSE,NA,NA,NA,NA,NA
"298","competitors",-3242.05608178793,-325532.987595344,-0.0648217091498764,0,0,-325532.987595344,-0.0648217091498764,0,0,FALSE,NA,NA,NA,NA,NA,NA,NA,NA,1,0.0267818944036633,NA,NA,0.20050594204395,NA,NA,0.20050594204395,0.740501566529375,0,51.7652156405015,0.0005370598016,81263.2971590817,1e-04,"1_480_1",1,480,1,480,3,NA,NA,NA,NA,NA,NA,NA,4,FALSE,NA,NA,NA,NA,NA
"299","season",1917.01104656431,-2.89987008242335,-5.77436211438386e-07,-0.0292916169941751,-5.47762032484669e-07,-2.89987008242335,-5.77436211438386e-07,-0.0292916169941751,-5.47762032484669e-07,FALSE,NA,NA,NA,NA,NA,NA,NA,NA,1,0.0267818944036633,NA,NA,0.20050594204395,NA,NA,0.20050594204395,0.740501566529375,0,51.7652156405015,0.0005370598016,81263.2971590817,1e-04,"1_480_1",1,480,1,480,3,NA,NA,NA,NA,NA,NA,NA,4,FALSE,NA,NA,NA,NA,NA
"300","trend",3136.95193996734,470542.7909951,0.0936967653132911,4705.427909951,0.0879929147024353,470542.7909951,0.0936967653132911,4705.427909951,0.0879929147024353,TRUE,NA,NA,NA,NA,NA,NA,NA,NA,1,0.0267818944036633,NA,NA,0.20050594204395,NA,NA,0.20050594204395,0.740501566529375,0,51.7652156405015,0.0005370598016,81263.2971590817,1e-04,"1_480_1",1,480,1,480,3,NA,NA,NA,NA,NA,NA,NA,4,FALSE,NA,NA,NA,NA,NA
"301","tv",862.708315056251,35680.8524729164,0.00710494459656449,356.808524729164,0.00667242654280129,35680.8524729164,0.00710494459656449,356.808524729164,0.00667242654280129,TRUE,0.458538882371808,0.458538882371808,46446.328651486,4644632.8651486,NA,NA,0.0601578231926234,0.0601578231926234,1,0.0267818944036633,NA,NA,0.20050594204395,NA,NA,0.20050594204395,0.740501566529375,0,51.7652156405015,0.0005370598016,81263.2971590817,1e-04,"1_480_1",1,480,1,480,3,356.808524729164,49371.8361380234,2925.50748653748,0.0076821685392296,0.0076821685392296,130.17157784204,130.17157784204,4,FALSE,0.013277257972778,0.00476704806588681,0,0.0605151866945884,0.162411312011397
"302","paid_search",4799.22908548498,304602.304583277,0.0606538899173659,3046.02304583277,0.0569615455135951,304602.304583277,0.0606538899173659,3046.02304583277,0.0569615455135951,TRUE,0.297445999778094,0.297445999778094,30128.9055146277,3012890.55146277,NA,NA,0.513558682408034,0.513558682408034,1,0.0267818944036633,NA,NA,0.20050594204395,NA,NA,0.20050594204395,0.740501566529375,0,51.7652156405015,0.0005370598016,81263.2971590817,1e-04,"1_480_1",1,480,1,480,3,3046.02304583277,45937.2952682828,15808.3897536551,0.10109969127003,0.10109969127003,9.89122703974506,9.89122703974507,4,FALSE,0.133923584831066,0.0164877332129478,0,0.298121680466299,0.60597974478606
"303","social",0,0,0,0,0,0,0,0,0,TRUE,0.162751814066573,0.162751814066573,16485.459653195,1648545.9653195,NA,NA,0,0,1,0.0267818944036633,NA,NA,0.20050594204395,NA,NA,0.20050594204395,0.740501566529375,0,51.7652156405015,0.0005370598016,81263.2971590817,1e-04,"1_480_1",1,480,1,480,3,0,33682.6222366167,17197.1625834218,0,0,Inf,Inf,4,FALSE,0,0,0,0,NA
"304","display",4215.9325030505,252837.580685056,0.050346246745654,2528.37580685056,0.0472813867230662,252837.580685056,0.050346246745654,2528.37580685056,0.0472813867230662,TRUE,0.0812633037835251,0.0812633037835251,8231.32401621435,823132.401621435,NA,NA,0.426283494399343,0.426283494399343,1,0.0267818944036633,NA,NA,0.20050594204395,NA,NA,0.20050594204395,0.740501566529375,0,51.7652156405015,0.0005370598016,81263.2971590817,1e-04,"1_480_1",1,480,1,480,3,2528.37580685056,9167.51298059813,936.188964383776,0.307165141582336,0.307165141582336,3.25557774833623,3.25557774833623,4,FALSE,0.658697401025889,0.107624153991352,0,1.73529762260276,0.108341866930072
"305","(Intercept)",46114.0295032995,4611402.95032995,0.91824494662502,46114.0295032995,0.861908009422067,4611402.95032995,0.91824494662502,46114.0295032995,0.861908009422067,TRUE,NA,NA,NA,NA,NA,NA,NA,NA,1,0.0182573673074548,NA,NA,0.201382154590619,NA,NA,0.201382154590619,0.493508725124671,0,48.7758397014284,0.0005002698237,81263.2971590817,1e-04,"1_483_1",1,483,1,483,4,NA,NA,NA,NA,NA,NA,NA,3,FALSE,NA,NA,NA,NA,NA
"306","competitors",-3269.13158498087,-328251.623307588,-0.065363057093522,0,0,-328251.623307588,-0.065363057093522,0,0,FALSE,NA,NA,NA,NA,NA,NA,NA,NA,1,0.0182573673074548,NA,NA,0.201382154590619,NA,NA,0.201382154590619,0.493508725124671,0,48.7758397014284,0.0005002698237,81263.2971590817,1e-04,"1_483_1",1,483,1,483,4,NA,NA,NA,NA,NA,NA,NA,3,FALSE,NA,NA,NA,NA,NA
"307","season",1992.90380815749,-3.01467335870567,-6.00296397251186e-07,-0.0304512460475313,-5.69158088068866e-07,-3.01467335870567,-6.00296397251186e-07,-0.0304512460475313,-5.69158088068866e-07,FALSE,NA,NA,NA,NA,NA,NA,NA,NA,1,0.0182573673074548,NA,NA,0.201382154590619,NA,NA,0.201382154590619,0.493508725124671,0,48.7758397014284,0.0005002698237,81263.2971590817,1e-04,"1_483_1",1,483,1,483,4,NA,NA,NA,NA,NA,NA,NA,3,FALSE,NA,NA,NA,NA,NA
"308","trend",3259.20362884198,488880.544326298,0.0973482677975021,4888.80544326298,0.091375674896358,488880.544326298,0.0973482677975021,4888.80544326298,0.091375674896358,TRUE,NA,NA,NA,NA,NA,NA,NA,NA,1,0.0182573673074548,NA,NA,0.201382154590619,NA,NA,0.201382154590619,0.493508725124671,0,48.7758397014284,0.0005002698237,81263.2971590817,1e-04,"1_483_1",1,483,1,483,4,NA,NA,NA,NA,NA,NA,NA,3,FALSE,NA,NA,NA,NA,NA
"309","tv",969.050901146179,58208.6108947337,0.0115907812394332,582.086108947337,0.0108796538684423,58208.6108947337,0.0115907812394332,582.086108947337,0.0108796538684423,TRUE,0.458538882371808,0.458538882371808,46446.328651486,4644632.8651486,NA,NA,0.232884831807224,0.232884831807224,1,0.0182573673074548,NA,NA,0.201382154590619,NA,NA,0.201382154590619,0.493508725124671,0,48.7758397014284,0.0005002698237,81263.2971590817,1e-04,"1_483_1",1,483,1,483,4,582.086108947337,54931.3500692272,8485.02141774124,0.0125324460694207,0.0125324460694207,79.7928827669174,79.7928827669174,3,FALSE,0.03559881205344,0.0048137479411895,0,0.0949683114842912,0.188371033081351
"310","paid_search",3200.6338221509,132622.452169629,0.0264084266383762,1326.22452169629,0.0247881946091957,132622.452169629,0.0264084266383762,1326.22452169629,0.0247881946091957,TRUE,0.297445999778094,0.297445999778094,30128.9055146277,3012890.55146277,NA,NA,0.530604613177257,0.530604613177257,1,0.0182573673074548,NA,NA,0.201382154590619,NA,NA,0.201382154590619,0.493508725124671,0,48.7758397014284,0.0005002698237,81263.2971590817,1e-04,"1_483_1",1,483,1,483,4,1326.22452169629,45497.2947840683,15368.3892694406,0.044018343814461,0.0440183438144609,22.7178015650711,22.7178015650711,3,FALSE,0.050863949674026,0.0030520423666056,0.0133192347870684,0.0886217523500738,0.151771163947061
"311","social",0,0,0,0,0,0,0,0,0,TRUE,0.162751814066573,0.162751814066573,16485.459653195,1648545.9653195,NA,NA,0,0,1,0.0182573673074548,NA,NA,0.201382154590619,NA,NA,0.201382154590619,0.493508725124671,0,48.7758397014284,0.0005002698237,81263.2971590817,1e-04,"1_483_1",1,483,1,483,4,0,37209.1817728809,20723.7221196859,0,0,Inf,Inf,3,FALSE,0,0,0,0,NA
"312","display",2043.40092754859,59114.8455765112,0.0117712350895872,591.148455765112,0.0110490363620247,59114.8455765112,0.0117712350895872,591.148455765112,0.0110490363620247,TRUE,0.0812633037835251,0.0812633037835251,8231.32401621435,823132.401621435,NA,NA,0.236510555015519,0.236510555015519,1,0.0182573673074548,NA,NA,0.201382154590619,NA,NA,0.201382154590619,0.493508725124671,0,48.7758397014284,0.0005002698237,81263.2971590817,1e-04,"1_483_1",1,483,1,483,4,591.148455765112,11630.7044744707,3399.38045825637,0.071816934262416,0.071816934262416,13.9242925122095,13.9242925122095,3,FALSE,0.11716472045816,0.00898151402797058,0.00659233408612599,0.228191688418101,0.0481740097375339
"313","(Intercept)",46573.775252364,4657377.5252364,0.927399627214809,46573.775252364,0.873281990357431,4657377.5252364,0.927399627214809,46573.775252364,0.873281990357431,TRUE,NA,NA,NA,NA,NA,NA,NA,NA,1,0.0200081397116113,NA,NA,0.201202508909192,NA,NA,0.201202508909192,0.474693590177092,0,208.953766656831,0.002471565008,81263.2971590817,1e-04,"1_489_1",1,489,1,489,3,NA,NA,NA,NA,NA,NA,NA,2,FALSE,NA,NA,NA,NA,NA
"314","competitors",-3099.44834163382,-311213.826379297,-0.0619704082403335,0,0,-311213.826379297,-0.0619704082403335,0,0,FALSE,NA,NA,NA,NA,NA,NA,NA,NA,1,0.0200081397116113,NA,NA,0.201202508909192,NA,NA,0.201202508909192,0.474693590177092,0,208.953766656831,0.002471565008,81263.2971590817,1e-04,"1_489_1",1,489,1,489,3,NA,NA,NA,NA,NA,NA,NA,2,FALSE,NA,NA,NA,NA,NA
"315","season",1728.99067227848,-2.61545092935984,-5.20801288653064e-07,-0.0264186962561592,-4.9536400096868e-07,-2.61545092935984,-5.20801288653064e-07,-0.0264186962561592,-4.9536400096868e-07,FALSE,NA,NA,NA,NA,NA,NA,NA,NA,1,0.0200081397116113,NA,NA,0.201202508909192,NA,NA,0.201202508909192,0.474693590177092,0,208.953766656831,0.002471565008,81263.2971590817,1e-04,"1_489_1",1,489,1,489,3,NA,NA,NA,NA,NA,NA,NA,2,FALSE,NA,NA,NA,NA,NA
"316","trend",2616.17166339806,392425.749509709,0.0781417207071534,3924.25749509709,0.0735818253389177,392425.749509709,0.0781417207071534,3924.25749509709,0.0735818253389177,TRUE,NA,NA,NA,NA,NA,NA,NA,NA,1,0.0200081397116113,NA,NA,0.201202508909192,NA,NA,0.201202508909192,0.474693590177092,0,208.953766656831,0.002471565008,81263.2971590817,1e-04,"1_489_1",1,489,1,489,3,NA,NA,NA,NA,NA,NA,NA,2,FALSE,NA,NA,NA,NA,NA
"317","tv",785.735227153541,68991.140894375,0.0137378509686779,689.91140894375,0.0129361900577754,68991.140894375,0.0137378509686779,689.91140894375,0.0129361900577754,TRUE,0.458538882371808,0.458538882371808,46446.328651486,4644632.8651486,NA,NA,0.243451230650578,0.243451230650578,1,0.0200081397116113,NA,NA,0.201202508909192,NA,NA,0.201202508909192,0.474693590177092,0,208.953766656831,0.002471565008,81263.2971590817,1e-04,"1_489_1",1,489,1,489,3,689.91140894375,51475.1804530248,5028.85180153884,0.014853949256583,0.014853949256583,67.322163468198,67.322163468198,2,FALSE,0.0299280646716883,0.0145101661480368,0,0.177834679326039,0.100416134527265
"318","paid_search",3573.56207762533,136020.252538913,0.0270850131462875,1360.20252538913,0.0255044896451835,136020.252538913,0.0270850131462875,1360.20252538913,0.0255044896451835,TRUE,0.297445999778094,0.297445999778094,30128.9055146277,3012890.55146277,NA,NA,0.479978986355632,0.479978986355632,1,0.0200081397116113,NA,NA,0.201202508909192,NA,NA,0.201202508909192,0.474693590177092,0,208.953766656831,0.002471565008,81263.2971590817,1e-04,"1_489_1",1,489,1,489,3,1360.20252538913,49849.7586203183,19720.8531056906,0.045146098145807,0.045146098145807,22.1503084667545,22.1503084667545,2,FALSE,0.0503426058359058,0.00170735272801891,0.03304911803773,0.0676548057722503,0.207587117967026
"319","social",0,0,0,0,0,0,0,0,0,TRUE,0.162751814066573,0.162751814066573,16485.459653195,1648545.9653195,NA,NA,0,0,1,0.0200081397116113,NA,NA,0.201202508909192,NA,NA,0.201202508909192,0.474693590177092,0,208.953766656831,0.002471565008,81263.2971590817,1e-04,"1_489_1",1,489,1,489,3,0,27400.5135560816,10915.0539028866,0,0,Inf,Inf,2,FALSE,0,0,0,0,NA
"320","display",2051.51296700451,78376.5389670092,0.015606717004695,783.765389670092,0.0146959999646931,78376.5389670092,0.015606717004695,783.765389670092,0.0146959999646931,TRUE,0.0812633037835251,0.0812633037835251,8231.32401621435,823132.401621435,NA,NA,0.276569782993791,0.276569782993791,1,0.0200081397116113,NA,NA,0.201202508909192,NA,NA,0.201202508909192,0.474693590177092,0,208.953766656831,0.002471565008,81263.2971590817,1e-04,"1_489_1",1,489,1,489,3,783.765389670092,10909.4904290613,2678.16641284693,0.095217414370544,0.095217414370544,10.5022805608693,10.5022805608693,2,FALSE,0.222847348692917,0.0338030734868356,0,0.565510115981625,0.0355562337849483
"321","(Intercept)",46422.2029855376,4642220.29855376,0.924381446640241,46422.2029855376,0.870706712565655,4642220.29855376,0.924381446640241,46422.2029855376,0.870706712565655,TRUE,NA,NA,NA,NA,NA,NA,NA,NA,1,0.00881399745979095,NA,NA,0.202348382803951,NA,NA,0.202348382803951,0.426518536893116,0,119.556761731164,0.001371364196,81263.2971590817,1e-04,"2_258_1",2,258,1,258,6,NA,NA,NA,NA,NA,NA,NA,3,FALSE,NA,NA,NA,NA,NA
"322","competitors",-3083.17443944798,-309579.773215273,-0.0616450276399949,0,0,-309579.773215273,-0.0616450276399949,0,0,FALSE,NA,NA,NA,NA,NA,NA,NA,NA,1,0.00881399745979095,NA,NA,0.202348382803951,NA,NA,0.202348382803951,0.426518536893116,0,119.556761731164,0.001371364196,81263.2971590817,1e-04,"2_258_1",2,258,1,258,6,NA,NA,NA,NA,NA,NA,NA,3,FALSE,NA,NA,NA,NA,NA
"323","season",1996.01215840456,-3.01937537224004,-6.01232685017275e-07,-0.0304987411337382,-5.72042189342483e-07,-3.01937537224004,-6.01232685017275e-07,-0.0304987411337382,-5.72042189342483e-07,FALSE,NA,NA,NA,NA,NA,NA,NA,NA,1,0.00881399745979095,NA,NA,0.202348382803951,NA,NA,0.202348382803951,0.426518536893116,0,119.556761731164,0.001371364196,81263.2971590817,1e-04,"2_258_1",2,258,1,258,6,NA,NA,NA,NA,NA,NA,NA,3,FALSE,NA,NA,NA,NA,NA
"324","trend",3359.93682044164,503990.523066246,0.100357040132302,5039.90523066246,0.0945297515587463,503990.523066246,0.100357040132302,5039.90523066246,0.0945297515587463,TRUE,NA,NA,NA,NA,NA,NA,NA,NA,1,0.00881399745979095,NA,NA,0.202348382803951,NA,NA,0.202348382803951,0.426518536893116,0,119.556761731164,0.001371364196,81263.2971590817,1e-04,"2_258_1",2,258,1,258,6,NA,NA,NA,NA,NA,NA,NA,3,FALSE,NA,NA,NA,NA,NA
"325","tv",1648.61166598201,93389.3565164345,0.0185961421314619,933.893565164345,0.0175163465694163,93389.3565164345,0.0185961421314619,933.893565164345,0.0175163465694163,TRUE,0.458538882371808,0.458538882371808,46446.328651486,4644632.8651486,NA,NA,0.503862967254605,0.503862967254605,1,0.00881399745979095,NA,NA,0.202348382803951,NA,NA,0.202348382803951,0.426518536893116,0,119.556761731164,0.001371364196,81263.2971590817,1e-04,"2_258_1",2,258,1,258,6,933.893565164345,55655.2004628934,9208.87181140739,0.0201069404682531,0.0201069404682531,49.7340707592437,49.7340707592437,3,FALSE,0.03559881205344,0.0048137479411895,0,0.0949683114842912,0.303626835067945
"326","paid_search",431.402937825967,28714.945088116,0.00571785929440211,287.14945088116,0.00538584854470736,28714.945088116,0.00571785929440211,287.14945088116,0.00538584854470736,TRUE,0.297445999778094,0.297445999778094,30128.9055146277,3012890.55146277,NA,NA,0.154925550152014,0.154925550152014,1,0.00881399745979095,NA,NA,0.202348382803951,NA,NA,0.202348382803951,0.426518536893116,0,119.556761731164,0.001371364196,81263.2971590817,1e-04,"2_258_1",2,258,1,258,6,287.14945088116,83524.9501438263,53396.0446291987,0.00953069638529509,0.00953069638529509,104.924127217283,104.924127217283,3,FALSE,0.050863949674026,0.0030520423666056,0.0133192347870684,0.0886217523500738,0.746173405754725
"327","social",0,0,0,0,0,0,0,0,0,TRUE,0.162751814066573,0.162751814066573,16485.459653195,1648545.9653195,NA,NA,0,0,1,0.00881399745979095,NA,NA,0.202348382803951,NA,NA,0.202348382803951,0.426518536893116,0,119.556761731164,0.001371364196,81263.2971590817,1e-04,"2_258_1",2,258,1,258,6,0,38796.507978044,22311.048324849,0,0,Inf,Inf,3,FALSE,0,0,0,0,NA
"328","display",2098.07709705455,63242.4346822707,0.012593140674272,632.424346822707,0.0118619128036649,63242.4346822707,0.012593140674272,632.424346822707,0.0118619128036649,TRUE,0.0812633037835251,0.0812633037835251,8231.32401621435,823132.401621435,NA,NA,0.341211482593381,0.341211482593381,1,0.00881399745979095,NA,NA,0.202348382803951,NA,NA,0.202348382803951,0.426518536893116,0,119.556761731164,0.001371364196,81263.2971590817,1e-04,"2_258_1",2,258,1,258,6,632.424346822707,11146.9240758513,2915.60005963691,0.0768314241520484,0.0768314241520484,13.0155077956256,13.0155077956256,3,FALSE,0.11716472045816,0.00898151402797058,0.00659233408612599,0.228191688418101,0.0404455468023059
"329","(Intercept)",47001.4384983387,4700143.84983387,0.935915465425074,47001.4384983387,0.883344329063708,4700143.84983387,0.935915465425074,47001.4384983387,0.883344329063708,TRUE,NA,NA,NA,NA,NA,NA,NA,NA,1,0.00597767150084783,NA,NA,0.202637690752559,NA,NA,0.202637690752559,0.366037249154761,0,257.178104949272,0.003065057555,81263.2971590817,1e-04,"2_276_1",2,276,1,276,6,NA,NA,NA,NA,NA,NA,NA,3,FALSE,NA,NA,NA,NA,NA
"330","competitors",-2976.57907620292,-298876.594064269,-0.0595137586370273,0,0,-298876.594064269,-0.0595137586370273,0,0,FALSE,NA,NA,NA,NA,NA,NA,NA,NA,1,0.00597767150084783,NA,NA,0.202637690752559,NA,NA,0.202637690752559,0.366037249154761,0,257.178104949272,0.003065057555,81263.2971590817,1e-04,"2_276_1",2,276,1,276,6,NA,NA,NA,NA,NA,NA,NA,3,FALSE,NA,NA,NA,NA,NA
"331","season",1797.81630990639,-2.71956373967394,-5.41532736973583e-07,-0.0274703408047876,-5.16277172414928e-07,-2.71956373967394,-5.41532736973583e-07,-0.0274703408047876,-5.16277172414928e-07,FALSE,NA,NA,NA,NA,NA,NA,NA,NA,1,0.00597767150084783,NA,NA,0.202637690752559,NA,NA,0.202637690752559,0.366037249154761,0,257.178104949272,0.003065057555,81263.2971590817,1e-04,"2_276_1",2,276,1,276,6,NA,NA,NA,NA,NA,NA,NA,3,FALSE,NA,NA,NA,NA,NA
"332","trend",2870.19185335435,430528.778003152,0.0857289807540573,4305.28778003152,0.0809135138621884,430528.778003152,0.0857289807540573,4305.28778003152,0.0809135138621884,TRUE,NA,NA,NA,NA,NA,NA,NA,NA,1,0.00597767150084783,NA,NA,0.202637690752559,NA,NA,0.202637690752559,0.366037249154761,0,257.178104949272,0.003065057555,81263.2971590817,1e-04,"2_276_1",2,276,1,276,6,NA,NA,NA,NA,NA,NA,NA,3,FALSE,NA,NA,NA,NA,NA
"333","tv",1146.76607546634,65352.9799988205,0.0130134027056796,653.529799988205,0.012282429243397,65352.9799988205,0.0130134027056796,653.529799988205,0.012282429243397,TRUE,0.458538882371808,0.458538882371808,46446.328651486,4644632.8651486,NA,NA,0.343634879313201,0.343634879313201,1,0.00597767150084783,NA,NA,0.202637690752559,NA,NA,0.202637690752559,0.366037249154761,0,257.178104949272,0.003065057555,81263.2971590817,1e-04,"2_276_1",2,276,1,276,6,653.529799988205,55590.6444095375,9144.31575805156,0.014070644956505,0.014070644956505,71.069947617269,71.069947617269,3,FALSE,0.03559881205344,0.0048137479411895,0,0.0949683114842912,0.237698421772863
"334","paid_search",1070.23355244605,71315.8341702621,0.0142007551815669,713.158341702621,0.0134030871606143,71315.8341702621,0.0142007551815669,713.158341702621,0.0134030871606143,TRUE,0.297445999778094,0.297445999778094,30128.9055146277,3012890.55146277,NA,NA,0.374988379545364,0.374988379545364,1,0.00597767150084783,NA,NA,0.202637690752559,NA,NA,0.202637690752559,0.366037249154761,0,257.178104949272,0.003065057555,81263.2971590817,1e-04,"2_276_1",2,276,1,276,6,713.158341702621,81326.0099207923,51197.1044061646,0.023670237252939,0.023670237252939,42.2471473063006,42.2471473063006,3,FALSE,0.050863949674026,0.0030520423666056,0.0133192347870684,0.0886217523500738,0.737805512628592
"335","social",0,0,0,0,0,0,0,0,0,TRUE,0.162751814066573,0.162751814066573,16485.459653195,1648545.9653195,NA,NA,0,0,1,0.00597767150084783,NA,NA,0.202637690752559,NA,NA,0.202637690752559,0.366037249154761,0,257.178104949272,0.003065057555,81263.2971590817,1e-04,"2_276_1",2,276,1,276,6,0,36713.2067474211,20227.7470942261,0,0,Inf,Inf,3,FALSE,0,0,0,0,NA
"336","display",2400.80445099505,53512.6369380836,0.0106556961033862,535.126369380836,0.0100571569472649,53512.6369380836,0.0106556961033862,535.126369380836,0.0100571569472649,TRUE,0.0812633037835251,0.0812633037835251,8231.32401621435,823132.401621435,NA,NA,0.281376741141435,0.281376741141435,1,0.00597767150084783,NA,NA,0.202637690752559,NA,NA,0.202637690752559,0.366037249154761,0,257.178104949272,0.003065057555,81263.2971590817,1e-04,"2_276_1",2,276,1,276,6,535.126369380836,11281.1493279326,3049.82531171824,0.0650109713002094,0.0650109713002094,15.3820190654001,15.3820190654001,3,FALSE,0.11716472045816,0.00898151402797058,0.00659233408612599,0.228191688418101,0.0458089809144628
"337","(Intercept)",45754.6925800028,4575469.25800028,0.911089655328488,45754.6925800028,0.856737852993925,4575469.25800028,0.911089655328488,45754.6925800028,0.856737852993925,TRUE,NA,NA,NA,NA,NA,NA,NA,NA,1,0.0173250215429671,NA,NA,0.201477756653783,NA,NA,0.201477756653783,0.540714347983584,0,119.556761731164,0.001371364196,81263.2971590817,1e-04,"2_288_1",2,288,1,288,6,NA,NA,NA,NA,NA,NA,NA,1,FALSE,NA,NA,NA,NA,NA
"338","competitors",-3172.97083301034,-318596.177476707,-0.0634404178366373,0,0,-318596.177476707,-0.0634404178366373,0,0,FALSE,NA,NA,NA,NA,NA,NA,NA,NA,1,0.0173250215429671,NA,NA,0.201477756653783,NA,NA,0.201477756653783,0.540714347983584,0,119.556761731164,0.001371364196,81263.2971590817,1e-04,"2_288_1",2,288,1,288,6,NA,NA,NA,NA,NA,NA,NA,1,FALSE,NA,NA,NA,NA,NA
"339","season",1931.8763846748,-2.92235693732669,-5.81913903174044e-07,-0.0295187569426945,-5.52726617098648e-07,-2.92235693732669,-5.81913903174044e-07,-0.0295187569426945,-5.52726617098648e-07,FALSE,NA,NA,NA,NA,NA,NA,NA,NA,1,0.0173250215429671,NA,NA,0.201477756653783,NA,NA,0.201477756653783,0.540714347983584,0,119.556761731164,0.001371364196,81263.2971590817,1e-04,"2_288_1",2,288,1,288,6,NA,NA,NA,NA,NA,NA,NA,1,FALSE,NA,NA,NA,NA,NA
"340","trend",3154.97408270811,473246.112406216,0.0942350637989359,4732.46112406216,0.0886133936036596,473246.112406216,0.0942350637989359,4732.46112406216,0.0886133936036596,TRUE,NA,NA,NA,NA,NA,NA,NA,NA,1,0.0173250215429671,NA,NA,0.201477756653783,NA,NA,0.201477756653783,0.540714347983584,0,119.556761731164,0.001371364196,81263.2971590817,1e-04,"2_288_1",2,288,1,288,6,NA,NA,NA,NA,NA,NA,NA,1,FALSE,NA,NA,NA,NA,NA
"341","tv",1053.34992268603,59669.4015310688,0.0118816609639639,596.694015310688,0.0111728507120389,59669.4015310688,0.0118816609639639,596.694015310688,0.0111728507120389,TRUE,0.458538882371808,0.458538882371808,46446.328651486,4644632.8651486,NA,NA,0.204446341654523,0.204446341654523,1,0.0173250215429671,NA,NA,0.201477756653783,NA,NA,0.201477756653783,0.540714347983584,0,119.556761731164,0.001371364196,81263.2971590817,1e-04,"2_288_1",2,288,1,288,6,596.694015310688,55655.2004628934,9208.87181140739,0.0128469576096753,0.0128469576096753,77.8394410865712,77.8394410865712,1,FALSE,0.00901450662908069,0.00117474150862495,0,0.0213357910149647,0.303626835067945
"342","paid_search",3225.93642348959,167423.067390451,0.0333380941192184,1674.23067390451,0.0313492827095164,167423.067390451,0.0333380941192184,1674.23067390451,0.0313492827095164,TRUE,0.297445999778094,0.297445999778094,30128.9055146277,3012890.55146277,NA,NA,0.573644661388699,0.573644661388699,1,0.0173250215429671,NA,NA,0.201477756653783,NA,NA,0.201477756653783,0.540714347983584,0,119.556761731164,0.001371364196,81263.2971590817,1e-04,"2_288_1",2,288,1,288,6,1674.23067390451,37147.2685426838,7018.3630280561,0.0555689177986124,0.0555689177986124,17.9956716743001,17.9956716743001,1,FALSE,0.0451868104709462,0.000917106508762594,0.0355764274015731,0.0548386488444613,0.150707534286811
"343","social",0,0,0,0,0,0,0,0,0,TRUE,0.162751814066573,0.162751814066573,16485.459653195,1648545.9653195,NA,NA,0,0,1,0.0173250215429671,NA,NA,0.201477756653783,NA,NA,0.201477756653783,0.540714347983584,0,119.556761731164,0.001371364196,81263.2971590817,1e-04,"2_288_1",2,288,1,288,6,0,44993.2740434495,28507.8143902545,0,0,Inf,Inf,1,FALSE,0,0,0,0,NA
"344","display",2148.62245779526,64766.0258218068,0.0128965255399345,647.660258218069,0.0121271727074776,64766.0258218068,0.0128965255399345,647.660258218069,0.0121271727074776,TRUE,0.0812633037835251,0.0812633037835251,8231.32401621435,823132.401621435,NA,NA,0.221908996956779,0.221908996956779,1,0.0173250215429671,NA,NA,0.201477756653783,NA,NA,0.201477756653783,0.540714347983584,0,119.556761731164,0.001371364196,81263.2971590817,1e-04,"2_288_1",2,288,1,288,6,647.660258218069,11146.9240758513,2915.60005963691,0.0786823914284366,0.0786823914284366,12.7093239268092,12.7093239268092,1,FALSE,0.166415049189711,0.0197375384653568,0,0.373163785207741,0.0404455468023059
"345","(Intercept)",46544.404201208,4654440.4201208,0.926814776582766,46544.404201208,0.875295898252137,4654440.4201208,0.926814776582766,46544.404201208,0.875295898252137,TRUE,NA,NA,NA,NA,NA,NA,NA,NA,1,0.00623919409486118,NA,NA,0.202611032487896,NA,NA,0.202611032487896,0.329358697517422,0,396.384009641502,0.004778251968,81263.2971590817,1e-04,"2_290_1",2,290,1,290,5,NA,NA,NA,NA,NA,NA,NA,3,FALSE,NA,NA,NA,NA,NA
"346","competitors",-2943.82226913167,-295587.501895294,-0.0588588186338056,0,0,-295587.501895294,-0.0588588186338056,0,0,FALSE,NA,NA,NA,NA,NA,NA,NA,NA,1,0.00623919409486118,NA,NA,0.202611032487896,NA,NA,0.202611032487896,0.329358697517422,0,396.384009641502,0.004778251968,81263.2971590817,1e-04,"2_290_1",2,290,1,290,5,NA,NA,NA,NA,NA,NA,NA,3,FALSE,NA,NA,NA,NA,NA
"347","season",1575.38028781121,-2.38308390201948,-4.74531237886346e-07,-0.024071554565853,-4.5268025958525e-07,-2.38308390201948,-4.74531237886346e-07,-0.024071554565853,-4.5268025958525e-07,FALSE,NA,NA,NA,NA,NA,NA,NA,NA,1,0.00623919409486118,NA,NA,0.202611032487896,NA,NA,0.202611032487896,0.329358697517422,0,396.384009641502,0.004778251968,81263.2971590817,1e-04,"2_290_1",2,290,1,290,5,NA,NA,NA,NA,NA,NA,NA,3,FALSE,NA,NA,NA,NA,NA
"348","trend",2292.49686514409,343874.529771614,0.0684739660873154,3438.74529771614,0.0646677018619273,343874.529771614,0.0684739660873154,3438.74529771614,0.0646677018619273,TRUE,NA,NA,NA,NA,NA,NA,NA,NA,1,0.00623919409486118,NA,NA,0.202611032487896,NA,NA,0.202611032487896,0.329358697517422,0,396.384009641502,0.004778251968,81263.2971590817,1e-04,"2_290_1",2,290,1,290,5,NA,NA,NA,NA,NA,NA,NA,3,FALSE,NA,NA,NA,NA,NA
"349","tv",1523.6053529427,117576.187868343,0.0234123414319745,1175.76187868343,0.0221109189685603,117576.187868343,0.0234123414319745,1175.76187868343,0.0221109189685603,TRUE,0.458538882371808,0.458538882371808,46446.328651486,4644632.8651486,NA,NA,0.368289109496224,0.368289109496224,1,0.00623919409486118,NA,NA,0.202611032487896,NA,NA,0.202611032487896,0.329358697517422,0,396.384009641502,0.004778251968,81263.2971590817,1e-04,"2_290_1",2,290,1,290,5,1175.76187868343,60712.9086584568,14266.5800069708,0.02531442016668,0.02531442016668,39.503176190314,39.503176190314,3,FALSE,0.03559881205344,0.0048137479411895,0,0.0949683114842912,0.56684294091856
"350","paid_search",2019.62382748314,123426.775331767,0.0245773388158385,1234.26775331767,0.0232111576109894,123426.775331767,0.0245773388158385,1234.26775331767,0.0232111576109894,TRUE,0.297445999778094,0.297445999778094,30128.9055146277,3012890.55146277,NA,NA,0.386615164167661,0.386615164167661,1,0.00623919409486118,NA,NA,0.202611032487896,NA,NA,0.202611032487896,0.329358697517422,0,396.384009641502,0.004778251968,81263.2971590817,1e-04,"2_290_1",2,290,1,290,5,1234.26775331767,74246.560642359,44117.6551277313,0.0409662326671119,0.0409662326671119,24.4103481061076,24.4103481061076,3,FALSE,0.050863949674026,0.0030520423666056,0.0133192347870684,0.0886217523500738,0.652198732680771
"351","social",0,0,0,0,0,0,0,0,0,TRUE,0.162751814066573,0.162751814066573,16485.459653195,1648545.9653195,NA,NA,0,0,1,0.00623919409486118,NA,NA,0.202611032487896,NA,NA,0.202611032487896,0.329358697517422,0,396.384009641502,0.004778251968,81263.2971590817,1e-04,"2_290_1",2,290,1,290,5,0,34299.8713291089,17814.4116759139,0,0,Inf,Inf,3,FALSE,0,0,0,0,NA
"352","display",2337.13283550872,78246.7372028506,0.0155808702471495,782.467372028506,0.014714775986646,78246.7372028506,0.0155808702471495,782.467372028506,0.014714775986646,TRUE,0.0812633037835251,0.0812633037835251,8231.32401621435,823132.401621435,NA,NA,0.245095726336115,0.245095726336115,1,0.00623919409486118,NA,NA,0.202611032487896,NA,NA,0.202611032487896,0.329358697517422,0,396.384009641502,0.004778251968,81263.2971590817,1e-04,"2_290_1",2,290,1,290,5,782.467372028506,13132.7128870058,4901.38887079147,0.0950597219216707,0.0950597219216707,10.5197025594499,10.5197025594499,3,FALSE,0.11716472045816,0.00898151402797058,0.00659233408612599,0.228191688418101,0.147309465017655
"353","(Intercept)",46460.9118890318,4646091.18890318,0.925152237122137,46460.9118890318,0.868912937327404,4646091.18890318,0.925152237122137,46460.9118890318,0.868912937327404,TRUE,NA,NA,NA,NA,NA,NA,NA,NA,1,0.0296192887707215,NA,NA,0.200213443529506,NA,NA,0.200213443529506,0.836694946358179,0,167.453439197277,0.001960824251,81263.2971590817,1e-04,"2_303_1",2,303,1,303,3,NA,NA,NA,NA,NA,NA,NA,1,FALSE,NA,NA,NA,NA,NA
"354","competitors",-3237.15669590574,-325041.043075146,-0.0647237507683258,0,0,-325041.043075146,-0.0647237507683258,0,0,FALSE,NA,NA,NA,NA,NA,NA,NA,NA,1,0.0296192887707215,NA,NA,0.200213443529506,NA,NA,0.200213443529506,0.836694946358179,0,167.453439197277,0.001960824251,81263.2971590817,1e-04,"2_303_1",2,303,1,303,3,NA,NA,NA,NA,NA,NA,NA,1,FALSE,NA,NA,NA,NA,NA
"355","season",1740.03567020931,-2.63215874078143,-5.24128229189879e-07,-0.0265874620280947,-4.97239266032709e-07,-2.63215874078143,-5.24128229189879e-07,-0.0265874620280947,-4.97239266032709e-07,FALSE,NA,NA,NA,NA,NA,NA,NA,NA,1,0.0296192887707215,NA,NA,0.200213443529506,NA,NA,0.200213443529506,0.836694946358179,0,167.453439197277,0.001960824251,81263.2971590817,1e-04,"2_303_1",2,303,1,303,3,NA,NA,NA,NA,NA,NA,NA,1,FALSE,NA,NA,NA,NA,NA
"356","trend",2694.72241443015,404208.362164523,0.0804879317507033,4042.08362164523,0.0755951316882329,404208.362164523,0.0804879317507033,4042.08362164523,0.0755951316882329,TRUE,NA,NA,NA,NA,NA,NA,NA,NA,1,0.0296192887707215,NA,NA,0.200213443529506,NA,NA,0.200213443529506,0.836694946358179,0,167.453439197277,0.001960824251,81263.2971590817,1e-04,"2_303_1",2,303,1,303,3,NA,NA,NA,NA,NA,NA,NA,1,FALSE,NA,NA,NA,NA,NA
"357","tv",78.0562474362626,3126.90264674807,0.00062264403802738,31.2690264674807,0.000584793981231374,3126.90264674807,0.00062264403802738,31.2690264674807,0.000584793981231374,TRUE,0.458538882371808,0.458538882371808,46446.328651486,4644632.8651486,NA,NA,0.0105382662094856,0.0105382662094856,1,0.0296192887707215,NA,NA,0.200213443529506,NA,NA,0.200213443529506,0.836694946358179,0,167.453439197277,0.001960824251,81263.2971590817,1e-04,"2_303_1",2,303,1,303,3,31.2690264674807,47225.5987432084,779.270091722397,0.000673229238463831,0.000673229238463831,1485.37814887807,1485.37814887807,1,FALSE,0.00901450662908069,0.00117474150862495,0,0.0213357910149647,4.02974686663989e-05
"358","paid_search",3442.80202220383,139990.961406259,0.0278756799761509,1399.90961406259,0.0261811386236515,139990.961406259,0.0278756799761509,1399.90961406259,0.0261811386236515,TRUE,0.297445999778094,0.297445999778094,30128.9055146277,3012890.55146277,NA,NA,0.471796593909067,0.471796593909067,1,0.0296192887707215,NA,NA,0.200213443529506,NA,NA,0.200213443529506,0.836694946358179,0,167.453439197277,0.001960824251,81263.2971590817,1e-04,"2_303_1",2,303,1,303,3,1399.90961406259,36303.024815509,6174.1193008813,0.046464004919891,0.046464004919891,21.522036288609,21.522036288609,1,FALSE,0.0451868104709462,0.000917106508762594,0.0355764274015731,0.0548386488444613,0.0759210026931707
"359","social",0,0,0,0,0,0,0,0,0,TRUE,0.162751814066573,0.162751814066573,16485.459653195,1648545.9653195,NA,NA,0,0,1,0.0296192887707215,NA,NA,0.200213443529506,NA,NA,0.200213443529506,0.836694946358179,0,167.453439197277,0.001960824251,81263.2971590817,1e-04,"2_303_1",2,303,1,303,3,0,51272.2441247716,34786.7844715766,0,0,Inf,Inf,1,FALSE,0,0,0,0,NA
"360","display",2541.09438799952,153601.025429355,0.0305857820095367,1536.01025429355,0.0287264956187461,153601.025429355,0.0305857820095367,1536.01025429355,0.0287264956187461,TRUE,0.0812633037835251,0.0812633037835251,8231.32401621435,823132.401621435,NA,NA,0.517665139881448,0.517665139881448,1,0.0296192887707215,NA,NA,0.200213443529506,NA,NA,0.200213443529506,0.836694946358179,0,167.453439197277,0.001960824251,81263.2971590817,1e-04,"2_303_1",2,303,1,303,3,1536.01025429355,10583.1719455303,2351.84792931591,0.186605490352204,0.186605490352204,5.35889913052706,5.35889913052706,1,FALSE,0.166415049189711,0.0197375384653568,0,0.373163785207741,0.0624480985870857
"361","(Intercept)",44698.1437783615,4469814.37783615,0.890051142571747,44698.1437783615,0.836323184301994,4469814.37783615,0.890051142571747,44698.1437783615,0.836323184301994,TRUE,NA,NA,NA,NA,NA,NA,NA,NA,1,0.0105457997714145,NA,NA,0.202171533757992,NA,NA,0.202171533757992,0.309266862884344,0,27.6472418848938,0.0002402420913,81263.2971590817,1e-04,"2_306_1",2,306,1,306,3,NA,NA,NA,NA,NA,NA,NA,3,FALSE,NA,NA,NA,NA,NA
"362","competitors",-3213.11514394383,-322627.044662055,-0.0642430636828862,0,0,-322627.044662055,-0.0642430636828862,0,0,FALSE,NA,NA,NA,NA,NA,NA,NA,NA,1,0.0105457997714145,NA,NA,0.202171533757992,NA,NA,0.202171533757992,0.309266862884344,0,27.6472418848938,0.0002402420913,81263.2971590817,1e-04,"2_306_1",2,306,1,306,3,NA,NA,NA,NA,NA,NA,NA,3,FALSE,NA,NA,NA,NA,NA
"363","season",2090.24957274586,-3.16192867624127,-6.29618591092662e-07,-0.0319386734973869,-5.97587525203837e-07,-3.16192867624127,-6.29618591092662e-07,-0.0319386734973869,-5.97587525203837e-07,FALSE,NA,NA,NA,NA,NA,NA,NA,NA,1,0.0105457997714145,NA,NA,0.202171533757992,NA,NA,0.202171533757992,0.309266862884344,0,27.6472418848938,0.0002402420913,81263.2971590817,1e-04,"2_306_1",2,306,1,306,3,NA,NA,NA,NA,NA,NA,NA,3,FALSE,NA,NA,NA,NA,NA
"364","trend",3525.50024514797,528825.036772195,0.105302209088042,5288.25036772195,0.0989456387461989,528825.036772195,0.105302209088042,5288.25036772195,0.0989456387461989,TRUE,NA,NA,NA,NA,NA,NA,NA,NA,1,0.0105457997714145,NA,NA,0.202171533757992,NA,NA,0.202171533757992,0.309266862884344,0,27.6472418848938,0.0002402420913,81263.2971590817,1e-04,"2_306_1",2,306,1,306,3,NA,NA,NA,NA,NA,NA,NA,3,FALSE,NA,NA,NA,NA,NA
"365","tv",1763.27353974132,135617.341271141,0.0270047834982705,1356.17341271141,0.0253746391037737,135617.341271141,0.0270047834982705,1356.17341271141,0.0253746391037737,TRUE,0.458538882371808,0.458538882371808,46446.328651486,4644632.8651486,NA,NA,0.391996655187565,0.391996655187565,1,0.0105457997714145,NA,NA,0.202171533757992,NA,NA,0.202171533757992,0.309266862884344,0,27.6472418848938,0.0002402420913,81263.2971590817,1e-04,"2_306_1",2,306,1,306,3,1356.17341271141,59608.7950360276,13162.4663845416,0.0291987214508939,0.0291987214508939,34.2480749262185,34.2480749262185,3,FALSE,0.03559881205344,0.0048137479411895,0,0.0949683114842912,0.39115407237933
"366","paid_search",2488.18209884938,158060.472337644,0.031473768731232,1580.60472337645,0.0295738539374625,158060.472337644,0.031473768731232,1580.60472337645,0.0295738539374625,TRUE,0.297445999778094,0.297445999778094,30128.9055146277,3012890.55146277,NA,NA,0.456867653450362,0.456867653450362,1,0.0105457997714145,NA,NA,0.202171533757992,NA,NA,0.202171533757992,0.309266862884344,0,27.6472418848938,0.0002402420913,81263.2971590817,1e-04,"2_306_1",2,306,1,306,3,1580.60472337645,52546.8547113624,22417.9491967347,0.0524614052976155,0.0524614052976155,19.0616319621437,19.0616319621437,3,FALSE,0.050863949674026,0.0030520423666056,0.0133192347870684,0.0886217523500738,0.466037341250896
"367","social",0,0,0,0,0,0,0,0,0,TRUE,0.162751814066573,0.162751814066573,16485.459653195,1648545.9653195,NA,NA,0,0,1,0.0105457997714145,NA,NA,0.202171533757992,NA,NA,0.202171533757992,0.309266862884344,0,27.6472418848938,0.0002402420913,81263.2971590817,1e-04,"2_306_1",2,306,1,306,3,0,36747.2927816079,20261.8331284129,0,0,Inf,Inf,3,FALSE,0,0,0,0,NA
"368","display",2345.85053112163,52287.7436897842,0.010411789412186,522.877436897842,0.00978328149809576,52287.7436897842,0.010411789412186,522.877436897842,0.00978328149809576,TRUE,0.0812633037835251,0.0812633037835251,8231.32401621435,823132.401621435,NA,NA,0.151135691362073,0.151135691362073,1,0.0105457997714145,NA,NA,0.202171533757992,NA,NA,0.202171533757992,0.309266862884344,0,27.6472418848938,0.0002402420913,81263.2971590817,1e-04,"2_306_1",2,306,1,306,3,522.877436897842,11281.1493279326,3049.82531171824,0.0635228835443556,0.0635228835443556,15.7423584101269,15.7423584101269,3,FALSE,0.11716472045816,0.00898151402797058,0.00659233408612599,0.228191688418101,0.0458089809144628
"369","(Intercept)",46575.8880148093,4657588.80148093,0.927441697566494,46575.8880148093,0.876945402886076,4657588.80148093,0.927441697566494,46575.8880148093,0.876945402886076,TRUE,NA,NA,NA,NA,NA,NA,NA,NA,1,0.00808553090698949,NA,NA,0.202422726547212,NA,NA,0.202422726547212,0.338583807361305,0,396.384009641502,0.004778251968,81263.2971590817,1e-04,"2_320_1",2,320,1,320,5,NA,NA,NA,NA,NA,NA,NA,3,FALSE,NA,NA,NA,NA,NA
"370","competitors",-2879.96385694665,-289175.515434462,-0.0575820327556455,0,0,-289175.515434462,-0.0575820327556455,0,0,FALSE,NA,NA,NA,NA,NA,NA,NA,NA,1,0.00808553090698949,NA,NA,0.202422726547212,NA,NA,0.202422726547212,0.338583807361305,0,396.384009641502,0.004778251968,81263.2971590817,1e-04,"2_320_1",2,320,1,320,5,NA,NA,NA,NA,NA,NA,NA,3,FALSE,NA,NA,NA,NA,NA
"371","season",1586.64864575446,-2.40012959100534,-4.7792545824436e-07,-0.0242437332424781,-4.56468600427489e-07,-2.40012959100534,-4.7792545824436e-07,-0.0242437332424781,-4.56468600427489e-07,FALSE,NA,NA,NA,NA,NA,NA,NA,NA,1,0.00808553090698949,NA,NA,0.202422726547212,NA,NA,0.202422726547212,0.338583807361305,0,396.384009641502,0.004778251968,81263.2971590817,1e-04,"2_320_1",2,320,1,320,5,NA,NA,NA,NA,NA,NA,NA,3,FALSE,NA,NA,NA,NA,NA
"372","trend",2323.53479039754,348530.218559631,0.0694010294449753,3485.30218559631,0.0656223608309014,348530.218559631,0.0694010294449753,3485.30218559631,0.0656223608309014,TRUE,NA,NA,NA,NA,NA,NA,NA,NA,1,0.00808553090698949,NA,NA,0.202422726547212,NA,NA,0.202422726547212,0.338583807361305,0,396.384009641502,0.004778251968,81263.2971590817,1e-04,"2_320_1",2,320,1,320,5,NA,NA,NA,NA,NA,NA,NA,3,FALSE,NA,NA,NA,NA,NA
"373","tv",1421.95612813094,109731.946359177,0.0218503579741243,1097.31946359177,0.0206606744414245,109731.946359177,0.0218503579741243,1097.31946359177,0.0206606744414245,TRUE,0.458538882371808,0.458538882371808,46446.328651486,4644632.8651486,NA,NA,0.35973717148828,0.35973717148828,1,0.00808553090698949,NA,NA,0.202422726547212,NA,NA,0.202422726547212,0.338583807361305,0,396.384009641502,0.004778251968,81263.2971590817,1e-04,"2_320_1",2,320,1,320,5,1097.31946359177,60712.9086584568,14266.5800069708,0.0236255371619489,0.0236255371619489,42.3270799366455,42.3270799366455,3,FALSE,0.03559881205344,0.0048137479411895,0,0.0949683114842912,0.56684294091856
"374","paid_search",1932.400612262,118979.213027746,0.0236917186142522,1189.79213027746,0.0224017787638337,118979.213027746,0.0236917186142522,1189.79213027746,0.0224017787638337,TRUE,0.297445999778094,0.297445999778094,30128.9055146277,3012890.55146277,NA,NA,0.39005273286965,0.39005273286965,1,0.00808553090698949,NA,NA,0.202422726547212,NA,NA,0.202422726547212,0.338583807361305,0,396.384009641502,0.004778251968,81263.2971590817,1e-04,"2_320_1",2,320,1,320,5,1189.79213027746,74246.560642359,44117.6551277313,0.0394900548146302,0.0394900548146302,25.3228313987936,25.3228313987936,3,FALSE,0.050863949674026,0.0030520423666056,0.0133192347870684,0.0886217523500738,0.641064622444985
"375","social",0,0,0,0,0,0,0,0,0,TRUE,0.162751814066573,0.162751814066573,16485.459653195,1648545.9653195,NA,NA,0,0,1,0.00808553090698949,NA,NA,0.202422726547212,NA,NA,0.202422726547212,0.338583807361305,0,396.384009641502,0.004778251968,81263.2971590817,1e-04,"2_320_1",2,320,1,320,5,0,34299.8713291089,17814.4116759139,0,0,Inf,Inf,3,FALSE,0,0,0,0,NA
"376","display",2408.51125281988,76322.5014527436,0.0151977070812578,763.225014527436,0.0143702395463653,76322.5014527436,0.0151977070812578,763.225014527436,0.0143702395463653,TRUE,0.0812633037835251,0.0812633037835251,8231.32401621435,823132.401621435,NA,NA,0.250210095642069,0.250210095642069,1,0.00808553090698949,NA,NA,0.202422726547212,NA,NA,0.202422726547212,0.338583807361305,0,396.384009641502,0.004778251968,81263.2971590817,1e-04,"2_320_1",2,320,1,320,5,763.225014527436,11010.6617890685,2779.33777285414,0.092722022972733,0.092722022972733,10.7849243139796,10.7849243139796,3,FALSE,0.11716472045816,0.00898151402797058,0.00659233408612599,0.228191688418101,0.05891638625523
"377","(Intercept)",45965.4427812826,4596544.27812826,0.915286215668364,45965.4427812826,0.862640036041951,4596544.27812826,0.915286215668364,45965.4427812826,0.862640036041951,TRUE,NA,NA,NA,NA,NA,NA,NA,NA,1,0.0119464170075606,NA,NA,0.202028391602469,NA,NA,0.202028391602469,0.49403734086373,0,226.31991493514,0.002685288616,81263.2971590817,1e-04,"2_325_1",2,325,1,325,6,NA,NA,NA,NA,NA,NA,NA,3,FALSE,NA,NA,NA,NA,NA
"378","competitors",-3052.37111099756,-306486.828711729,-0.0610291455123296,0,0,-306486.828711729,-0.0610291455123296,0,0,FALSE,NA,NA,NA,NA,NA,NA,NA,NA,1,0.0119464170075606,NA,NA,0.202028391602469,NA,NA,0.202028391602469,0.49403734086373,0,226.31991493514,0.002685288616,81263.2971590817,1e-04,"2_325_1",2,325,1,325,6,NA,NA,NA,NA,NA,NA,NA,3,FALSE,NA,NA,NA,NA,NA
"379","season",1774.68511426452,-2.68457308986277,-5.34565228882378e-07,-0.0271168998976041,-5.0890673709643e-07,-2.68457308986277,-5.34565228882378e-07,-0.0271168998976041,-5.0890673709643e-07,FALSE,NA,NA,NA,NA,NA,NA,NA,NA,1,0.0119464170075606,NA,NA,0.202028391602469,NA,NA,0.202028391602469,0.49403734086373,0,226.31991493514,0.002685288616,81263.2971590817,1e-04,"2_325_1",2,325,1,325,6,NA,NA,NA,NA,NA,NA,NA,3,FALSE,NA,NA,NA,NA,NA
"380","trend",2767.17920222286,415076.88033343,0.0826521238617368,4150.7688033343,0.0778980715392597,415076.88033343,0.0826521238617368,4150.7688033343,0.0778980715392597,TRUE,NA,NA,NA,NA,NA,NA,NA,NA,1,0.0119464170075606,NA,NA,0.202028391602469,NA,NA,0.202028391602469,0.49403734086373,0,226.31991493514,0.002685288616,81263.2971590817,1e-04,"2_325_1",2,325,1,325,6,NA,NA,NA,NA,NA,NA,NA,3,FALSE,NA,NA,NA,NA,NA
"381","tv",1001.07129789855,74482.6698912095,0.0148313508872282,744.826698912095,0.0139782691412727,74482.6698912095,0.0148313508872282,744.826698912095,0.0139782691412727,TRUE,0.458538882371808,0.458538882371808,46446.328651486,4644632.8651486,NA,NA,0.235077441032844,0.235077441032844,1,0.0119464170075606,NA,NA,0.202028391602469,NA,NA,0.202028391602469,0.49403734086373,0,226.31991493514,0.002685288616,81263.2971590817,1e-04,"2_325_1",2,325,1,325,6,744.826698912095,59075.5225473225,12629.1938958365,0.0160362879163382,0.0160362879163382,62.3585710868396,62.3585710868396,3,FALSE,0.03559881205344,0.0048137479411895,0,0.0949683114842912,0.286934074295099
"382","paid_search",2738.8455350809,171589.001221745,0.0341676350918386,1715.89001221745,0.0322023531683683,171589.001221745,0.0341676350918386,1715.89001221745,0.0322023531683683,TRUE,0.297445999778094,0.297445999778094,30128.9055146277,3012890.55146277,NA,NA,0.5415582359696,0.5415582359696,1,0.0119464170075606,NA,NA,0.202028391602469,NA,NA,0.202028391602469,0.49403734086373,0,226.31991493514,0.002685288616,81263.2971590817,1e-04,"2_325_1",2,325,1,325,6,1715.89001221745,49335.5400294765,19206.6345148489,0.0569516211395194,0.0569516211395194,17.5587626829834,17.5587626829834,3,FALSE,0.050863949674026,0.0030520423666056,0.0133192347870684,0.0886217523500738,0.42132643845112
"383","social",0,0,0,0,0,0,0,0,0,TRUE,0.162751814066573,0.162751814066573,16485.459653195,1648545.9653195,NA,NA,0,0,1,0.0119464170075606,NA,NA,0.202028391602469,NA,NA,0.202028391602469,0.49403734086373,0,226.31991493514,0.002685288616,81263.2971590817,1e-04,"2_325_1",2,325,1,325,6,0,35890.8365846051,19405.3769314101,0,0,Inf,Inf,3,FALSE,0,0,0,0,NA
"384","display",2268.15944400209,70771.4490263487,0.0140923545683912,707.714490263487,0.0132817790158851,70771.4490263487,0.0140923545683912,707.714490263487,0.0132817790158851,TRUE,0.0812633037835251,0.0812633037835251,8231.32401621435,823132.401621435,NA,NA,0.223364322997556,0.223364322997556,1,0.0119464170075606,NA,NA,0.202028391602469,NA,NA,0.202028391602469,0.49403734086373,0,226.31991493514,0.002685288616,81263.2971590817,1e-04,"2_325_1",2,325,1,325,6,707.714490263487,11570.1079441185,3338.78392790411,0.0859782082286406,0.0859782082286406,11.6308541501669,11.6308541501669,3,FALSE,0.11716472045816,0.00898151402797058,0.00659233408612599,0.228191688418101,0.0637650599805805
"385","(Intercept)",46462.8096594787,4646280.96594787,0.925190026448757,46462.8096594787,0.869143437981264,4646280.96594787,0.925190026448757,46462.8096594787,0.869143437981264,TRUE,NA,NA,NA,NA,NA,NA,NA,NA,1,0.0295960495802744,NA,NA,0.200215840923865,NA,NA,0.200215840923865,0.806051754891983,0,198.107312759337,0.002338078686,81263.2971590817,1e-04,"2_333_1",2,333,1,333,2,NA,NA,NA,NA,NA,NA,NA,1,FALSE,NA,NA,NA,NA,NA
"386","competitors",-3225.2085854418,-323841.340171395,-0.0644848601008464,0,0,-323841.340171395,-0.0644848601008464,0,0,FALSE,NA,NA,NA,NA,NA,NA,NA,NA,1,0.0295960495802744,NA,NA,0.200215840923865,NA,NA,0.200215840923865,0.806051754891983,0,198.107312759337,0.002338078686,81263.2971590817,1e-04,"2_333_1",2,333,1,333,2,NA,NA,NA,NA,NA,NA,NA,1,FALSE,NA,NA,NA,NA,NA
"387","season",1716.15826923149,-2.59603930325076,-5.1693595140702e-07,-0.0262226192247556,-4.9052602700767e-07,-2.59603930325076,-5.1693595140702e-07,-0.0262226192247556,-4.9052602700767e-07,FALSE,NA,NA,NA,NA,NA,NA,NA,NA,1,0.0295960495802744,NA,NA,0.200215840923865,NA,NA,0.200215840923865,0.806051754891983,0,198.107312759337,0.002338078686,81263.2971590817,1e-04,"2_333_1",2,333,1,333,2,NA,NA,NA,NA,NA,NA,NA,1,FALSE,NA,NA,NA,NA,NA
"388","trend",2649.35692405709,397403.538608563,0.0791329222426993,3974.03538608563,0.0743391715532432,397403.538608563,0.0791329222426993,3974.03538608563,0.0743391715532432,TRUE,NA,NA,NA,NA,NA,NA,NA,NA,1,0.0295960495802744,NA,NA,0.200215840923865,NA,NA,0.200215840923865,0.806051754891983,0,198.107312759337,0.002338078686,81263.2971590817,1e-04,"2_333_1",2,333,1,333,2,NA,NA,NA,NA,NA,NA,NA,1,FALSE,NA,NA,NA,NA,NA
"389","tv",234.834806418784,9994.87420740958,0.00199022788334945,99.9487420740958,0.00186966293999098,9994.87420740958,0.00199022788334945,99.9487420740958,0.00186966293999098,TRUE,0.458538882371808,0.458538882371808,46446.328651486,4644632.8651486,NA,NA,0.033080910097665,0.033080910097665,1,0.0295960495802744,NA,NA,0.200215840923865,NA,NA,0.200215840923865,0.806051754891983,0,198.107312759337,0.002338078686,81263.2971590817,1e-04,"2_333_1",2,333,1,333,2,99.9487420740958,50422.9704301556,3976.64177866966,0.00215191910697764,0.00215191910697764,464.701482856618,464.701482856618,1,FALSE,0.00901450662908069,0.00117474150862495,0,0.0213357910149647,0.0026991234943092
"390","paid_search",3407.99111592774,138575.482907762,0.0275938230245243,1385.75482907762,0.0259222316767051,138575.482907762,0.0275938230245243,1385.75482907762,0.0259222316767051,TRUE,0.297445999778094,0.297445999778094,30128.9055146277,3012890.55146277,NA,NA,0.458655406429602,0.458655406429602,1,0.0295960495802744,NA,NA,0.200215840923865,NA,NA,0.200215840923865,0.806051754891983,0,198.107312759337,0.002338078686,81263.2971590817,1e-04,"2_333_1",2,333,1,333,2,1385.75482907762,36303.024815509,6174.1193008813,0.0459941974461976,0.0459941974461976,21.7418730084325,21.7418730084325,1,FALSE,0.0451868104709462,0.000917106508762594,0.0355764274015731,0.0548386488444613,0.0759210026931707
"391","social",0,0,0,0,0,0,0,0,0,TRUE,0.162751814066573,0.162751814066573,16485.459653195,1648545.9653195,NA,NA,0,0,1,0.0295960495802744,NA,NA,0.200215840923865,NA,NA,0.200215840923865,0.806051754891983,0,198.107312759337,0.002338078686,81263.2971590817,1e-04,"2_333_1",2,333,1,333,2,0,51272.2441247716,34786.7844715766,0,0,Inf,Inf,1,FALSE,0,0,0,0,NA
"392","display",2540.47920946577,153563.839855276,0.0305783774374676,1535.63839855276,0.0287259863748232,153563.839855276,0.0305783774374676,1535.63839855276,0.0287259863748232,TRUE,0.0812633037835251,0.0812633037835251,8231.32401621435,823132.401621435,NA,NA,0.508263683472733,0.508263683472733,1,0.0295960495802744,NA,NA,0.200215840923865,NA,NA,0.200215840923865,0.806051754891983,0,198.107312759337,0.002338078686,81263.2971590817,1e-04,"2_333_1",2,333,1,333,2,1535.63839855276,10583.1719455303,2351.84792931591,0.186560314662356,0.186560314662356,5.36019679110125,5.36019679110125,1,FALSE,0.166415049189711,0.0197375384653568,0,0.373163785207741,0.0624480985870857
"393","(Intercept)",45481.4199356205,4548141.99356205,0.905648117743121,45481.4199356205,0.852783715880674,4548141.99356205,0.905648117743121,45481.4199356205,0.852783715880674,TRUE,NA,NA,NA,NA,NA,NA,NA,NA,1,0.0100021399207612,NA,NA,0.202227068138457,NA,NA,0.202227068138457,0.382363687101319,0,147.543555949742,0.001715795128,81263.2971590817,1e-04,"2_336_1",2,336,1,336,4,NA,NA,NA,NA,NA,NA,NA,NA,NA,NA,NA,NA,NA,NA
"394","competitors",-3100.4484124377,-311314.242913861,-0.061990403668279,0,0,-311314.242913861,-0.061990403668279,0,0,FALSE,NA,NA,NA,NA,NA,NA,NA,NA,1,0.0100021399207612,NA,NA,0.202227068138457,NA,NA,0.202227068138457,0.382363687101319,0,147.543555949742,0.001715795128,81263.2971590817,1e-04,"2_336_1",2,336,1,336,4,NA,NA,NA,NA,NA,NA,NA,NA,NA,NA,NA,NA,NA,NA
"395","season",1898.78504450265,-2.87229953806061,-5.71946230773179e-07,-0.0290131266470775,-5.44000648757973e-07,-2.87229953806061,-5.71946230773179e-07,-0.0290131266470775,-5.44000648757973e-07,FALSE,NA,NA,NA,NA,NA,NA,NA,NA,1,0.0100021399207612,NA,NA,0.202227068138457,NA,NA,0.202227068138457,0.382363687101319,0,147.543555949742,0.001715795128,81263.2971590817,1e-04,"2_336_1",2,336,1,336,4,NA,NA,NA,NA,NA,NA,NA,NA,NA,NA,NA,NA,NA,NA
"396","trend",3066.76335144127,460014.502716191,0.0916003214299761,4600.14502716191,0.0862534365770922,460014.502716191,0.0916003214299761,4600.14502716191,0.0862534365770922,TRUE,NA,NA,NA,NA,NA,NA,NA,NA,1,0.0100021399207612,NA,NA,0.202227068138457,NA,NA,0.202227068138457,0.382363687101319,0,147.543555949742,0.001715795128,81263.2971590817,1e-04,"2_336_1",2,336,1,336,4,NA,NA,NA,NA,NA,NA,NA,NA,NA,NA,NA,NA,NA,NA
"397","tv",1392.37032350806,107090.339123846,0.0213243483148215,1070.90339123846,0.0200796055756893,107090.339123846,0.0213243483148215,1070.90339123846,0.0200796055756893,TRUE,0.458538882371808,0.458538882371808,46446.328651486,4644632.8651486,NA,NA,0.329371530479321,0.329371530479321,1,0.0100021399207612,NA,NA,0.202227068138457,NA,NA,0.202227068138457,0.382363687101319,0,147.543555949742,0.001715795128,81263.2971590817,1e-04,"2_336_1",2,336,1,336,4,1070.90339123846,59608.7950360276,13162.4663845416,0.023056793127269,0.023056793127269,43.3711659067327,43.3711659067327,NA,NA,NA,NA,NA,NA,0.39115407237933
"398","paid_search",2588.86953585495,164456.58934971,0.0327473946076979,1644.5658934971,0.0308358669463767,164456.58934971,0.0327473946076979,1644.5658934971,0.0308358669463767,TRUE,0.297445999778094,0.297445999778094,30128.9055146277,3012890.55146277,NA,NA,0.505809571383285,0.505809571383285,1,0.0100021399207612,NA,NA,0.202227068138457,NA,NA,0.202227068138457,0.382363687101319,0,147.543555949742,0.001715795128,81263.2971590817,1e-04,"2_336_1",2,336,1,336,4,1644.5658934971,52546.8547113624,22417.9491967347,0.0545843224440615,0.0545843224440615,18.3202787031901,18.3202787031901,NA,NA,NA,NA,NA,NA,0.466037341250896
"399","social",0,0,0,0,0,0,0,0,0,TRUE,0.162751814066573,0.162751814066573,16485.459653195,1648545.9653195,NA,NA,0,0,1,0.0100021399207612,NA,NA,0.202227068138457,NA,NA,0.202227068138457,0.382363687101319,0,147.543555949742,0.001715795128,81263.2971590817,1e-04,"2_336_1",2,336,1,336,4,0,36747.2927816079,20261.8331284129,0,0,Inf,Inf,NA,NA,NA,NA,NA,NA,NA
"400","display",2404.20600655721,53588.4557777843,0.0106707935188938,535.884557777843,0.0100479190208164,53588.4557777843,0.0106707935188938,535.884557777843,0.0100479190208164,TRUE,0.0812633037835251,0.0812633037835251,8231.32401621435,823132.401621435,NA,NA,0.164818898137394,0.164818898137394,1,0.0100021399207612,NA,NA,0.202227068138457,NA,NA,0.202227068138457,0.382363687101319,0,147.543555949742,0.001715795128,81263.2971590817,1e-04,"2_336_1",2,336,1,336,4,535.884557777843,11281.1493279326,3049.82531171824,0.0651030814389324,0.0651030814389324,15.3602560416132,15.3602560416132,NA,NA,NA,NA,NA,NA,0.0458089809144628
"401","(Intercept)",44330.5475456293,4433054.75456293,0.882731387895341,44330.5475456293,0.828253860088921,4433054.75456293,0.882731387895341,44330.5475456293,0.828253860088921,TRUE,NA,NA,NA,NA,NA,NA,NA,NA,1,0.0207830539829864,NA,NA,0.201122944202627,NA,NA,0.201122944202627,0.339706308718203,0,23.9933320369249,0.000195273755,81263.2971590817,1e-04,"2_339_1",2,339,1,339,1,NA,NA,NA,NA,NA,NA,NA,2,FALSE,NA,NA,NA,NA,NA
"402","competitors",-3289.68266775747,-330315.14571615,-0.0657739556951664,0,0,-330315.14571615,-0.0657739556951664,0,0,FALSE,NA,NA,NA,NA,NA,NA,NA,NA,1,0.0207830539829864,NA,NA,0.201122944202627,NA,NA,0.201122944202627,0.339706308718203,0,23.9933320369249,0.000195273755,81263.2971590817,1e-04,"2_339_1",2,339,1,339,1,NA,NA,NA,NA,NA,NA,NA,2,FALSE,NA,NA,NA,NA,NA
"403","season",1941.00749917938,-2.93616960982921,-5.84664349591639e-07,-0.029658278887163,-5.54123179881825e-07,-2.93616960982921,-5.84664349591639e-07,-0.029658278887163,-5.54123179881825e-07,FALSE,NA,NA,NA,NA,NA,NA,NA,NA,1,0.0207830539829864,NA,NA,0.201122944202627,NA,NA,0.201122944202627,0.339706308718203,0,23.9933320369249,0.000195273755,81263.2971590817,1e-04,"2_339_1",2,339,1,339,1,NA,NA,NA,NA,NA,NA,NA,2,FALSE,NA,NA,NA,NA,NA
"404","trend",3124.47361448339,468671.042172508,0.093324053599262,4686.71042172508,0.087564584983239,468671.042172508,0.093324053599262,4686.71042172508,0.087564584983239,TRUE,NA,NA,NA,NA,NA,NA,NA,NA,1,0.0207830539829864,NA,NA,0.201122944202627,NA,NA,0.201122944202627,0.339706308718203,0,23.9933320369249,0.000195273755,81263.2971590817,1e-04,"2_339_1",2,339,1,339,1,NA,NA,NA,NA,NA,NA,NA,2,FALSE,NA,NA,NA,NA,NA
"405","tv",1659.36185833926,163484.663489718,0.0325538600111673,1634.84663489718,0.0305448073839654,163484.663489718,0.0325538600111673,1634.84663489718,0.0305448073839654,TRUE,0.458538882371808,0.458538882371808,46446.328651486,4644632.8651486,NA,NA,0.362842030548954,0.362842030548954,1,0.0207830539829864,NA,NA,0.201122944202627,NA,NA,0.201122944202627,0.339706308718203,0,23.9933320369249,0.000195273755,81263.2971590817,1e-04,"2_339_1",2,339,1,339,1,1634.84663489718,61775.0599205047,15328.7312690187,0.0351986191882762,0.0351986191882762,28.4102053734277,28.4102053734277,2,FALSE,0.0299280646716883,0.0145101661480368,0,0.177834679326039,0.640017256235305
"406","paid_search",3281.17769978474,170142.042033461,0.033879509552404,1701.42042033461,0.0317886448238827,170142.042033461,0.033879509552404,1701.42042033461,0.0317886448238827,TRUE,0.297445999778094,0.297445999778094,30128.9055146277,3012890.55146277,NA,NA,0.377617586233398,0.377617586233398,1,0.0207830539829864,NA,NA,0.201122944202627,NA,NA,0.201122944202627,0.339706308718203,0,23.9933320369249,0.000195273755,81263.2971590817,1e-04,"2_339_1",2,339,1,339,1,1701.42042033461,44773.1523316507,14644.246817023,0.0564713649989232,0.0564713649989232,17.7080897552072,17.7080897552072,2,FALSE,0.0503426058359058,0.00170735272801891,0.03304911803773,0.0676548057722503,0.298668984054271
"407","social",0,0,0,0,0,0,0,0,0,TRUE,0.162751814066573,0.162751814066573,16485.459653195,1648545.9653195,NA,NA,0,0,1,0.0207830539829864,NA,NA,0.201122944202627,NA,NA,0.201122944202627,0.339706308718203,0,23.9933320369249,0.000195273755,81263.2971590817,1e-04,"2_339_1",2,339,1,339,1,0,39080.5491362726,22595.0894830776,0,0,Inf,Inf,2,FALSE,0,0,0,0,NA
"408","display",2229.58251857816,116940.34494332,0.0232857293013414,1169.4034494332,0.0218486568431714,116940.34494332,0.0232857293013414,1169.4034494332,0.0218486568431714,TRUE,0.0812633037835251,0.0812633037835251,8231.32401621435,823132.401621435,NA,NA,0.259540383217648,0.259540383217648,1,0.0207830539829864,NA,NA,0.201122944202627,NA,NA,0.201122944202627,0.339706308718203,0,23.9933320369249,0.000195273755,81263.2971590817,1e-04,"2_339_1",2,339,1,339,1,1169.4034494332,11518.3730936768,3287.04907746246,0.142067478710554,0.142067478710554,7.03890861635818,7.03890861635818,2,FALSE,0.222847348692917,0.0338030734868356,0,0.565510115981625,0.0775626875496814
"409","(Intercept)",46134.3176890641,4613431.76890641,0.918648934831107,46134.3176890641,0.866530640006347,4613431.76890641,0.918648934831107,46134.3176890641,0.866530640006347,TRUE,NA,NA,NA,NA,NA,NA,NA,NA,1,0.00998644744494792,NA,NA,0.20222867088475,NA,NA,0.20222867088475,0.475917190764641,0,258.983201570073,0.003087272715,81263.2971590817,1e-04,"2_346_1",2,346,1,346,6,NA,NA,NA,NA,NA,NA,NA,3,FALSE,NA,NA,NA,NA,NA
"410","competitors",-3008.19758475502,-302051.390333246,-0.0601459394856655,0,0,-302051.390333246,-0.0601459394856655,0,0,FALSE,NA,NA,NA,NA,NA,NA,NA,NA,1,0.00998644744494792,NA,NA,0.20222867088475,NA,NA,0.20222867088475,0.475917190764641,0,258.983201570073,0.003087272715,81263.2971590817,1e-04,"2_346_1",2,346,1,346,6,NA,NA,NA,NA,NA,NA,NA,3,FALSE,NA,NA,NA,NA,NA
"411","season",1749.11154255797,-2.64588784825872,-5.26862035733893e-07,-0.0267261398814016,-5.01991147943644e-07,-2.64588784825872,-5.26862035733893e-07,-0.0267261398814016,-5.01991147943644e-07,FALSE,NA,NA,NA,NA,NA,NA,NA,NA,1,0.00998644744494792,NA,NA,0.20222867088475,NA,NA,0.20222867088475,0.475917190764641,0,258.983201570073,0.003087272715,81263.2971590817,1e-04,"2_346_1",2,346,1,346,6,NA,NA,NA,NA,NA,NA,NA,3,FALSE,NA,NA,NA,NA,NA
"412","trend",2710.60184864304,406590.277296456,0.080962230257415,4065.90277296456,0.0763689485082756,406590.277296456,0.080962230257415,4065.90277296456,0.0763689485082756,TRUE,NA,NA,NA,NA,NA,NA,NA,NA,1,0.00998644744494792,NA,NA,0.20222867088475,NA,NA,0.20222867088475,0.475917190764641,0,258.983201570073,0.003087272715,81263.2971590817,1e-04,"2_346_1",2,346,1,346,6,NA,NA,NA,NA,NA,NA,NA,3,FALSE,NA,NA,NA,NA,NA
"413","tv",1063.77627004752,77363.5691004384,0.015405009526281,773.635691004384,0.0145310273141135,77363.5691004384,0.015405009526281,773.635691004384,0.0145310273141135,TRUE,0.458538882371808,0.458538882371808,46446.328651486,4644632.8651486,NA,NA,0.254479769751622,0.254479769751622,1,0.00998644744494792,NA,NA,0.20222867088475,NA,NA,0.20222867088475,0.475917190764641,0,258.983201570073,0.003087272715,81263.2971590817,1e-04,"2_346_1",2,346,1,346,6,773.635691004384,60035.1627447844,13588.8340932984,0.016656552056233,0.016656552056233,60.0364347089343,60.0364347089343,3,FALSE,0.03559881205344,0.0048137479411895,0,0.0949683114842912,0.380291521358652
"414","paid_search",2643.75214704422,167194.64328707,0.0332926092026159,1671.9464328707,0.0314037984108998,167194.64328707,0.0332926092026159,1671.9464328707,0.0314037984108998,TRUE,0.297445999778094,0.297445999778094,30128.9055146277,3012890.55146277,NA,NA,0.549970158074791,0.549970158074791,1,0.00998644744494792,NA,NA,0.20222867088475,NA,NA,0.20222867088475,0.475917190764641,0,258.983201570073,0.003087272715,81263.2971590817,1e-04,"2_346_1",2,346,1,346,6,1671.9464328707,51634.8806346561,21505.9751200284,0.0554931021991145,0.0554931021991146,18.0202576603468,18.0202576603468,3,FALSE,0.050863949674026,0.0030520423666056,0.0133192347870684,0.0886217523500738,0.448385203963859
"415","social",0,0,0,0,0,0,0,0,0,TRUE,0.162751814066573,0.162751814066573,16485.459653195,1648545.9653195,NA,NA,0,0,1,0.00998644744494792,NA,NA,0.20222867088475,NA,NA,0.20222867088475,0.475917190764641,0,258.983201570073,0.003087272715,81263.2971590817,1e-04,"2_346_1",2,346,1,346,6,0,29706.5386972343,13221.0790440393,0,0,Inf,Inf,3,FALSE,0,0,0,0,NA
"416","display",2388.9103712127,59448.5429469021,0.0118376825302823,594.485429469021,0.0111660877515124,59448.5429469021,0.0118376825302823,594.485429469021,0.0111660877515124,TRUE,0.0812633037835251,0.0812633037835251,8231.32401621435,823132.401621435,NA,NA,0.195550072173587,0.195550072173587,1,0.00998644744494792,NA,NA,0.20222867088475,NA,NA,0.20222867088475,0.475917190764641,0,258.983201570073,0.003087272715,81263.2971590817,1e-04,"2_346_1",2,346,1,346,6,594.485429469021,11235.2363394009,3003.91232318652,0.0722223336486309,0.0722223336486309,13.8461324839641,13.8461324839641,3,FALSE,0.11716472045816,0.00898151402797058,0.00659233408612599,0.228191688418101,0.0479403776882855
"417","(Intercept)",44730.9576474601,4473095.76474601,0.890704548266361,44730.9576474601,0.836965065398592,4473095.76474601,0.890704548266361,44730.9576474601,0.836965065398592,TRUE,NA,NA,NA,NA,NA,NA,NA,NA,1,0.0158589325191841,NA,NA,0.201627996683527,NA,NA,0.201627996683527,0.405375931546685,0,65.4524410153371,0.0007055072399,81263.2971590817,1e-04,"2_347_1",2,347,1,347,3,NA,NA,NA,NA,NA,NA,NA,2,FALSE,NA,NA,NA,NA,NA
"418","competitors",-3211.33961908714,-322448.765231789,-0.0642075638170771,0,0,-322448.765231789,-0.0642075638170771,0,0,FALSE,NA,NA,NA,NA,NA,NA,NA,NA,1,0.0158589325191841,NA,NA,0.201627996683527,NA,NA,0.201627996683527,0.405375931546685,0,65.4524410153371,0.0007055072399,81263.2971590817,1e-04,"2_347_1",2,347,1,347,3,NA,NA,NA,NA,NA,NA,NA,2,FALSE,NA,NA,NA,NA,NA
"419","season",1956.16941748463,-2.95910510274793,-5.89231376307329e-07,-0.0298899505328068,-5.59273615369866e-07,-2.95910510274793,-5.89231376307329e-07,-0.0298899505328068,-5.59273615369866e-07,FALSE,NA,NA,NA,NA,NA,NA,NA,NA,1,0.0158589325191841,NA,NA,0.201627996683527,NA,NA,0.201627996683527,0.405375931546685,0,65.4524410153371,0.0007055072399,81263.2971590817,1e-04,"2_347_1",2,347,1,347,3,NA,NA,NA,NA,NA,NA,NA,2,FALSE,NA,NA,NA,NA,NA
"420","trend",3185.82913045387,477874.369568081,0.095156664837999,4778.74369568081,0.0894155131061832,477874.369568081,0.095156664837999,4778.74369568081,0.0894155131061832,TRUE,NA,NA,NA,NA,NA,NA,NA,NA,1,0.0158589325191841,NA,NA,0.201627996683527,NA,NA,0.201627996683527,0.405375931546685,0,65.4524410153371,0.0007055072399,81263.2971590817,1e-04,"2_347_1",2,347,1,347,3,NA,NA,NA,NA,NA,NA,NA,2,FALSE,NA,NA,NA,NA,NA
"421","tv",1302.86461397745,116898.187355687,0.0232773346777913,1168.98187355687,0.0218729274245003,116898.187355687,0.0232773346777913,1168.98187355687,0.0218729274245003,TRUE,0.458538882371808,0.458538882371808,46446.328651486,4644632.8651486,NA,NA,0.297105856264475,0.297105856264475,1,0.0158589325191841,NA,NA,0.201627996683527,NA,NA,0.201627996683527,0.405375931546685,0,65.4524410153371,0.0007055072399,81263.2971590817,1e-04,"2_347_1",2,347,1,347,3,1168.98187355687,60458.8760655186,14012.5474140326,0.0251684451171249,0.0251684451171249,39.7322915796491,39.7322915796491,2,FALSE,0.0299280646716883,0.0145101661480368,0,0.177834679326039,0.2813303741386
"422","paid_search",2896.31332583295,183206.349419151,0.0364809378741703,1832.06349419151,0.0342799086555536,183206.349419151,0.0364809378741703,1832.06349419151,0.0342799086555536,TRUE,0.297445999778094,0.297445999778094,30128.9055146277,3012890.55146277,NA,NA,0.465633219372733,0.465633219372733,1,0.0158589325191841,NA,NA,0.201627996683527,NA,NA,0.201627996683527,0.405375931546685,0,65.4524410153371,0.0007055072399,81263.2971590817,1e-04,"2_347_1",2,347,1,347,3,1832.06349419151,46181.3426196805,16052.4371050528,0.0608075023934087,0.0608075023934087,16.4453391545382,16.4453391545382,2,FALSE,0.0503426058359058,0.00170735272801891,0.03304911803773,0.0676548057722503,0.403295534043815
"423","social",0,0,0,0,0,0,0,0,0,TRUE,0.162751814066573,0.162751814066573,16485.459653195,1648545.9653195,NA,NA,0,0,1,0.0158589325191841,NA,NA,0.201627996683527,NA,NA,0.201627996683527,0.405375931546685,0,65.4524410153371,0.0007055072399,81263.2971590817,1e-04,"2_347_1",2,347,1,347,3,0,36935.4552148576,20449.9955616626,0,0,Inf,Inf,2,FALSE,0,0,0,0,NA
"424","display",2119.45970221058,93351.8185641415,0.0185886673921318,933.518185641415,0.017467144688786,93351.8185641415,0.0185886673921318,933.518185641415,0.017467144688786,TRUE,0.0812633037835251,0.0812633037835251,8231.32401621435,823132.401621435,NA,NA,0.237260924362792,0.237260924362792,1,0.0158589325191841,NA,NA,0.201627996683527,NA,NA,0.201627996683527,0.405375931546685,0,65.4524410153371,0.0007055072399,81263.2971590817,1e-04,"2_347_1",2,347,1,347,3,933.518185641415,11779.7252373645,3548.40122115014,0.113410453020989,0.113410453020989,8.81752936667072,8.81752936667072,2,FALSE,0.222847348692917,0.0338030734868356,0,0.565510115981625,0.0745466514359885
"425","(Intercept)",47132.3481305089,4713234.81305089,0.938522201585405,47132.3481305089,0.887026658013516,4713234.81305089,0.938522201585405,47132.3481305089,0.887026658013516,TRUE,NA,NA,NA,NA,NA,NA,NA,NA,1,0.00346747979149042,NA,NA,0.202893388594452,NA,NA,0.202893388594452,0.320785277846924,0,396.384009641502,0.004778251968,81263.2971590817,1e-04,"2_350_1",2,350,1,350,5,NA,NA,NA,NA,NA,NA,NA,3,FALSE,NA,NA,NA,NA,NA
"426","competitors",-2903.57505879229,-291546.302639748,-0.0580541154155706,0,0,-291546.302639748,-0.0580541154155706,0,0,FALSE,NA,NA,NA,NA,NA,NA,NA,NA,1,0.00346747979149042,NA,NA,0.202893388594452,NA,NA,0.202893388594452,0.320785277846924,0,396.384009641502,0.004778251968,81263.2971590817,1e-04,"2_350_1",2,350,1,350,5,NA,NA,NA,NA,NA,NA,NA,3,FALSE,NA,NA,NA,NA,NA
"427","season",1633.69362993417,-2.47129472194809,-4.92096204667509e-07,-0.0249625729489701,-4.69793433525344e-07,-2.47129472194809,-4.92096204667509e-07,-0.0249625729489701,-4.69793433525344e-07,FALSE,NA,NA,NA,NA,NA,NA,NA,NA,1,0.00346747979149042,NA,NA,0.202893388594452,NA,NA,0.202893388594452,0.320785277846924,0,396.384009641502,0.004778251968,81263.2971590817,1e-04,"2_350_1",2,350,1,350,5,NA,NA,NA,NA,NA,NA,NA,3,FALSE,NA,NA,NA,NA,NA
"428","trend",2471.15686565025,370673.529847538,0.073810313107816,3706.73529847538,0.0697604332133632,370673.529847538,0.073810313107816,3706.73529847538,0.0697604332133632,TRUE,NA,NA,NA,NA,NA,NA,NA,NA,1,0.00346747979149042,NA,NA,0.202893388594452,NA,NA,0.202893388594452,0.320785277846924,0,396.384009641502,0.004778251968,81263.2971590817,1e-04,"2_350_1",2,350,1,350,5,NA,NA,NA,NA,NA,NA,NA,3,FALSE,NA,NA,NA,NA,NA
"429","tv",1220.10439914961,85466.7369080401,0.0170185516459199,854.667369080401,0.0160847649264023,85466.7369080401,0.0170185516459199,854.667369080401,0.0160847649264023,TRUE,0.458538882371808,0.458538882371808,46446.328651486,4644632.8651486,NA,NA,0.372217249841498,0.372217249841498,1,0.00346747979149042,NA,NA,0.202893388594452,NA,NA,0.202893388594452,0.320785277846924,0,396.384009641502,0.004778251968,81263.2971590817,1e-04,"2_350_1",2,350,1,350,5,854.667369080401,60712.9086584568,14266.5800069708,0.0184011824808258,0.0184011824808258,54.3443336341026,54.3443336341026,3,FALSE,0.03559881205344,0.0048137479411895,0,0.0949683114842912,0.440348786130869
"430","paid_search",1430.47184416304,92023.647847222,0.0183241955899052,920.23647847222,0.017318769814334,92023.647847222,0.0183241955899052,920.23647847222,0.017318769814334,TRUE,0.297445999778094,0.297445999778094,30128.9055146277,3012890.55146277,NA,NA,0.400773334296482,0.400773334296482,1,0.00346747979149042,NA,NA,0.202893388594452,NA,NA,0.202893388594452,0.320785277846924,0,396.384009641502,0.004778251968,81263.2971590817,1e-04,"2_350_1",2,350,1,350,5,920.23647847222,85182.7293227428,55053.8238081151,0.0305433092491674,0.0305433092491674,32.7403946914252,32.7403946914252,3,FALSE,0.050863949674026,0.0030520423666056,0.0133192347870684,0.0886217523500738,0.779047266622327
"431","social",0,0,0,0,0,0,0,0,0,TRUE,0.162751814066573,0.162751814066573,16485.459653195,1648545.9653195,NA,NA,0,0,1,0.00346747979149042,NA,NA,0.202893388594452,NA,NA,0.202893388594452,0.320785277846924,0,396.384009641502,0.004778251968,81263.2971590817,1e-04,"2_350_1",2,350,1,350,5,0,37975.6959974657,21490.2363442707,0,0,Inf,Inf,3,FALSE,0,0,0,0,NA
"432","display",2192.64976628817,52124.8115969613,0.0103793455827291,521.248115969613,0.00980984382581779,52124.8115969613,0.0103793455827291,521.248115969613,0.00980984382581779,TRUE,0.0812633037835251,0.0812633037835251,8231.32401621435,823132.401621435,NA,NA,0.22700941586202,0.22700941586202,1,0.00346747979149042,NA,NA,0.202893388594452,NA,NA,0.202893388594452,0.320785277846924,0,396.384009641502,0.004778251968,81263.2971590817,1e-04,"2_350_1",2,350,1,350,5,521.248115969613,12817.1959413994,4585.87192518504,0.0633249420072445,0.0633249420072445,15.7915659817833,15.7915659817833,3,FALSE,0.11716472045816,0.00898151402797058,0.00659233408612599,0.228191688418101,0.0807121829907401
"433","(Intercept)",46209.4339506416,4620943.39506416,0.920144686305135,46209.4339506416,0.864498825990128,4620943.39506416,0.920144686305135,46209.4339506416,0.864498825990128,TRUE,NA,NA,NA,NA,NA,NA,NA,NA,1,0.0295977543937489,NA,NA,0.200215665053387,NA,NA,0.200215665053387,0.916916017803747,0,373.421962057358,0.004495660136,81263.2971590817,1e-04,"2_359_1",2,359,1,359,6,NA,NA,NA,NA,NA,NA,NA,2,FALSE,NA,NA,NA,NA,NA
"434","competitors",-3219.35248303094,-323253.332294485,-0.0643677731172617,0,0,-323253.332294485,-0.0643677731172617,0,0,FALSE,NA,NA,NA,NA,NA,NA,NA,NA,1,0.0295977543937489,NA,NA,0.200215665053387,NA,NA,0.200215665053387,0.916916017803747,0,373.421962057358,0.004495660136,81263.2971590817,1e-04,"2_359_1",2,359,1,359,6,NA,NA,NA,NA,NA,NA,NA,2,FALSE,NA,NA,NA,NA,NA
"435","season",1511.77959149906,-2.28687488080086,-4.55373630428205e-07,-0.0230997462707153,-4.32156419683344e-07,-2.28687488080086,-4.55373630428205e-07,-0.0230997462707153,-4.32156419683344e-07,FALSE,NA,NA,NA,NA,NA,NA,NA,NA,1,0.0295977543937489,NA,NA,0.200215665053387,NA,NA,0.200215665053387,0.916916017803747,0,373.421962057358,0.004495660136,81263.2971590817,1e-04,"2_359_1",2,359,1,359,6,NA,NA,NA,NA,NA,NA,NA,2,FALSE,NA,NA,NA,NA,NA
"436","trend",2246.15647478573,336923.471217859,0.0670898375564909,3369.23471217859,0.0630325715799671,336923.471217859,0.0670898375564909,3369.23471217859,0.0630325715799671,TRUE,NA,NA,NA,NA,NA,NA,NA,NA,1,0.0295977543937489,NA,NA,0.200215665053387,NA,NA,0.200215665053387,0.916916017803747,0,373.421962057358,0.004495660136,81263.2971590817,1e-04,"2_359_1",2,359,1,359,6,NA,NA,NA,NA,NA,NA,NA,2,FALSE,NA,NA,NA,NA,NA
"437","tv",79.0819770261855,7139.24874303123,0.00142160187509062,71.3924874303123,0.00133563033111257,7139.24874303123,0.00142160187509062,71.3924874303123,0.00133563033111257,TRUE,0.458538882371808,0.458538882371808,46446.328651486,4644632.8651486,NA,NA,0.0184303591007766,0.0184303591007766,1,0.0295977543937489,NA,NA,0.200215665053387,NA,NA,0.200215665053387,0.916916017803747,0,373.421962057358,0.004495660136,81263.2971590817,1e-04,"2_359_1",2,359,1,359,6,71.3924874303123,64052.7198847634,17606.3912332774,0.00153709646172493,0.00153709646172493,650.577257121391,650.577257121391,2,FALSE,0.0299280646716883,0.0145101661480368,0,0.177834679326039,0.544182467005041
"438","paid_search",3095.62908573698,130908.944113722,0.0260672245941642,1309.08944113722,0.0244908060589537,130908.944113722,0.0260672245941642,1309.08944113722,0.0244908060589537,TRUE,0.297445999778094,0.297445999778094,30128.9055146277,3012890.55146277,NA,NA,0.33794856242745,0.33794856242745,1,0.0295977543937489,NA,NA,0.200215665053387,NA,NA,0.200215665053387,0.916916017803747,0,373.421962057358,0.004495660136,81263.2971590817,1e-04,"2_359_1",2,359,1,359,6,1309.08944113722,32324.9944250403,2196.08891041256,0.0434496181914623,0.0434496181914623,23.01516196514,23.01516196514,2,FALSE,0.0503426058359058,0.00170735272801891,0.03304911803773,0.0676548057722503,0.0173346225874982
"439","social",0,0,0,0,0,0,0,0,0,TRUE,0.162751814066573,0.162751814066573,16485.459653195,1648545.9653195,NA,NA,0,0,1,0.0295977543937489,NA,NA,0.200215665053387,NA,NA,0.200215665053387,0.916916017803747,0,373.421962057358,0.004495660136,81263.2971590817,1e-04,"2_359_1",2,359,1,359,6,0,23917.9411822452,7432.48152905017,0,0,Inf,Inf,2,FALSE,0,0,0,0,NA
"440","display",3195.77545571598,249315.325346775,0.0496448781600117,2493.15325346775,0.0466425981962588,249315.325346775,0.0496448781600117,2493.15325346775,0.0466425981962588,TRUE,0.0812633037835251,0.0812633037835251,8231.32401621435,823132.401621435,NA,NA,0.643621078471773,0.643621078471773,1,0.0295977543937489,NA,NA,0.200215665053387,NA,NA,0.200215665053387,0.916916017803747,0,373.421962057358,0.004495660136,81263.2971590817,1e-04,"2_359_1",2,359,1,359,6,2493.15325346775,11123.5538262973,2892.22981008293,0.302886054364602,0.302886054364602,3.30157161609112,3.30157161609112,2,FALSE,0.222847348692917,0.0338030734868356,0,0.565510115981625,0.17381642379309
"441","(Intercept)",43963.7979050265,4396379.79050266,0.875428490972487,43963.7979050265,0.824876529335049,4396379.79050266,0.875428490972487,43963.7979050265,0.824876529335049,TRUE,NA,NA,NA,NA,NA,NA,NA,NA,1,0.0162475880070386,NA,NA,0.201588179441688,NA,NA,0.201588179441688,0.274508609469834,0,230.208724032,0.002733147836,81263.2971590817,1e-04,"2_365_1",2,365,1,365,1,NA,NA,NA,NA,NA,NA,NA,3,FALSE,NA,NA,NA,NA,NA
"442","competitors",-3065.13176273034,-307768.118417225,-0.0612842821399258,0,0,-307768.118417225,-0.0612842821399258,0,0,FALSE,NA,NA,NA,NA,NA,NA,NA,NA,1,0.0162475880070386,NA,NA,0.201588179441688,NA,NA,0.201588179441688,0.274508609469834,0,230.208724032,0.002733147836,81263.2971590817,1e-04,"2_365_1",2,365,1,365,1,NA,NA,NA,NA,NA,NA,NA,3,FALSE,NA,NA,NA,NA,NA
"443","season",1720.0544617305,-2.60193308883042,-5.18109550609542e-07,-0.026282152412429,-4.93122334704858e-07,-2.60193308883042,-5.18109550609542e-07,-0.026282152412429,-4.93122334704858e-07,FALSE,NA,NA,NA,NA,NA,NA,NA,NA,1,0.0162475880070386,NA,NA,0.201588179441688,NA,NA,0.201588179441688,0.274508609469834,0,230.208724032,0.002733147836,81263.2971590817,1e-04,"2_365_1",2,365,1,365,1,NA,NA,NA,NA,NA,NA,NA,3,FALSE,NA,NA,NA,NA,NA
"444","trend",2627.63571306121,394145.356959181,0.0784841372922284,3941.45356959181,0.0739520399953529,394145.356959181,0.0784841372922284,3941.45356959181,0.0739520399953529,TRUE,NA,NA,NA,NA,NA,NA,NA,NA,1,0.0162475880070386,NA,NA,0.201588179441688,NA,NA,0.201588179441688,0.274508609469834,0,230.208724032,0.002733147836,81263.2971590817,1e-04,"2_365_1",2,365,1,365,1,NA,NA,NA,NA,NA,NA,NA,3,FALSE,NA,NA,NA,NA,NA
"445","tv",2587.84209777936,250610.005643676,0.0499026811871879,2506.10005643676,0.0470210312854607,250610.005643676,0.0499026811871879,2506.10005643676,0.0470210312854607,TRUE,0.458538882371808,0.458538882371808,46446.328651486,4644632.8651486,NA,NA,0.464763637213846,0.464763637213846,1,0.0162475880070386,NA,NA,0.201588179441688,NA,NA,0.201588179441688,0.274508609469834,0,230.208724032,0.002733147836,81263.2971590817,1e-04,"2_365_1",2,365,1,365,1,2506.10005643676,54922.7229346214,8476.39428313547,0.0539569031438739,0.0539569031438739,18.5333097663804,18.5333097663804,3,FALSE,0.03559881205344,0.0048137479411895,0,0.0949683114842912,0.507700489418132
"446","paid_search",3092.00937738991,165525.097561562,0.0329601611510967,1655.25097561562,0.0310568637153198,165525.097561562,0.0329601611510967,1655.25097561562,0.0310568637153198,TRUE,0.297445999778094,0.297445999778094,30128.9055146277,3012890.55146277,NA,NA,0.306971168989436,0.306971168989436,1,0.0162475880070386,NA,NA,0.201588179441688,NA,NA,0.201588179441688,0.274508609469834,0,230.208724032,0.002733147836,81263.2971590817,1e-04,"2_365_1",2,365,1,365,1,1655.25097561562,48198.4391574917,18069.533642864,0.054938967989129,0.054938967989129,18.2020164666703,18.2020164666703,3,FALSE,0.050863949674026,0.0030520423666056,0.0133192347870684,0.0886217523500738,0.347476668119535
"447","social",0,0,0,0,0,0,0,0,0,TRUE,0.162751814066573,0.162751814066573,16485.459653195,1648545.9653195,NA,NA,0,0,1,0.0162475880070386,NA,NA,0.201588179441688,NA,NA,0.201588179441688,0.274508609469834,0,230.208724032,0.002733147836,81263.2971590817,1e-04,"2_365_1",2,365,1,365,1,0,32889.0887894923,16403.6291362973,0,0,Inf,Inf,3,FALSE,0,0,0,0,NA
"448","display",3912.7953295784,123085.234999418,0.024509329646476,1230.85234999418,0.0230940287911524,123085.234999418,0.024509329646476,1230.85234999418,0.0230940287911524,TRUE,0.0812633037835251,0.0812633037835251,8231.32401621435,823132.401621435,NA,NA,0.228265193796719,0.228265193796719,1,0.0162475880070386,NA,NA,0.201588179441688,NA,NA,0.201588179441688,0.274508609469834,0,230.208724032,0.002733147836,81263.2971590817,1e-04,"2_365_1",2,365,1,365,1,1230.85234999418,10915.2101481744,2683.88613196005,0.149532729797734,0.149532729797734,6.68749912713191,6.68749912713191,3,FALSE,0.11716472045816,0.00898151402797058,0.00659233408612599,0.228191688418101,0.174203016926664
"449","(Intercept)",47308.2988980916,4730829.88980916,0.942025818704271,47308.2988980916,0.889756582329516,4730829.88980916,0.942025818704271,47308.2988980916,0.889756582329516,TRUE,NA,NA,NA,NA,NA,NA,NA,NA,1,0.0261009803080263,NA,NA,0.200576071981605,NA,NA,0.200576071981605,0.874418657192714,0,653.169606694019,0.007938488965,81263.2971590817,1e-04,"2_375_1",2,375,1,375,5,NA,NA,NA,NA,NA,NA,NA,2,FALSE,NA,NA,NA,NA,NA
"450","competitors",-2938.1571473052,-295018.670269086,-0.0587455501183729,0,0,-295018.670269086,-0.0587455501183729,0,0,FALSE,NA,NA,NA,NA,NA,NA,NA,NA,1,0.0261009803080263,NA,NA,0.200576071981605,NA,NA,0.200576071981605,0.874418657192714,0,653.169606694019,0.007938488965,81263.2971590817,1e-04,"2_375_1",2,375,1,375,5,NA,NA,NA,NA,NA,NA,NA,2,FALSE,NA,NA,NA,NA,NA
"451","season",1302.33323368456,-1.97004455893757,-3.92284838335611e-07,-0.0198994399892688,-3.74261136576976e-07,-1.97004455893757,-3.92284838335611e-07,-0.0198994399892688,-3.74261136576976e-07,FALSE,NA,NA,NA,NA,NA,NA,NA,NA,1,0.0261009803080263,NA,NA,0.200576071981605,NA,NA,0.200576071981605,0.874418657192714,0,653.169606694019,0.007938488965,81263.2971590817,1e-04,"2_375_1",2,375,1,375,5,NA,NA,NA,NA,NA,NA,NA,2,FALSE,NA,NA,NA,NA,NA
"452","trend",1713.91259162096,257086.888743144,0.0511923895991458,2570.86888743144,0.0483519291155608,257086.888743144,0.0511923895991458,2570.86888743144,0.0483519291155608,TRUE,NA,NA,NA,NA,NA,NA,NA,NA,1,0.0261009803080263,NA,NA,0.200576071981605,NA,NA,0.200576071981605,0.874418657192714,0,653.169606694019,0.007938488965,81263.2971590817,1e-04,"2_375_1",2,375,1,375,5,NA,NA,NA,NA,NA,NA,NA,2,FALSE,NA,NA,NA,NA,NA
"453","tv",7.48497648360324,347.92674239915,6.92808623416579e-05,3.4792674239915,6.54367450169716e-05,347.92674239915,6.92808623416579e-05,3.4792674239915,6.54367450169716e-05,TRUE,0.458538882371808,0.458538882371808,46446.328651486,4644632.8651486,NA,NA,0.00105727541617947,0.00105727541617947,1,0.0261009803080263,NA,NA,0.200576071981605,NA,NA,0.200576071981605,0.874418657192714,0,653.169606694019,0.007938488965,81263.2971590817,1e-04,"2_375_1",2,375,1,375,5,3.4792674239915,48739.9814713158,2293.65281982979,7.4909417493436e-05,7.4909417493436e-05,13349.4563629149,13349.4563629149,2,FALSE,0.0299280646716883,0.0145101661480368,0,0.177834679326039,0.00265789653120354
"454","paid_search",3204.89038745762,142358.054985019,0.028347027143227,1423.58054985019,0.026774164241965,142358.054985019,0.028347027143227,1423.58054985019,0.026774164241965,TRUE,0.297445999778094,0.297445999778094,30128.9055146277,3012890.55146277,NA,NA,0.432595870018277,0.432595870018277,1,0.0261009803080263,NA,NA,0.200576071981605,NA,NA,0.200576071981605,0.874418657192714,0,653.169606694019,0.007938488965,81263.2971590817,1e-04,"2_375_1",2,375,1,375,5,1423.58054985019,42038.4876856146,11909.5821709869,0.0472496602692399,0.0472496602692399,21.1641733358877,21.1641733358877,2,FALSE,0.0503426058359058,0.00170735272801891,0.03304911803773,0.0676548057722503,0.19549132263294
"455","social",0,0,0,0,0,0,0,0,0,TRUE,0.162751814066573,0.162751814066573,16485.459653195,1648545.9653195,NA,NA,0,0,1,0.0261009803080263,NA,NA,0.200576071981605,NA,NA,0.200576071981605,0.874418657192714,0,653.169606694019,0.007938488965,81263.2971590817,1e-04,"2_375_1",2,375,1,375,5,0,56963.2363049804,40477.7766517854,0,0,Inf,Inf,2,FALSE,0,0,0,0,NA
"456","display",2701.87930307529,186372.6453501,0.0371114260942261,1863.726453501,0.0350522618290773,186372.6453501,0.0371114260942261,1863.726453501,0.0350522618290773,TRUE,0.0812633037835251,0.0812633037835251,8231.32401621435,823132.401621435,NA,NA,0.566346854565544,0.566346854565544,1,0.0261009803080263,NA,NA,0.200576071981605,NA,NA,0.200576071981605,0.874418657192714,0,653.169606694019,0.007938488965,81263.2971590817,1e-04,"2_375_1",2,375,1,375,5,1863.726453501,10400.8871014181,2169.56308520376,0.226418793602313,0.226418793602313,4.41659450653386,4.41659450653386,2,FALSE,0.222847348692917,0.0338030734868356,0,0.565510115981625,0.0667542214534151
"457","(Intercept)",45976.8503600491,4597685.03600491,0.915513368915832,45976.8503600491,0.860098241422365,4597685.03600491,0.915513368915832,45976.8503600491,0.860098241422365,TRUE,NA,NA,NA,NA,NA,NA,NA,NA,1,0.0266214791129086,NA,NA,0.200522466034569,NA,NA,0.200522466034569,0.563395729572642,0,65.4524410153371,0.0007055072399,81263.2971590817,1e-04,"2_377_1",2,377,1,377,1,NA,NA,NA,NA,NA,NA,NA,1,FALSE,NA,NA,NA,NA,NA
"458","competitors",-3222.40677935152,-323560.012432385,-0.0644288407554382,0,0,-323560.012432385,-0.0644288407554382,0,0,FALSE,NA,NA,NA,NA,NA,NA,NA,NA,1,0.0266214791129086,NA,NA,0.200522466034569,NA,NA,0.200522466034569,0.563395729572642,0,65.4524410153371,0.0007055072399,81263.2971590817,1e-04,"2_377_1",2,377,1,377,1,NA,NA,NA,NA,NA,NA,NA,1,FALSE,NA,NA,NA,NA,NA
"459","season",1963.05022050636,-2.96951372030048,-5.91303990774539e-07,-0.029995088083843,-5.61124181195319e-07,-2.96951372030048,-5.91303990774539e-07,-0.029995088083843,-5.61124181195319e-07,FALSE,NA,NA,NA,NA,NA,NA,NA,NA,1,0.0266214791129086,NA,NA,0.200522466034569,NA,NA,0.200522466034569,0.563395729572642,0,65.4524410153371,0.0007055072399,81263.2971590817,1e-04,"2_377_1",2,377,1,377,1,NA,NA,NA,NA,NA,NA,NA,1,FALSE,NA,NA,NA,NA,NA
"460","trend",3220.19643079777,483029.464619665,0.0961831723957804,4830.29464619665,0.0903612991801547,483029.464619665,0.0961831723957804,4830.29464619665,0.0903612991801547,TRUE,NA,NA,NA,NA,NA,NA,NA,NA,1,0.0266214791129086,NA,NA,0.200522466034569,NA,NA,0.200522466034569,0.563395729572642,0,65.4524410153371,0.0007055072399,81263.2971590817,1e-04,"2_377_1",2,377,1,377,1,NA,NA,NA,NA,NA,NA,NA,1,FALSE,NA,NA,NA,NA,NA
"461","tv",521.186870119986,47896.9990885351,0.00953748302745993,478.969990885351,0.00896018852158138,47896.9990885351,0.00953748302745993,478.969990885351,0.00896018852158138,TRUE,0.458538882371808,0.458538882371808,46446.328651486,4644632.8651486,NA,NA,0.180864027975838,0.180864027975838,1,0.0266214791129086,NA,NA,0.200522466034569,NA,NA,0.200522466034569,0.563395729572642,0,65.4524410153371,0.0007055072399,81263.2971590817,1e-04,"2_377_1",2,377,1,377,1,478.969990885351,60458.8760655186,14012.5474140326,0.0103123326383737,0.0103123326383737,96.9712707170492,96.9712707170492,1,FALSE,0.00901450662908069,0.00117474150862495,0,0.0213357910149647,0.250469620184313
"462","paid_search",3536.11696306177,127602.273254431,0.0254087842367717,1276.02273254431,0.0238708154143152,127602.273254431,0.0254087842367717,1276.02273254431,0.0238708154143152,TRUE,0.297445999778094,0.297445999778094,30128.9055146277,3012890.55146277,NA,NA,0.481839396180337,0.481839396180337,1,0.0266214791129086,NA,NA,0.200522466034569,NA,NA,0.200522466034569,0.563395729572642,0,65.4524410153371,0.0007055072399,81263.2971590817,1e-04,"2_377_1",2,377,1,377,1,1276.02273254431,31427.5207350267,1298.61522039898,0.0423521103985937,0.0423521103985937,23.6115742660419,23.6115742660419,1,FALSE,0.0451868104709462,0.000917106508762594,0.0355764274015731,0.0548386488444613,0.00538473894813404
"463","social",0,0,0,0,0,0,0,0,0,TRUE,0.162751814066573,0.162751814066573,16485.459653195,1648545.9653195,NA,NA,0,0,1,0.0266214791129086,NA,NA,0.200522466034569,NA,NA,0.200522466034569,0.563395729572642,0,65.4524410153371,0.0007055072399,81263.2971590817,1e-04,"2_377_1",2,377,1,377,1,0,78461.5168836757,61976.0572304807,0,0,Inf,Inf,1,FALSE,0,0,0,0,NA
"464","display",2098.63074145765,89323.9742947443,0.0177866234835851,893.239742947443,0.0167100165857651,89323.9742947443,0.0177866234835851,893.239742947443,0.0167100165857651,TRUE,0.0812633037835251,0.0812633037835251,8231.32401621435,823132.401621435,NA,NA,0.337296575843825,0.337296575843825,1,0.0266214791129086,NA,NA,0.200522466034569,NA,NA,0.200522466034569,0.563395729572642,0,65.4524410153371,0.0007055072399,81263.2971590817,1e-04,"2_377_1",2,377,1,377,1,893.239742947443,10540.781368568,2309.45735235368,0.108517140278758,0.108517140278758,9.2151341016839,9.2151341016839,1,FALSE,0.166415049189711,0.0197375384653568,0,0.373163785207741,0.0309197699639279
"465","(Intercept)",46829.874331113,4682987.4331113,0.932499196422477,46829.874331113,0.877670898117833,4682987.4331113,0.932499196422477,46829.874331113,0.877670898117833,TRUE,NA,NA,NA,NA,NA,NA,NA,NA,1,0.0261554488616271,NA,NA,0.200570462959998,NA,NA,0.200570462959998,0.760363826287805,0,247.613117981645,0.00294734213,81263.2971590817,1e-04,"2_379_1",2,379,1,379,4,NA,NA,NA,NA,NA,NA,NA,1,FALSE,NA,NA,NA,NA,NA
"466","competitors",-3124.44691235642,-313723.918496042,-0.062470229970638,0,0,-313723.918496042,-0.062470229970638,0,0,FALSE,NA,NA,NA,NA,NA,NA,NA,NA,1,0.0261554488616271,NA,NA,0.200570462959998,NA,NA,0.200570462959998,0.760363826287805,0,247.613117981645,0.00294734213,81263.2971590817,1e-04,"2_379_1",2,379,1,379,4,NA,NA,NA,NA,NA,NA,NA,1,FALSE,NA,NA,NA,NA,NA
"467","season",1699.86448480955,-2.5713916320443,-5.12027987437011e-07,-0.025973652848932,-4.86790100313754e-07,-2.5713916320443,-5.12027987437011e-07,-0.025973652848932,-4.86790100313754e-07,FALSE,NA,NA,NA,NA,NA,NA,NA,NA,1,0.0261554488616271,NA,NA,0.200570462959998,NA,NA,0.200570462959998,0.760363826287805,0,247.613117981645,0.00294734213,81263.2971590817,1e-04,"2_379_1",2,379,1,379,4,NA,NA,NA,NA,NA,NA,NA,1,FALSE,NA,NA,NA,NA,NA
"468","trend",2602.42464691607,390363.69703741,0.077731114806355,3903.6369703741,0.0731607465245314,390363.69703741,0.077731114806355,3903.6369703741,0.0731607465245314,TRUE,NA,NA,NA,NA,NA,NA,NA,NA,1,0.0261554488616271,NA,NA,0.200570462959998,NA,NA,0.200570462959998,0.760363826287805,0,247.613117981645,0.00294734213,81263.2971590817,1e-04,"2_379_1",2,379,1,379,4,NA,NA,NA,NA,NA,NA,NA,1,FALSE,NA,NA,NA,NA,NA
"469","tv",297.141246252127,12276.5531980753,0.00244456688290476,122.765531980753,0.00230083330887514,12276.5531980753,0.00244456688290476,122.765531980753,0.00230083330887514,TRUE,0.458538882371808,0.458538882371808,46446.328651486,4644632.8651486,NA,NA,0.0467945391506662,0.0467945391506662,1,0.0261554488616271,NA,NA,0.200570462959998,NA,NA,0.200570462959998,0.760363826287805,0,247.613117981645,0.00294734213,81263.2971590817,1e-04,"2_379_1",2,379,1,379,4,122.765531980753,53543.1470239012,7096.81837241528,0.00264316977348059,0.00264316977348059,378.333624284442,378.333624284442,1,FALSE,0.00901450662908069,0.00117474150862495,0,0.0213357910149647,0.0149223116743219
"470","paid_search",3422.94814820988,135821.472337481,0.0270454310673801,1358.21472337481,0.025455236707933,135821.472337481,0.0270454310673801,1358.21472337481,0.025455236707933,TRUE,0.297445999778094,0.297445999778094,30128.9055146277,3012890.55146277,NA,NA,0.517710720774118,0.517710720774118,1,0.0261554488616271,NA,NA,0.200570462959998,NA,NA,0.200570462959998,0.760363826287805,0,247.613117981645,0.00294734213,81263.2971590817,1e-04,"2_379_1",2,379,1,379,4,1358.21472337481,35553.1067170653,5424.20120243764,0.0450801215701444,0.0450801215701444,22.1827263363522,22.1827263363522,1,FALSE,0.0451868104709462,0.000917106508762594,0.0355764274015731,0.0548386488444613,0.0597178891845199
"471","social",0,0,0,0,0,0,0,0,0,TRUE,0.162751814066573,0.162751814066573,16485.459653195,1648545.9653195,NA,NA,0,0,1,0.0261554488616271,NA,NA,0.200570462959998,NA,NA,0.200570462959998,0.760363826287805,0,247.613117981645,0.00294734213,81263.2971590817,1e-04,"2_379_1",2,379,1,379,4,0,66938.2309301831,50452.7712769881,0,0,Inf,Inf,1,FALSE,0,0,0,0,NA
"472","display",2299.56235702818,114252.099519592,0.0227504328195085,1142.52099519592,0.0214127721309274,114252.099519592,0.0227504328195085,1142.52099519592,0.0214127721309274,TRUE,0.0812633037835251,0.0812633037835251,8231.32401621435,823132.401621435,NA,NA,0.435494740075216,0.435494740075216,1,0.0261554488616271,NA,NA,0.200570462959998,NA,NA,0.200570462959998,0.760363826287805,0,247.613117981645,0.00294734213,81263.2971590817,1e-04,"2_379_1",2,379,1,379,4,1142.52099519592,10728.4119078007,2497.08789158635,0.13880160627201,0.13880160627201,7.2045275761456,7.2045275761456,1,FALSE,0.166415049189711,0.0197375384653568,0,0.373163785207741,0.0512205568758537
"473","(Intercept)",45221.1279681854,4522112.79681854,0.900465057700032,45221.1279681854,0.84607827071046,4522112.79681854,0.900465057700032,45221.1279681854,0.84607827071046,TRUE,NA,NA,NA,NA,NA,NA,NA,NA,1,0.0227521402843568,NA,NA,0.200920625539932,NA,NA,0.200920625539932,0.440478400336129,0,84.1299799677679,0.0009353700137,81263.2971590817,1e-04,"2_387_1",2,387,1,387,1,NA,NA,NA,NA,NA,NA,NA,2,TRUE,NA,NA,NA,NA,NA
"474","competitors",-3215.01457777162,-322817.765720883,-0.0642810409861863,0,0,-322817.765720883,-0.0642810409861863,0,0,FALSE,NA,NA,NA,NA,NA,NA,NA,NA,1,0.0227521402843568,NA,NA,0.200920625539932,NA,NA,0.200920625539932,0.440478400336129,0,84.1299799677679,0.0009353700137,81263.2971590817,1e-04,"2_387_1",2,387,1,387,1,NA,NA,NA,NA,NA,NA,NA,2,TRUE,NA,NA,NA,NA,NA
"475","season",1945.20415375668,-2.94251790556607,-5.85928453063585e-07,-0.0297224030865254,-5.56100224269036e-07,-2.94251790556607,-5.85928453063585e-07,-0.0297224030865254,-5.56100224269036e-07,FALSE,NA,NA,NA,NA,NA,NA,NA,NA,1,0.0227521402843568,NA,NA,0.200920625539932,NA,NA,0.200920625539932,0.440478400336129,0,84.1299799677679,0.0009353700137,81263.2971590817,1e-04,"2_387_1",2,387,1,387,1,NA,NA,NA,NA,NA,NA,NA,2,TRUE,NA,NA,NA,NA,NA
"476","trend",3186.10809235311,477916.213852967,0.095164997075185,4779.16213852967,0.0894171689051378,477916.213852967,0.095164997075185,4779.16213852967,0.0894171689051378,TRUE,NA,NA,NA,NA,NA,NA,NA,NA,1,0.0227521402843568,NA,NA,0.200920625539932,NA,NA,0.200920625539932,0.440478400336129,0,84.1299799677679,0.0009353700137,81263.2971590817,1e-04,"2_387_1",2,387,1,387,1,NA,NA,NA,NA,NA,NA,NA,2,TRUE,NA,NA,NA,NA,NA
"477","tv",1034.3906664684,94499.9304731381,0.0188172850102301,944.999304731381,0.0176807482142467,94499.9304731381,0.0188172850102301,944.999304731381,0.0176807482142467,TRUE,0.458538882371808,0.458538882371808,46446.328651486,4644632.8651486,NA,NA,0.27409838440429,0.27409838440429,1,0.0227521402843568,NA,NA,0.200920625539932,NA,NA,0.200920625539932,0.440478400336129,0,84.1299799677679,0.0009353700137,81263.2971590817,1e-04,"2_387_1",2,387,1,387,1,944.999304731381,56737.9236374149,10291.5949859289,0.0203460495623296,0.0203460495623296,49.1495902895807,49.1495902895807,2,TRUE,0.0299280646716883,0.0145101661480368,0,0.177834679326039,0.186419132749968
"478","paid_search",2497.81671765137,148193.066722291,0.0295089230128699,1481.93066722291,0.0277266267466585,148193.066722291,0.0295089230128699,1481.93066722291,0.0277266267466585,TRUE,0.297445999778094,0.297445999778094,30128.9055146277,3012890.55146277,NA,NA,0.429836085223821,0.429836085223821,1,0.0227521402843568,NA,NA,0.200920625539932,NA,NA,0.200920625539932,0.440478400336129,0,84.1299799677679,0.0009353700137,81263.2971590817,1e-04,"2_387_1",2,387,1,387,1,1481.93066722291,33779.6481391144,3650.74262448674,0.0491863425474723,0.0491863425474723,20.3308469019596,20.3308469019596,2,TRUE,0.0503426058359058,0.00170735272801891,0.03304911803773,0.0676548057722503,0.0385648105183799
"479","social",0,0,0,0,0,0,0,0,0,TRUE,0.162751814066573,0.162751814066573,16485.459653195,1648545.9653195,NA,NA,0,0,1,0.0227521402843568,NA,NA,0.200920625539932,NA,NA,0.200920625539932,0.440478400336129,0,84.1299799677679,0.0009353700137,81263.2971590817,1e-04,"2_387_1",2,387,1,387,1,0,38602.3768342435,22116.9171810485,0,0,Inf,Inf,2,TRUE,0,0,0,0,NA
"480","display",2196.16452505268,102073.465688032,0.020325364116322,1020.73465688032,0.0190977415237215,102073.465688032,0.020325364116322,1020.73465688032,0.0190977415237215,TRUE,0.0812633037835251,0.0812633037835251,8231.32401621435,823132.401621435,NA,NA,0.29606553037189,0.29606553037189,1,0.0227521402843568,NA,NA,0.200920625539932,NA,NA,0.200920625539932,0.440478400336129,0,84.1299799677679,0.0009353700137,81263.2971590817,1e-04,"2_387_1",2,387,1,387,1,1020.73465688032,10735.4980902973,2504.17407408295,0.124006132533435,0.124006132533435,8.06411731073361,8.06411731073361,2,TRUE,0.222847348692917,0.0338030734868356,0,0.565510115981625,0.0409495133460316
"481","(Intercept)",46085.5841165783,4608558.41165783,0.917678528272669,46085.5841165783,0.862487801504156,4608558.41165783,0.917678528272669,46085.5841165783,0.862487801504156,TRUE,NA,NA,NA,NA,NA,NA,NA,NA,1,0.0293625421956402,NA,NA,0.200239928349123,NA,NA,0.200239928349123,0.870824638843873,0,396.513151328432,0.004779841303,81263.2971590817,1e-04,"2_389_1",2,389,1,389,4,NA,NA,NA,NA,NA,NA,NA,2,FALSE,NA,NA,NA,NA,NA
"482","competitors",-3200.46607376932,-321356.958796686,-0.0639901580183376,0,0,-321356.958796686,-0.0639901580183376,0,0,FALSE,NA,NA,NA,NA,NA,NA,NA,NA,1,0.0293625421956402,NA,NA,0.200239928349123,NA,NA,0.200239928349123,0.870824638843873,0,396.513151328432,0.004779841303,81263.2971590817,1e-04,"2_389_1",2,389,1,389,4,NA,NA,NA,NA,NA,NA,NA,2,FALSE,NA,NA,NA,NA,NA
"483","season",1500.88569881749,-2.27039564687828,-4.52092205352874e-07,-0.0229332893624072,-4.29194567077774e-07,-2.27039564687828,-4.52092205352874e-07,-0.0229332893624072,-4.29194567077774e-07,FALSE,NA,NA,NA,NA,NA,NA,NA,NA,1,0.0293625421956402,NA,NA,0.200239928349123,NA,NA,0.200239928349123,0.870824638843873,0,396.513151328432,0.004779841303,81263.2971590817,1e-04,"2_389_1",2,389,1,389,4,NA,NA,NA,NA,NA,NA,NA,2,FALSE,NA,NA,NA,NA,NA
"484","trend",2225.76718146555,333865.077219832,0.0664808352932478,3338.65077219832,0.0624825662883944,333865.077219832,0.0664808352932478,3338.65077219832,0.0624825662883944,TRUE,NA,NA,NA,NA,NA,NA,NA,NA,1,0.0293625421956402,NA,NA,0.200239928349123,NA,NA,0.200239928349123,0.870824638843873,0,396.513151328432,0.004779841303,81263.2971590817,1e-04,"2_389_1",2,389,1,389,4,NA,NA,NA,NA,NA,NA,NA,2,FALSE,NA,NA,NA,NA,NA
"485","tv",248.304764140363,21183.3327414704,0.00421812807339679,211.833327414704,0.00396444277206187,21183.3327414704,0.00421812807339679,211.833327414704,0.00396444277206187,TRUE,0.458538882371808,0.458538882371808,46446.328651486,4644632.8651486,NA,NA,0.0528380584792552,0.0528380584792552,1,0.0293625421956402,NA,NA,0.200239928349123,NA,NA,0.200239928349123,0.870824638843873,0,396.513151328432,0.004779841303,81263.2971590817,1e-04,"2_389_1",2,389,1,389,4,211.833327414704,59726.3754216414,13280.0467701555,0.00456081962912966,0.00456081962912966,219.258835322727,219.258835322727,2,FALSE,0.0299280646716883,0.0145101661480368,0,0.177834679326039,0.160101767746825
"486","paid_search",3072.62566342992,129936.168098955,0.0258735207106868,1299.36168098955,0.0243174437533553,129936.168098955,0.0258735207106868,1299.36168098955,0.0243174437533553,TRUE,0.297445999778094,0.297445999778094,30128.9055146277,3012890.55146277,NA,NA,0.324102676966511,0.324102676966511,1,0.0293625421956402,NA,NA,0.200239928349123,NA,NA,0.200239928349123,0.870824638843873,0,396.513151328432,0.004779841303,81263.2971590817,1e-04,"2_389_1",2,389,1,389,4,1299.36168098955,32324.9944250403,2196.08891041256,0.0431267468497554,0.0431267468497554,23.1874665502546,23.1874665502546,2,FALSE,0.0503426058359058,0.00170735272801891,0.03304911803773,0.0676548057722503,0.0173346225874982
"487","social",0,0,0,0,0,0,0,0,0,TRUE,0.162751814066573,0.162751814066573,16485.459653195,1648545.9653195,NA,NA,0,0,1,0.0293625421956402,NA,NA,0.200239928349123,NA,NA,0.200239928349123,0.870824638843873,0,396.513151328432,0.004779841303,81263.2971590817,1e-04,"2_389_1",2,389,1,389,4,0,28379.5363565555,11894.0767033605,0,0,Inf,Inf,2,FALSE,0,0,0,0,NA
"488","display",3214.16683594141,249791.004790421,0.0497395977605424,2497.91004790421,0.0467481748765996,249791.004790421,0.0497395977605424,2497.91004790421,0.0467481748765996,TRUE,0.0812633037835251,0.0812633037835251,8231.32401621435,823132.401621435,NA,NA,0.623059264554234,0.623059264554234,1,0.0293625421956402,NA,NA,0.200239928349123,NA,NA,0.200239928349123,0.870824638843873,0,396.513151328432,0.004779841303,81263.2971590817,1e-04,"2_389_1",2,389,1,389,4,2497.91004790421,11123.5538262973,2892.22981008293,0.30346394370866,0.30346394370866,3.29528440110186,3.29528440110186,2,FALSE,0.222847348692917,0.0338030734868356,0,0.565510115981625,0.178975261533338
"489","(Intercept)",45855.1401288535,4585514.01288535,0.913089815694575,45855.1401288535,0.856687343355926,4585514.01288535,0.913089815694575,45855.1401288535,0.856687343355926,TRUE,NA,NA,NA,NA,NA,NA,NA,NA,1,0.0212756113612037,NA,NA,0.201072354263753,NA,NA,0.201072354263753,0.587208110824467,0,31.6388789372841,0.0002893668056,81263.2971590817,1e-04,"2_394_1",2,394,1,394,6,NA,NA,NA,NA,NA,NA,NA,1,FALSE,NA,NA,NA,NA,NA
"490","competitors",-3292.87979188486,-330636.167112032,-0.0658378790342678,0,0,-330636.167112032,-0.0658378790342678,0,0,FALSE,NA,NA,NA,NA,NA,NA,NA,NA,1,0.0212756113612037,NA,NA,0.201072354263753,NA,NA,0.201072354263753,0.587208110824467,0,31.6388789372841,0.0002893668056,81263.2971590817,1e-04,"2_394_1",2,394,1,394,6,NA,NA,NA,NA,NA,NA,NA,1,FALSE,NA,NA,NA,NA,NA
"491","season",2049.98998643721,-3.10102784310614,-6.1749172148835e-07,-0.0313235135667284,-5.85200645917746e-07,-3.10102784310614,-6.1749172148835e-07,-0.0313235135667284,-5.85200645917746e-07,FALSE,NA,NA,NA,NA,NA,NA,NA,NA,1,0.0212756113612037,NA,NA,0.201072354263753,NA,NA,0.201072354263753,0.587208110824467,0,31.6388789372841,0.0002893668056,81263.2971590817,1e-04,"2_394_1",2,394,1,394,6,NA,NA,NA,NA,NA,NA,NA,1,FALSE,NA,NA,NA,NA,NA
"492","trend",3433.16726412937,514975.089619405,0.102544340361093,5149.75089619405,0.0962100737629036,514975.089619405,0.102544340361093,5149.75089619405,0.0962100737629036,TRUE,NA,NA,NA,NA,NA,NA,NA,NA,1,0.0212756113612037,NA,NA,0.201072354263753,NA,NA,0.201072354263753,0.587208110824467,0,31.6388789372841,0.0002893668056,81263.2971590817,1e-04,"2_394_1",2,394,1,394,6,NA,NA,NA,NA,NA,NA,NA,1,FALSE,NA,NA,NA,NA,NA
"493","tv",810.811686667033,42326.1168174739,0.00842818189963746,423.261168174739,0.00790756466320734,42326.1168174739,0.00842818189963746,423.261168174739,0.00790756466320734,TRUE,0.458538882371808,0.458538882371808,46446.328651486,4644632.8651486,NA,NA,0.167877554424201,0.167877554424201,1,0.0212756113612037,NA,NA,0.201072354263753,NA,NA,0.201072354263753,0.587208110824467,0,31.6388789372841,0.0002893668056,81263.2971590817,1e-04,"2_394_1",2,394,1,394,6,423.261168174739,51395.5807625634,4949.25211107742,0.00911290903853167,0.00911290903853167,109.7344432795,109.7344432795,1,FALSE,0.00901450662908069,0.00117474150862495,0,0.0213357910149647,0.152589394511034
"494","paid_search",4258.54311621733,146978.778883834,0.0292671281223733,1469.78778883834,0.0274592683083876,146978.778883834,0.0292671281223733,1469.78778883834,0.0274592683083876,TRUE,0.297445999778094,0.297445999778094,30128.9055146277,3012890.55146277,NA,NA,0.582960115563612,0.582960115563612,1,0.0212756113612037,NA,NA,0.201072354263753,NA,NA,0.201072354263753,0.587208110824467,0,31.6388789372841,0.0002893668056,81263.2971590817,1e-04,"2_394_1",2,394,1,394,6,1469.78778883834,34093.4666593853,3964.56114475756,0.0487833116979558,0.0487833116979558,20.4988133276303,20.4988133276303,1,FALSE,0.0451868104709462,0.000917106508762594,0.0355764274015731,0.0548386488444613,0.0547509230670153
"495","social",0,0,0,0,0,0,0,0,0,TRUE,0.162751814066573,0.162751814066573,16485.459653195,1648545.9653195,NA,NA,0,0,1,0.0212756113612037,NA,NA,0.201072354263753,NA,NA,0.201072354263753,0.587208110824467,0,31.6388789372841,0.0002893668056,81263.2971590817,1e-04,"2_394_1",2,394,1,394,6,0,52215.4029249942,35729.9432717992,0,0,Inf,Inf,1,FALSE,0,0,0,0,NA
"496","display",2058.74148216537,62820.0352499862,0.0125090304483103,628.200352499862,0.0117363351102209,62820.0352499862,0.0125090304483103,628.200352499862,0.0117363351102209,TRUE,0.0812633037835251,0.0812633037835251,8231.32401621435,823132.401621435,NA,NA,0.249162330012187,0.249162330012187,1,0.0212756113612037,NA,NA,0.201072354263753,NA,NA,0.201072354263753,0.587208110824467,0,31.6388789372841,0.0002893668056,81263.2971590817,1e-04,"2_394_1",2,394,1,394,6,628.200352499862,11600.8433895327,3369.51937331832,0.0763182631691343,0.0763182631691343,13.1030235552378,13.1030235552377,1,FALSE,0.166415049189711,0.0197375384653568,0,0.373163785207741,0.0514058602200899
"497","(Intercept)",44187.1772010742,4418717.72010742,0.879876527979572,44187.1772010742,0.828548586521058,4418717.72010742,0.879876527979572,44187.1772010742,0.828548586521058,TRUE,NA,NA,NA,NA,NA,NA,NA,NA,1,0.0101896484736105,NA,NA,0.202207916026063,NA,NA,0.202207916026063,0.258751233007369,0,155.336796100096,0.001811705826,81263.2971590817,1e-04,"2_395_1",2,395,1,395,2,NA,NA,NA,NA,NA,NA,NA,3,FALSE,NA,NA,NA,NA,NA
"498","competitors",-3098.38905473238,-311107.463990415,-0.0619492288450056,0,0,-311107.463990415,-0.0619492288450056,0,0,FALSE,NA,NA,NA,NA,NA,NA,NA,NA,1,0.0101896484736105,NA,NA,0.202207916026063,NA,NA,0.202207916026063,0.258751233007369,0,155.336796100096,0.001811705826,81263.2971590817,1e-04,"2_395_1",2,395,1,395,2,NA,NA,NA,NA,NA,NA,NA,3,FALSE,NA,NA,NA,NA,NA
"499","season",1799.7605267608,-2.72250476408711,-5.4211836803519e-07,-0.0275000481220916,-5.15650182792534e-07,-2.72250476408711,-5.4211836803519e-07,-0.0275000481220916,-5.15650182792534e-07,FALSE,NA,NA,NA,NA,NA,NA,NA,NA,1,0.0101896484736105,NA,NA,0.202207916026063,NA,NA,0.202207916026063,0.258751233007369,0,155.336796100096,0.001811705826,81263.2971590817,1e-04,"2_395_1",2,395,1,395,2,NA,NA,NA,NA,NA,NA,NA,3,FALSE,NA,NA,NA,NA,NA
"500","trend",2795.08927994556,419263.391991834,0.083485762391209,4192.63391991834,0.0786155877833294,419263.391991834,0.083485762391209,4192.63391991834,0.0786155877833294,TRUE,NA,NA,NA,NA,NA,NA,NA,NA,1,0.0101896484736105,NA,NA,0.202207916026063,NA,NA,0.202207916026063,0.258751233007369,0,155.336796100096,0.001811705826,81263.2971590817,1e-04,"2_395_1",2,395,1,395,2,NA,NA,NA,NA,NA,NA,NA,3,FALSE,NA,NA,NA,NA,NA
"501","tv",2371.65566455121,230788.712679885,0.0459557690878509,2307.88712679885,0.0432749213206777,230788.712679885,0.0459557690878509,2307.88712679885,0.0432749213206777,TRUE,0.458538882371808,0.458538882371808,46446.328651486,4644632.8651486,NA,NA,0.46614203762606,0.46614203762606,1,0.0101896484736105,NA,NA,0.202207916026063,NA,NA,0.202207916026063,0.258751233007369,0,155.336796100096,0.001811705826,81263.2971590817,1e-04,"2_395_1",2,395,1,395,2,2307.88712679885,68025.3191808623,21578.9905293763,0.0496893337709483,0.0496893337709483,20.1250434270195,20.1250434270195,3,FALSE,0.03559881205344,0.0048137479411895,0,0.0949683114842912,0.819390314600776
"502","paid_search",2883.72558219603,162802.848647669,0.0324180937291944,1628.02848647669,0.0305269715498704,162802.848647669,0.0324180937291944,1628.02848647669,0.0305269715498704,TRUE,0.297445999778094,0.297445999778094,30128.9055146277,3012890.55146277,NA,NA,0.328825663606927,0.328825663606927,1,0.0101896484736105,NA,NA,0.202207916026063,NA,NA,0.202207916026063,0.258751233007369,0,155.336796100096,0.001811705826,81263.2971590817,1e-04,"2_395_1",2,395,1,395,2,1628.02848647669,68673.2236707487,38544.318156121,0.05403543403481,0.05403543403481,18.5063748975495,18.5063748975495,3,FALSE,0.050863949674026,0.0030520423666056,0.0133192347870684,0.0886217523500738,0.668981477120373
"503","social",0,0,0,0,0,0,0,0,0,TRUE,0.162751814066573,0.162751814066573,16485.459653195,1648545.9653195,NA,NA,0,0,1,0.0101896484736105,NA,NA,0.202207916026063,NA,NA,0.202207916026063,0.258751233007369,0,155.336796100096,0.001811705826,81263.2971590817,1e-04,"2_395_1",2,395,1,395,2,0,32889.0887894923,16403.6291362973,0,0,Inf,Inf,3,FALSE,0,0,0,0,NA
"504","display",3295.77308123194,101512.278384547,0.0202136177755476,1015.12278384547,0.0190344484752476,101512.278384547,0.0202136177755476,1015.12278384547,0.0190344484752476,TRUE,0.0812633037835251,0.0812633037835251,8231.32401621435,823132.401621435,NA,NA,0.205032298767013,0.205032298767013,1,0.0101896484736105,NA,NA,0.202207916026063,NA,NA,0.202207916026063,0.258751233007369,0,155.336796100096,0.001811705826,81263.2971590817,1e-04,"2_395_1",2,395,1,395,2,1015.12278384547,11977.2575513594,3745.9335351451,0.123324362137348,0.123324362137348,8.10869793014853,8.10869793014853,3,FALSE,0.11716472045816,0.00898151402797058,0.00659233408612599,0.228191688418101,0.1925765082523
"505","(Intercept)",44988.1425411102,4498814.25411102,0.89582573874757,44988.1425411102,0.840376567540815,4498814.25411102,0.89582573874757,44988.1425411102,0.840376567540815,TRUE,NA,NA,NA,NA,NA,NA,NA,NA,1,0.0253702913010029,NA,NA,0.200651301162706,NA,NA,0.200651301162706,0.444924546191069,0,27.6472418848938,0.0002402420913,81263.2971590817,1e-04,"2_396_1",2,396,1,396,1,NA,NA,NA,NA,NA,NA,NA,1,TRUE,NA,NA,NA,NA,NA
"506","competitors",-3300.05524263525,-331356.649997334,-0.0659813450847701,0,0,-331356.649997334,-0.0659813450847701,0,0,FALSE,NA,NA,NA,NA,NA,NA,NA,NA,1,0.0253702913010029,NA,NA,0.200651301162706,NA,NA,0.200651301162706,0.444924546191069,0,27.6472418848938,0.0002402420913,81263.2971590817,1e-04,"2_396_1",2,396,1,396,1,NA,NA,NA,NA,NA,NA,NA,1,TRUE,NA,NA,NA,NA,NA
"507","season",1993.53057607673,-3.01562147298108,-6.00485190369375e-07,-0.0304608229594046,-5.69006862634991e-07,-3.01562147298108,-6.00485190369375e-07,-0.0304608229594046,-5.69006862634991e-07,FALSE,NA,NA,NA,NA,NA,NA,NA,NA,1,0.0253702913010029,NA,NA,0.200651301162706,NA,NA,0.200651301162706,0.444924546191069,0,27.6472418848938,0.0002402420913,81263.2971590817,1e-04,"2_396_1",2,396,1,396,1,NA,NA,NA,NA,NA,NA,NA,1,TRUE,NA,NA,NA,NA,NA
"508","trend",3282.222303801,492333.34557015,0.0980358063466202,4923.3334557015,0.0919676571794552,492333.34557015,0.0980358063466202,4923.3334557015,0.0919676571794552,TRUE,NA,NA,NA,NA,NA,NA,NA,NA,1,0.0253702913010029,NA,NA,0.200651301162706,NA,NA,0.200651301162706,0.444924546191069,0,27.6472418848938,0.0002402420913,81263.2971590817,1e-04,"2_396_1",2,396,1,396,1,NA,NA,NA,NA,NA,NA,NA,1,TRUE,NA,NA,NA,NA,NA
"509","tv",1301.28928352406,100085.09109826,0.0199294293132433,1000.8509109826,0.0186958519663946,100085.09109826,0.0199294293132433,1000.8509109826,0.0186958519663946,TRUE,0.458538882371808,0.458538882371808,46446.328651486,4644632.8651486,NA,NA,0.276335533105351,0.276335533105351,1,0.0253702913010029,NA,NA,0.200651301162706,NA,NA,0.200651301162706,0.444924546191069,0,27.6472418848938,0.0002402420913,81263.2971590817,1e-04,"2_396_1",2,396,1,396,1,1000.8509109826,59608.7950360276,13162.4663845416,0.0215485473242153,0.0215485473242153,46.4068405611845,46.4068405611845,1,TRUE,0.00901450662908069,0.00117474150862495,0,0.0213357910149647,0.39115407237933
"510","paid_search",3333.29319627214,148006.354469449,0.0294717439624831,1480.06354469449,0.0276475233512043,148006.354469449,0.0294717439624831,1480.06354469449,0.0276475233512043,TRUE,0.297445999778094,0.297445999778094,30128.9055146277,3012890.55146277,NA,NA,0.40864642692028,0.40864642692028,1,0.0253702913010029,NA,NA,0.200651301162706,NA,NA,0.200651301162706,0.444924546191069,0,27.6472418848938,0.0002402420913,81263.2971590817,1e-04,"2_396_1",2,396,1,396,1,1480.06354469449,38700.4543316876,8571.54881705994,0.0491243714105684,0.0491243714105685,20.356494572567,20.356494572567,1,TRUE,0.0451868104709462,0.000917106508762594,0.0355764274015731,0.0548386488444613,0.12819112600908
"511","social",0,0,0,0,0,0,0,0,0,TRUE,0.162751814066573,0.162751814066573,16485.459653195,1648545.9653195,NA,NA,0,0,1,0.0253702913010029,NA,NA,0.200651301162706,NA,NA,0.200651301162706,0.444924546191069,0,27.6472418848938,0.0002402420913,81263.2971590817,1e-04,"2_396_1",2,396,1,396,1,0,47521.2946872922,31035.8350340972,0,0,Inf,Inf,1,TRUE,0,0,0,0,NA
"512","display",2305.29261732434,114095.385686104,0.0227192272000436,1140.95385686104,0.0213129689689934,114095.385686104,0.0227192272000436,1140.95385686104,0.0213129689689934,TRUE,0.0812633037835251,0.0812633037835251,8231.32401621435,823132.401621435,NA,NA,0.315018039974369,0.315018039974369,1,0.0253702913010029,NA,NA,0.200651301162706,NA,NA,0.200651301162706,0.444924546191069,0,27.6472418848938,0.0002402420913,81263.2971590817,1e-04,"2_396_1",2,396,1,396,1,1140.95385686104,10715.7624615106,2484.43844529629,0.138611219120223,0.138611219120223,7.21442323606333,7.21442323606333,1,TRUE,0.166415049189711,0.0197375384653568,0,0.373163785207741,0.0506838983851607
"513","(Intercept)",45601.3190572946,4560131.90572947,0.908035607272185,45601.3190572946,0.852397991924371,4560131.90572947,0.908035607272185,45601.3190572946,0.852397991924371,TRUE,NA,NA,NA,NA,NA,NA,NA,NA,1,0.0219090839979716,NA,NA,0.201007272381127,NA,NA,0.201007272381127,0.612967532963321,0,45.1851078532883,0.0004560790133,81263.2971590817,1e-04,"2_404_1",2,404,1,404,6,NA,NA,NA,NA,NA,NA,NA,1,FALSE,NA,NA,NA,NA,NA
"514","competitors",-3264.57142820157,-327793.740586617,-0.0652718812628241,0,0,-327793.740586617,-0.0652718812628241,0,0,FALSE,NA,NA,NA,NA,NA,NA,NA,NA,1,0.0219090839979716,NA,NA,0.201007272381127,NA,NA,0.201007272381127,0.612967532963321,0,45.1851078532883,0.0004560790133,81263.2971590817,1e-04,"2_404_1",2,404,1,404,6,NA,NA,NA,NA,NA,NA,NA,1,FALSE,NA,NA,NA,NA,NA
"515","season",1993.3443586262,-3.01533978111754,-6.00429098517722e-07,-0.0304579775870466,-5.69332630502558e-07,-3.01533978111754,-6.00429098517722e-07,-0.0304579775870466,-5.69332630502558e-07,FALSE,NA,NA,NA,NA,NA,NA,NA,NA,1,0.0219090839979716,NA,NA,0.201007272381127,NA,NA,0.201007272381127,0.612967532963321,0,45.1851078532883,0.0004560790133,81263.2971590817,1e-04,"2_404_1",2,404,1,404,6,NA,NA,NA,NA,NA,NA,NA,1,FALSE,NA,NA,NA,NA,NA
"516","trend",3286.40415245936,492960.622868904,0.0981607128481593,4929.60622868904,0.0921461601808694,492960.622868904,0.0981607128481593,4929.60622868904,0.0921461601808694,TRUE,NA,NA,NA,NA,NA,NA,NA,NA,1,0.0219090839979716,NA,NA,0.201007272381127,NA,NA,0.201007272381127,0.612967532963321,0,45.1851078532883,0.0004560790133,81263.2971590817,1e-04,"2_404_1",2,404,1,404,6,NA,NA,NA,NA,NA,NA,NA,1,FALSE,NA,NA,NA,NA,NA
"517","tv",759.351097846152,42426.1265187425,0.00844809631696176,424.261265187425,0.00793046030187594,42426.1265187425,0.00844809631696176,424.261265187425,0.00793046030187594,TRUE,0.458538882371808,0.458538882371808,46446.328651486,4644632.8651486,NA,NA,0.143003473689227,0.143003473689227,1,0.0219090839979716,NA,NA,0.201007272381127,NA,NA,0.201007272381127,0.612967532963321,0,45.1851078532883,0.0004560790133,81263.2971590817,1e-04,"2_404_1",2,404,1,404,6,424.261265187425,51845.9240229393,5399.59537145332,0.00913444135425441,0.00913444135425441,109.475769914954,109.475769914954,1,FALSE,0.00901450662908069,0.00117474150862495,0,0.0213357910149647,0.078487087475776
"518","paid_search",3235.01666796547,160464.098495284,0.0319523904428025,1604.64098495284,0.0299945874726741,160464.098495284,0.0319523904428025,1604.64098495284,0.0299945874726741,TRUE,0.297445999778094,0.297445999778094,30128.9055146277,3012890.55146277,NA,NA,0.540867747544633,0.540867747544633,1,0.0219090839979716,NA,NA,0.201007272381127,NA,NA,0.201007272381127,0.612967532963321,0,45.1851078532883,0.0004560790133,81263.2971590817,1e-04,"2_404_1",2,404,1,404,6,1604.64098495284,38093.2043658211,7964.29885119343,0.0532591860721187,0.0532591860721187,18.7761036874633,18.7761036874633,1,FALSE,0.0451868104709462,0.000917106508762594,0.0355764274015731,0.0548386488444613,0.149916112031824
"519","social",0,0,0,0,0,0,0,0,0,TRUE,0.162751814066573,0.162751814066573,16485.459653195,1648545.9653195,NA,NA,0,0,1,0.0219090839979716,NA,NA,0.201007272381127,NA,NA,0.201007272381127,0.612967532963321,0,45.1851078532883,0.0004560790133,81263.2971590817,1e-04,"2_404_1",2,404,1,404,6,0,42815.7207441181,26330.2610909231,0,0,Inf,Inf,1,FALSE,0,0,0,0,NA
"520","display",2161.39780605344,93788.7676301825,0.0186756748118143,937.887676301825,0.0175313694528405,93788.7676301825,0.0186756748118143,937.887676301825,0.0175313694528405,TRUE,0.0812633037835251,0.0812633037835251,8231.32401621435,823132.401621435,NA,NA,0.31612877876614,0.31612877876614,1,0.0219090839979716,NA,NA,0.201007272381127,NA,NA,0.201007272381127,0.612967532963321,0,45.1851078532883,0.0004560790133,81263.2971590817,1e-04,"2_404_1",2,404,1,404,6,937.887676301825,10918.9678125634,2687.6437963491,0.113941289937602,0.113941289937602,8.7764497009612,8.7764497009612,1,FALSE,0.166415049189711,0.0197375384653568,0,0.373163785207741,0.0450023619924823
"521","(Intercept)",46434.5990253272,4643459.90253272,0.924628282603561,46434.5990253272,0.87084762006472,4643459.90253272,0.924628282603561,46434.5990253272,0.87084762006472,TRUE,NA,NA,NA,NA,NA,NA,NA,NA,1,0.0212566219414896,NA,NA,0.201074304878682,NA,NA,0.201074304878682,0.505841098120297,0,184.684486940702,0.002172885189,81263.2971590817,1e-04,"2_405_1",2,405,1,405,4,NA,NA,NA,NA,NA,NA,NA,1,FALSE,NA,NA,NA,NA,NA
"522","competitors",-3088.75927971396,-310140.543816139,-0.0617566910049203,0,0,-310140.543816139,-0.0617566910049203,0,0,FALSE,NA,NA,NA,NA,NA,NA,NA,NA,1,0.0212566219414896,NA,NA,0.201074304878682,NA,NA,0.201074304878682,0.505841098120297,0,184.684486940702,0.002172885189,81263.2971590817,1e-04,"2_405_1",2,405,1,405,4,NA,NA,NA,NA,NA,NA,NA,1,FALSE,NA,NA,NA,NA,NA
"523","season",1828.87937422299,-2.76655295814562,-5.5088945831679e-07,-0.0279449793752084,-5.24088057019385e-07,-2.76655295814562,-5.5088945831679e-07,-0.0279449793752084,-5.24088057019385e-07,FALSE,NA,NA,NA,NA,NA,NA,NA,NA,1,0.0212566219414896,NA,NA,0.201074304878682,NA,NA,0.201074304878682,0.505841098120297,0,184.684486940702,0.002172885189,81263.2971590817,1e-04,"2_405_1",2,405,1,405,4,NA,NA,NA,NA,NA,NA,NA,1,FALSE,NA,NA,NA,NA,NA
"524","trend",2903.53467801843,435530.201702765,0.0867248885260665,4355.30201702765,0.0816805674174738,435530.201702765,0.0867248885260665,4355.30201702765,0.0816805674174738,TRUE,NA,NA,NA,NA,NA,NA,NA,NA,1,0.0212566219414896,NA,NA,0.201074304878682,NA,NA,0.201074304878682,0.505841098120297,0,184.684486940702,0.002172885189,81263.2971590817,1e-04,"2_405_1",2,405,1,405,4,NA,NA,NA,NA,NA,NA,NA,1,FALSE,NA,NA,NA,NA,NA
"525","tv",642.889263175124,55888.5287624663,0.0111287952198516,558.885287624663,0.0104814929563978,55888.5287624663,0.0111287952198516,558.885287624663,0.0104814929563978,TRUE,0.458538882371808,0.458538882371808,46446.328651486,4644632.8651486,NA,NA,0.220791595817581,0.220791595817581,1,0.0212566219414896,NA,NA,0.201074304878682,NA,NA,0.201074304878682,0.505841098120297,0,184.684486940702,0.002172885189,81263.2971590817,1e-04,"2_405_1",2,405,1,405,4,558.885287624663,65935.5334675602,19489.2048160742,0.012032927119349,0.012032927119349,83.1052984931649,83.1052984931649,1,FALSE,0.00901450662908069,0.00117474150862495,0,0.0213357910149647,0.689350380521735
"526","paid_search",2822.52820176197,130172.392914369,0.0259205589429467,1301.72392914369,0.0244128992059944,130172.392914369,0.0259205589429467,1301.72392914369,0.0244128992059944,TRUE,0.297445999778094,0.297445999778094,30128.9055146277,3012890.55146277,NA,NA,0.514255268466801,0.514255268466801,1,0.0212566219414896,NA,NA,0.201074304878682,NA,NA,0.201074304878682,0.505841098120297,0,184.684486940702,0.002172885189,81263.2971590817,1e-04,"2_405_1",2,405,1,405,4,1301.72392914369,33770.7614923018,3641.85597767413,0.0432051515615692,0.0432051515615692,23.1453880812096,23.1453880812096,1,FALSE,0.0451868104709462,0.000917106508762594,0.0355764274015731,0.0548386488444613,0.0219250094918538
"527","social",0,0,0,0,0,0,0,0,0,TRUE,0.162751814066573,0.162751814066573,16485.459653195,1648545.9653195,NA,NA,0,0,1,0.0212566219414896,NA,NA,0.201074304878682,NA,NA,0.201074304878682,0.505841098120297,0,184.684486940702,0.002172885189,81263.2971590817,1e-04,"2_405_1",2,405,1,405,4,0,56963.2363049804,40477.7766517854,0,0,Inf,Inf,1,FALSE,0,0,0,0,NA
"528","display",2036.15083448933,67067.0497729554,0.0133547166019527,670.670497729554,0.0125779444434707,67067.0497729554,0.0133547166019527,670.670497729554,0.0125779444434707,TRUE,0.0812633037835251,0.0812633037835251,8231.32401621435,823132.401621435,NA,NA,0.264953135715618,0.264953135715618,1,0.0212566219414896,NA,NA,0.201074304878682,NA,NA,0.201074304878682,0.505841098120297,0,184.684486940702,0.002172885189,81263.2971590817,1e-04,"2_405_1",2,405,1,405,4,670.670497729554,10400.8871014181,2169.56308520376,0.0814778395806608,0.0814778395806608,12.2732758397457,12.2732758397457,1,FALSE,0.166415049189711,0.0197375384653568,0,0.373163785207741,0.0194255674386075
"529","(Intercept)",45715.8459376333,4571584.59376333,0.910316122123228,45715.8459376333,0.85343374425276,4571584.59376333,0.910316122123228,45715.8459376333,0.85343374425276,TRUE,NA,NA,NA,NA,NA,NA,NA,NA,1,0.02562064989153,NA,NA,0.200625528295876,NA,NA,0.200625528295876,0.827788989533622,0,119.556761731164,0.001371364196,81263.2971590817,1e-04,"2_408_1",2,408,1,408,6,NA,NA,NA,NA,NA,NA,NA,2,FALSE,NA,NA,NA,NA,NA
"530","competitors",-3333.55798217438,-334720.640816638,-0.0666511992709235,0,0,-334720.640816638,-0.0666511992709235,0,0,FALSE,NA,NA,NA,NA,NA,NA,NA,NA,1,0.02562064989153,NA,NA,0.200625528295876,NA,NA,0.200625528295876,0.827788989533622,0,119.556761731164,0.001371364196,81263.2971590817,1e-04,"2_408_1",2,408,1,408,6,NA,NA,NA,NA,NA,NA,NA,2,FALSE,NA,NA,NA,NA,NA
"531","season",1803.18725968339,-2.72768839633593,-5.43150558058251e-07,-0.0275524080437978,-5.14354580511904e-07,-2.72768839633593,-5.43150558058251e-07,-0.0275524080437978,-5.14354580511904e-07,FALSE,NA,NA,NA,NA,NA,NA,NA,NA,1,0.02562064989153,NA,NA,0.200625528295876,NA,NA,0.200625528295876,0.827788989533622,0,119.556761731164,0.001371364196,81263.2971590817,1e-04,"2_408_1",2,408,1,408,6,NA,NA,NA,NA,NA,NA,NA,2,FALSE,NA,NA,NA,NA,NA
"532","trend",2870.97042163861,430645.563245791,0.0857522355986347,4306.45563245791,0.0803938870535359,430645.563245791,0.0857522355986347,4306.45563245791,0.0803938870535359,TRUE,NA,NA,NA,NA,NA,NA,NA,NA,1,0.02562064989153,NA,NA,0.200625528295876,NA,NA,0.200625528295876,0.827788989533622,0,119.556761731164,0.001371364196,81263.2971590817,1e-04,"2_408_1",2,408,1,408,6,NA,NA,NA,NA,NA,NA,NA,2,FALSE,NA,NA,NA,NA,NA
"533","tv",476.003746950151,14096.5960900815,0.00280698266097201,140.965960900815,0.00263158441796951,14096.5960900815,0.00280698266097201,140.965960900815,0.00263158441796951,TRUE,0.458538882371808,0.458538882371808,46446.328651486,4644632.8651486,NA,NA,0.0397683204470523,0.0397683204470523,1,0.02562064989153,NA,NA,0.200625528295876,NA,NA,0.200625528295876,0.827788989533622,0,119.556761731164,0.001371364196,81263.2971590817,1e-04,"2_408_1",2,408,1,408,6,140.965960900815,51821.3374072834,5375.00875579743,0.003035029139947,0.003035029139947,329.486128102699,329.486128102699,2,FALSE,0.0299280646716883,0.0145101661480368,0,0.177834679326039,0.0174830103118078
"534","paid_search",2531.90888454493,143328.091716603,0.0285401855673362,1433.28091716603,0.0267568120990645,143328.091716603,0.0285401855673362,1433.28091716603,0.0267568120990645,TRUE,0.297445999778094,0.297445999778094,30128.9055146277,3012890.55146277,NA,NA,0.404347080956721,0.404347080956721,1,0.02562064989153,NA,NA,0.200625528295876,NA,NA,0.200625528295876,0.827788989533622,0,119.556761731164,0.001371364196,81263.2971590817,1e-04,"2_408_1",2,408,1,408,6,1433.28091716603,38633.905626753,8505.00011212526,0.0475716224231966,0.0475716224231966,21.0209353615063,21.0209353615063,2,FALSE,0.0503426058359058,0.00170735272801891,0.03304911803773,0.0676548057722503,0.124477092236319
"535","social",0,0,0,0,0,0,0,0,0,TRUE,0.162751814066573,0.162751814066573,16485.459653195,1648545.9653195,NA,NA,0,0,1,0.02562064989153,NA,NA,0.200625528295876,NA,NA,0.200625528295876,0.827788989533622,0,119.556761731164,0.001371364196,81263.2971590817,1e-04,"2_408_1",2,408,1,408,6,0,31395.5432797518,14910.0836265568,0,0,Inf,Inf,2,FALSE,0,0,0,0,NA
"536","display",2940.87233400203,197043.289005405,0.0392362164713107,1970.43289005405,0.036784486531251,197043.289005405,0.0392362164713107,1970.43289005405,0.036784486531251,TRUE,0.0812633037835251,0.0812633037835251,8231.32401621435,823132.401621435,NA,NA,0.555884598596227,0.555884598596227,1,0.02562064989153,NA,NA,0.200625528295876,NA,NA,0.200625528295876,0.827788989533622,0,119.556761731164,0.001371364196,81263.2971590817,1e-04,"2_408_1",2,408,1,408,6,1970.43289005405,11072.0125287529,2840.68851253858,0.239382253228354,0.239382253228354,4.1774191132125,4.1774191132125,2,FALSE,0.222847348692917,0.0338030734868356,0,0.565510115981625,0.143786630104853
"537","(Intercept)",46264.7670308505,4626476.70308505,0.921246505465817,46264.7670308505,0.868302664224322,4626476.70308505,0.921246505465817,46264.7670308505,0.868302664224322,TRUE,NA,NA,NA,NA,NA,NA,NA,NA,1,0.0209370791693847,NA,NA,0.20110712584013,NA,NA,0.20110712584013,0.585413818601826,0,307.29893925389,0.003681890106,81263.2971590817,1e-04,"2_412_1",2,412,1,412,6,NA,NA,NA,NA,NA,NA,NA,2,FALSE,NA,NA,NA,NA,NA
"538","competitors",-3049.61064230538,-306209.651637102,-0.0609739526673673,0,0,-306209.651637102,-0.0609739526673673,0,0,FALSE,NA,NA,NA,NA,NA,NA,NA,NA,1,0.0209370791693847,NA,NA,0.20110712584013,NA,NA,0.20110712584013,0.585413818601826,0,307.29893925389,0.003681890106,81263.2971590817,1e-04,"2_412_1",2,412,1,412,6,NA,NA,NA,NA,NA,NA,NA,2,FALSE,NA,NA,NA,NA,NA
"539","season",1630.59828487017,-2.46661238140467,-4.91163834282901e-07,-0.0249152765798457,-4.67612881736545e-07,-2.46661238140467,-4.91163834282901e-07,-0.0249152765798457,-4.67612881736545e-07,FALSE,NA,NA,NA,NA,NA,NA,NA,NA,1,0.0209370791693847,NA,NA,0.20110712584013,NA,NA,0.20110712584013,0.585413818601826,0,307.29893925389,0.003681890106,81263.2971590817,1e-04,"2_412_1",2,412,1,412,6,NA,NA,NA,NA,NA,NA,NA,2,FALSE,NA,NA,NA,NA,NA
"540","trend",2427.61127373575,364141.691060363,0.0725096616524788,3641.41691060363,0.0683425467790691,364141.691060363,0.0725096616524788,3641.41691060363,0.0683425467790691,TRUE,NA,NA,NA,NA,NA,NA,NA,NA,1,0.0209370791693847,NA,NA,0.20110712584013,NA,NA,0.20110712584013,0.585413818601826,0,307.29893925389,0.003681890106,81263.2971590817,1e-04,"2_412_1",2,412,1,412,6,NA,NA,NA,NA,NA,NA,NA,2,FALSE,NA,NA,NA,NA,NA
"541","tv",677.109930663943,55403.9597549294,0.0110323054861948,554.039597549294,0.0103982812302293,55403.9597549294,0.0110323054861948,554.039597549294,0.0103982812302293,TRUE,0.458538882371808,0.458538882371808,46446.328651486,4644632.8651486,NA,NA,0.164126574284471,0.164126574284471,1,0.0209370791693847,NA,NA,0.20110712584013,NA,NA,0.20110712584013,0.585413818601826,0,307.29893925389,0.003681890106,81263.2971590817,1e-04,"2_412_1",2,412,1,412,6,554.039597549294,55894.638376,9448.30972451405,0.0119285983119695,0.0119285983119695,83.8321463969974,83.8321463969974,2,FALSE,0.0299280646716883,0.0145101661480368,0,0.177834679326039,0.167816524266498
"542","paid_search",3284.15071414557,167822.715923323,0.0334176740756197,1678.22715923323,0.0314971674355158,167822.715923323,0.0334176740756197,1678.22715923323,0.0314971674355158,TRUE,0.297445999778094,0.297445999778094,30128.9055146277,3012890.55146277,NA,NA,0.497151603846515,0.497151603846515,1,0.0209370791693847,NA,NA,0.20110712584013,NA,NA,0.20110712584013,0.585413818601826,0,307.29893925389,0.003681890106,81263.2971590817,1e-04,"2_412_1",2,412,1,412,6,1678.22715923323,43234.7510293625,13105.8455147348,0.0557015640152757,0.0557015640152757,17.9528172624696,17.9528172624696,2,FALSE,0.0503426058359058,0.00170735272801891,0.03304911803773,0.0676548057722503,0.276182650979367
"543","social",0,0,0,0,0,0,0,0,0,TRUE,0.162751814066573,0.162751814066573,16485.459653195,1648545.9653195,NA,NA,0,0,1,0.0209370791693847,NA,NA,0.20110712584013,NA,NA,0.20110712584013,0.585413818601826,0,307.29893925389,0.003681890106,81263.2971590817,1e-04,"2_412_1",2,412,1,412,6,0,36963.51445484,20478.054801645,0,0,Inf,Inf,2,FALSE,0,0,0,0,NA
"544","display",2251.47429501354,114341.813741998,0.0227682971510908,1143.41813741998,0.0214598079437456,114341.813741998,0.0227682971510908,1143.41813741998,0.0214598079437456,TRUE,0.0812633037835251,0.0812633037835251,8231.32401621435,823132.401621435,NA,NA,0.338721821869014,0.338721821869014,1,0.0209370791693847,NA,NA,0.20110712584013,NA,NA,0.20110712584013,0.585413818601826,0,307.29893925389,0.003681890106,81263.2971590817,1e-04,"2_412_1",2,412,1,412,6,1143.41813741998,10904.5628694111,2673.23885319679,0.138910597513552,0.138910597513552,7.19887480076849,7.19887480076849,2,FALSE,0.222847348692917,0.0338030734868356,0,0.565510115981625,0.0514852644656607
"545","(Intercept)",45783.8008433924,4578380.08433924,0.911669273202927,45783.8008433924,0.859232566514585,4578380.08433924,0.911669273202927,45783.8008433924,0.859232566514585,TRUE,NA,NA,NA,NA,NA,NA,NA,NA,1,0.0127832456221078,NA,NA,0.201942819851106,NA,NA,0.201942819851106,0.448872259340167,0,226.31991493514,0.002685288616,81263.2971590817,1e-04,"2_415_1",2,415,1,415,4,NA,NA,NA,NA,NA,NA,NA,2,FALSE,NA,NA,NA,NA,NA
"546","competitors",-3052.28275017418,-306477.956452244,-0.0610273788249408,0,0,-306477.956452244,-0.0610273788249408,0,0,FALSE,NA,NA,NA,NA,NA,NA,NA,NA,1,0.0127832456221078,NA,NA,0.201942819851106,NA,NA,0.201942819851106,0.448872259340167,0,226.31991493514,0.002685288616,81263.2971590817,1e-04,"2_415_1",2,415,1,415,4,NA,NA,NA,NA,NA,NA,NA,2,FALSE,NA,NA,NA,NA,NA
"547","season",1777.55970744707,-2.6889214981758,-5.35431105059825e-07,-0.0271608232138966,-5.09731900996014e-07,-2.6889214981758,-5.35431105059825e-07,-0.0271608232138966,-5.09731900996014e-07,FALSE,NA,NA,NA,NA,NA,NA,NA,NA,1,0.0127832456221078,NA,NA,0.201942819851106,NA,NA,0.201942819851106,0.448872259340167,0,226.31991493514,0.002685288616,81263.2971590817,1e-04,"2_415_1",2,415,1,415,4,NA,NA,NA,NA,NA,NA,NA,2,FALSE,NA,NA,NA,NA,NA
"548","trend",2778.55433108219,416783.149662329,0.0829918844954786,4167.83149662329,0.0782184197833104,416783.149662329,0.0829918844954786,4167.83149662329,0.0782184197833104,TRUE,NA,NA,NA,NA,NA,NA,NA,NA,1,0.0127832456221078,NA,NA,0.201942819851106,NA,NA,0.201942819851106,0.448872259340167,0,226.31991493514,0.002685288616,81263.2971590817,1e-04,"2_415_1",2,415,1,415,4,NA,NA,NA,NA,NA,NA,NA,2,FALSE,NA,NA,NA,NA,NA
"549","tv",1013.32922580357,89380.6852841367,0.0177979160511591,893.806852841367,0.0167742289191363,89380.6852841367,0.0177979160511591,893.806852841367,0.0167742289191363,TRUE,0.458538882371808,0.458538882371808,46446.328651486,4644632.8651486,NA,NA,0.268175167422888,0.268175167422888,1,0.0127832456221078,NA,NA,0.201942819851106,NA,NA,0.201942819851106,0.448872259340167,0,226.31991493514,0.002685288616,81263.2971590817,1e-04,"2_415_1",2,415,1,415,4,893.806852841367,57234.3149154772,10787.9862639912,0.0192438644515506,0.0192438644515506,51.9646146187349,51.9646146187349,2,FALSE,0.0299280646716883,0.0145101661480368,0,0.177834679326039,0.248548621805318
"550","paid_search",2762.96585636481,172660.703390538,0.034381037631452,1726.60703390538,0.0324035350009339,172660.703390538,0.034381037631452,1726.60703390538,0.0324035350009339,TRUE,0.297445999778094,0.297445999778094,30128.9055146277,3012890.55146277,NA,NA,0.518046073286585,0.518046073286585,1,0.0127832456221078,NA,NA,0.201942819851106,NA,NA,0.201942819851106,0.448872259340167,0,226.31991493514,0.002685288616,81263.2971590817,1e-04,"2_415_1",2,415,1,415,4,1726.60703390538,44070.296161931,13941.3906473033,0.057307326781821,0.057307326781821,17.4497757295009,17.4497757295009,2,FALSE,0.0503426058359058,0.00170735272801891,0.03304911803773,0.0676548057722503,0.326914410099321
"551","social",0,0,0,0,0,0,0,0,0,TRUE,0.162751814066573,0.162751814066573,16485.459653195,1648545.9653195,NA,NA,0,0,1,0.0127832456221078,NA,NA,0.201942819851106,NA,NA,0.201942819851106,0.448872259340167,0,226.31991493514,0.002685288616,81263.2971590817,1e-04,"2_415_1",2,415,1,415,4,0,27735.3431395909,11249.8834863959,0,0,Inf,Inf,2,FALSE,0,0,0,0,NA
"552","display",2283.52181492905,71250.7880136743,0.0141878028750287,712.507880136743,0.0133717595139355,71250.7880136743,0.0141878028750287,712.507880136743,0.0133717595139355,TRUE,0.0812633037835251,0.0812633037835251,8231.32401621435,823132.401621435,NA,NA,0.213778759290527,0.213778759290527,1,0.0127832456221078,NA,NA,0.201942819851106,NA,NA,0.201942819851106,0.448872259340167,0,226.31991493514,0.002685288616,81263.2971590817,1e-04,"2_415_1",2,415,1,415,4,712.507880136743,11570.1079441185,3338.78392790411,0.0865605434475937,0.0865605434475937,11.5526076913488,11.5526076913488,2,FALSE,0.222847348692917,0.0338030734868356,0,0.565510115981625,0.0637650599805805
"553","(Intercept)",45460.1446852015,4546014.46852015,0.905224474626354,45460.1446852015,0.852416579280877,4546014.46852015,0.905224474626354,45460.1446852015,0.852416579280877,TRUE,NA,NA,NA,NA,NA,NA,NA,NA,1,0.0133669436626611,NA,NA,0.201883111050451,NA,NA,0.201883111050451,0.40106393226188,0,117.436251063382,0.001345267264,81263.2971590817,1e-04,"2_418_1",2,418,1,418,3,NA,NA,NA,NA,NA,NA,NA,1,FALSE,NA,NA,NA,NA,NA
"554","competitors",-3098.46829331422,-311115.420290871,-0.061950813142185,0,0,-311115.420290871,-0.061950813142185,0,0,FALSE,NA,NA,NA,NA,NA,NA,NA,NA,1,0.0133669436626611,NA,NA,0.201883111050451,NA,NA,0.201883111050451,0.40106393226188,0,117.436251063382,0.001345267264,81263.2971590817,1e-04,"2_418_1",2,418,1,418,3,NA,NA,NA,NA,NA,NA,NA,1,FALSE,NA,NA,NA,NA,NA
"555","season",1880.3709287159,-2.84444443333483,-5.66399587066771e-07,-0.0287317619528774,-5.38745101014974e-07,-2.84444443333483,-5.66399587066771e-07,-0.0287317619528774,-5.38745101014974e-07,FALSE,NA,NA,NA,NA,NA,NA,NA,NA,1,0.0133669436626611,NA,NA,0.201883111050451,NA,NA,0.201883111050451,0.40106393226188,0,117.436251063382,0.001345267264,81263.2971590817,1e-04,"2_418_1",2,418,1,418,3,NA,NA,NA,NA,NA,NA,NA,1,FALSE,NA,NA,NA,NA,NA
"556","trend",2982.51397752,447377.096628001,0.0890838997674323,4473.77096628001,0.0838870304960536,447377.096628001,0.0890838997674323,4473.77096628001,0.0838870304960536,TRUE,NA,NA,NA,NA,NA,NA,NA,NA,1,0.0133669436626611,NA,NA,0.201883111050451,NA,NA,0.201883111050451,0.40106393226188,0,117.436251063382,0.001345267264,81263.2971590817,1e-04,"2_418_1",2,418,1,418,3,NA,NA,NA,NA,NA,NA,NA,1,FALSE,NA,NA,NA,NA,NA
"557","tv",1151.73395600268,103286.780284037,0.020566965210056,1032.86780284037,0.0193671543600069,103286.780284037,0.020566965210056,1032.86780284037,0.0193671543600069,TRUE,0.458538882371808,0.458538882371808,46446.328651486,4644632.8651486,NA,NA,0.304051618715945,0.304051618715945,1,0.0133669436626611,NA,NA,0.201883111050451,NA,NA,0.201883111050451,0.40106393226188,0,117.436251063382,0.001345267264,81263.2971590817,1e-04,"2_418_1",2,418,1,418,3,1032.86780284037,60200.7972179118,13754.4685664258,0.0222378782743106,0.0222378782743106,44.968318814624,44.968318814624,1,FALSE,0.00901450662908069,0.00117474150862495,0,0.0213357910149647,0.280669151148815
"558","paid_search",3069.34983042211,166372.291487612,0.0331288585192915,1663.72291487612,0.0311962270641775,166372.291487612,0.0331288585192915,1663.72291487612,0.0311962270641775,TRUE,0.297445999778094,0.297445999778094,30128.9055146277,3012890.55146277,NA,NA,0.489760300371251,0.489760300371251,1,0.0133669436626611,NA,NA,0.201883111050451,NA,NA,0.201883111050451,0.40106393226188,0,117.436251063382,0.001345267264,81263.2971590817,1e-04,"2_418_1",2,418,1,418,3,1663.72291487612,58955.2367341927,28826.331219565,0.0552201577341857,0.0552201577341857,18.1093289304554,18.1093289304554,1,FALSE,0.0451868104709462,0.000917106508762594,0.0355764274015731,0.0548386488444613,0.516170350877459
"559","social",0,0,0,0,0,0,0,0,0,TRUE,0.162751814066573,0.162751814066573,16485.459653195,1648545.9653195,NA,NA,0,0,1,0.0133669436626611,NA,NA,0.201883111050451,NA,NA,0.201883111050451,0.40106393226188,0,117.436251063382,0.001345267264,81263.2971590817,1e-04,"2_418_1",2,418,1,418,3,0,59343.6225176315,42858.1628644365,0,0,Inf,Inf,1,FALSE,0,0,0,0,NA
"560","display",2001.88483842729,70042.3931316869,0.013947181418638,700.423931316869,0.0131335475439863,70042.3931316869,0.013947181418638,700.423931316869,0.0131335475439863,TRUE,0.0812633037835251,0.0812633037835251,8231.32401621435,823132.401621435,NA,NA,0.206188080912804,0.206188080912804,1,0.0133669436626611,NA,NA,0.201883111050451,NA,NA,0.201883111050451,0.40106393226188,0,117.436251063382,0.001345267264,81263.2971590817,1e-04,"2_418_1",2,418,1,418,3,700.423931316869,10781.1375385153,2549.81352230099,0.0850924990848556,0.0850924990848556,11.7519171578541,11.7519171578541,1,FALSE,0.166415049189711,0.0197375384653568,0,0.373163785207741,0.0289057708473656
"561","(Intercept)",46346.7328727062,4634673.28727062,0.92287864910823,46346.7328727062,0.870280751550736,4634673.28727062,0.92287864910823,46346.7328727062,0.870280751550736,TRUE,NA,NA,NA,NA,NA,NA,NA,NA,1,0.0101391935125842,NA,NA,0.20221306967115,NA,NA,0.20221306967115,0.419232283014699,0,236.614532627973,0.00281198354,81263.2971590817,1e-04,"2_420_1",2,420,1,420,5,NA,NA,NA,NA,NA,NA,NA,3,FALSE,NA,NA,NA,NA,NA
"562","competitors",-3022.7977448187,-303517.384012874,-0.0604378552654405,0,0,-303517.384012874,-0.0604378552654405,0,0,FALSE,NA,NA,NA,NA,NA,NA,NA,NA,1,0.0101391935125842,NA,NA,0.20221306967115,NA,NA,0.20221306967115,0.419232283014699,0,236.614532627973,0.00281198354,81263.2971590817,1e-04,"2_420_1",2,420,1,420,5,NA,NA,NA,NA,NA,NA,NA,3,FALSE,NA,NA,NA,NA,NA
"563","season",1716.45717405069,-2.59649145773611,-5.17025986603625e-07,-0.0262271864417783,-4.92483808735822e-07,-2.59649145773611,-5.17025986603625e-07,-0.0262271864417783,-4.92483808735822e-07,FALSE,NA,NA,NA,NA,NA,NA,NA,NA,1,0.0101391935125842,NA,NA,0.20221306967115,NA,NA,0.20221306967115,0.419232283014699,0,236.614532627973,0.00281198354,81263.2971590817,1e-04,"2_420_1",2,420,1,420,5,NA,NA,NA,NA,NA,NA,NA,3,FALSE,NA,NA,NA,NA,NA
"564","trend",2596.20398765782,389430.598148673,0.0775453116248694,3894.30598148673,0.0731257485968916,389430.598148673,0.0775453116248694,3894.30598148673,0.0731257485968916,TRUE,NA,NA,NA,NA,NA,NA,NA,NA,1,0.0101391935125842,NA,NA,0.20221306967115,NA,NA,0.20221306967115,0.419232283014699,0,236.614532627973,0.00281198354,81263.2971590817,1e-04,"2_420_1",2,420,1,420,5,NA,NA,NA,NA,NA,NA,NA,3,FALSE,NA,NA,NA,NA,NA
"565","tv",953.073412802278,86312.7531871861,0.0171870145153451,863.127531871861,0.0162074698810957,86312.7531871861,0.0171870145153451,863.127531871861,0.0162074698810957,TRUE,0.458538882371808,0.458538882371808,46446.328651486,4644632.8651486,NA,NA,0.286381455204992,0.286381455204992,1,0.0101391935125842,NA,NA,0.20221306967115,NA,NA,0.20221306967115,0.419232283014699,0,236.614532627973,0.00281198354,81263.2971590817,1e-04,"2_420_1",2,420,1,420,5,863.127531871861,67114.6413536096,20668.3127021237,0.0185833317063317,0.0185833317063317,53.8116639041255,53.8116639041255,3,FALSE,0.03559881205344,0.0048137479411895,0,0.0949683114842912,0.598093758016104
"566","paid_search",2322.64537862484,136581.264055176,0.0271967244834567,1365.81264055176,0.0256466934694523,136581.264055176,0.0271967244834567,1365.81264055176,0.0256466934694523,TRUE,0.297445999778094,0.297445999778094,30128.9055146277,3012890.55146277,NA,NA,0.453169893318449,0.453169893318449,1,0.0101391935125842,NA,NA,0.20221306967115,NA,NA,0.20221306967115,0.419232283014699,0,236.614532627973,0.00281198354,81263.2971590817,1e-04,"2_420_1",2,420,1,420,5,1365.81264055176,63984.5185419307,33855.613027303,0.0453323018948915,0.0453323018948915,22.0593254302114,22.0593254302114,3,FALSE,0.050863949674026,0.0030520423666056,0.0133192347870684,0.0886217523500738,0.521527344900747
"567","social",0,0,0,0,0,0,0,0,0,TRUE,0.162751814066573,0.162751814066573,16485.459653195,1648545.9653195,NA,NA,0,0,1,0.0101391935125842,NA,NA,0.20221306967115,NA,NA,0.20221306967115,0.419232283014699,0,236.614532627973,0.00281198354,81263.2971590817,1e-04,"2_420_1",2,420,1,420,5,0,32051.7795987513,15566.3199455563,0,0,Inf,Inf,3,FALSE,0,0,0,0,NA
"568","display",2404.49789134627,78496.8431588576,0.0156306725595256,784.968431588576,0.0147398289856331,78496.8431588576,0.0156306725595256,784.968431588576,0.0147398289856331,TRUE,0.0812633037835251,0.0812633037835251,8231.32401621435,823132.401621435,NA,NA,0.260448651476559,0.260448651476559,1,0.0101391935125842,NA,NA,0.20221306967115,NA,NA,0.20221306967115,0.419232283014699,0,236.614532627973,0.00281198354,81263.2971590817,1e-04,"2_420_1",2,420,1,420,5,784.968431588576,11691.9375445416,3460.61352832724,0.0953635684905998,0.0953635684905998,10.4861847750441,10.4861847750441,3,FALSE,0.11716472045816,0.00898151402797058,0.00659233408612599,0.228191688418101,0.0889181219103433
"569","(Intercept)",45898.2458204609,4589824.58204609,0.913948157156286,45898.2458204609,0.861374909350157,4589824.58204609,0.913948157156286,45898.2458204609,0.861374909350157,TRUE,NA,NA,NA,NA,NA,NA,NA,NA,1,0.0103994482652977,NA,NA,0.202186484937354,NA,NA,0.202186484937354,0.431222325405656,0,216.175883956432,0.002560446949,81263.2971590817,1e-04,"2_424_1",2,424,1,424,5,NA,NA,NA,NA,NA,NA,NA,3,FALSE,NA,NA,NA,NA,NA
"570","competitors",-3052.61949682387,-306511.768989774,-0.0610341117415941,0,0,-306511.768989774,-0.0610341117415941,0,0,FALSE,NA,NA,NA,NA,NA,NA,NA,NA,1,0.0103994482652977,NA,NA,0.202186484937354,NA,NA,0.202186484937354,0.431222325405656,0,216.175883956432,0.002560446949,81263.2971590817,1e-04,"2_424_1",2,424,1,424,5,NA,NA,NA,NA,NA,NA,NA,3,FALSE,NA,NA,NA,NA,NA
"571","season",1779.04722535377,-2.69117167231065,-5.35879170659516e-07,-0.0271835522455626,-5.10155223424649e-07,-2.69117167231065,-5.35879170659516e-07,-0.0271835522455626,-5.10155223424649e-07,FALSE,NA,NA,NA,NA,NA,NA,NA,NA,1,0.0103994482652977,NA,NA,0.202186484937354,NA,NA,0.202186484937354,0.431222325405656,0,216.175883956432,0.002560446949,81263.2971590817,1e-04,"2_424_1",2,424,1,424,5,NA,NA,NA,NA,NA,NA,NA,3,FALSE,NA,NA,NA,NA,NA
"572","trend",2765.15892188497,414773.838282746,0.082591780657152,4147.73838282746,0.0778408348652723,414773.838282746,0.082591780657152,4147.73838282746,0.0778408348652723,TRUE,NA,NA,NA,NA,NA,NA,NA,NA,1,0.0103994482652977,NA,NA,0.202186484937354,NA,NA,0.202186484937354,0.431222325405656,0,216.175883956432,0.002560446949,81263.2971590817,1e-04,"2_424_1",2,424,1,424,5,NA,NA,NA,NA,NA,NA,NA,3,FALSE,NA,NA,NA,NA,NA
"573","tv",1310.32101717827,92267.8565932169,0.0183728236211891,922.678565932169,0.0173159595074297,92267.8565932169,0.0183728236211891,922.678565932169,0.0173159595074297,TRUE,0.458538882371808,0.458538882371808,46446.328651486,4644632.8651486,NA,NA,0.284873343504864,0.284873343504864,1,0.0103994482652977,NA,NA,0.202186484937354,NA,NA,0.202186484937354,0.431222325405656,0,216.175883956432,0.002560446949,81263.2971590817,1e-04,"2_424_1",2,424,1,424,5,922.678565932169,58281.861289935,11835.5326384491,0.0198654789887822,0.0198654789887822,50.3385798331209,50.3385798331209,3,FALSE,0.03559881205344,0.0048137479411895,0,0.0949683114842912,0.385071782877415
"574","paid_search",2804.66467966195,168223.481311722,0.0334974764257165,1682.23481311722,0.0315705934671812,168223.481311722,0.0334974764257165,1682.23481311722,0.0315705934671812,TRUE,0.297445999778094,0.297445999778094,30128.9055146277,3012890.55146277,NA,NA,0.519383318814639,0.519383318814639,1,0.0103994482652977,NA,NA,0.202186484937354,NA,NA,0.202186484937354,0.431222325405656,0,216.175883956432,0.002560446949,81263.2971590817,1e-04,"2_424_1",2,424,1,424,5,1682.23481311722,58698.5468273922,28569.6413127645,0.055834580924305,0.055834580924305,17.9100475627408,17.9100475627408,3,FALSE,0.050863949674026,0.0030520423666056,0.0133192347870684,0.0886217523500738,0.541500182078424
"575","social",0,0,0,0,0,0,0,0,0,TRUE,0.162751814066573,0.162751814066573,16485.459653195,1648545.9653195,NA,NA,0,0,1,0.0103994482652977,NA,NA,0.202186484937354,NA,NA,0.202186484937354,0.431222325405656,0,216.175883956432,0.002560446949,81263.2971590817,1e-04,"2_424_1",2,424,1,424,5,0,27102.9029180486,10617.4432648536,0,0,Inf,Inf,3,FALSE,0,0,0,0,NA
"576","display",2077.73065778598,63399.4672438469,0.0126244097604213,633.994672438469,0.0118982129651831,63399.4672438469,0.0126244097604213,633.994672438469,0.0118982129651831,TRUE,0.0812633037835251,0.0812633037835251,8231.32401621435,823132.401621435,NA,NA,0.195743337680497,0.195743337680497,1,0.0103994482652977,NA,NA,0.202186484937354,NA,NA,0.202186484937354,0.431222325405656,0,216.175883956432,0.002560446949,81263.2971590817,1e-04,"2_424_1",2,424,1,424,5,633.994672438469,11600.8433895327,3369.51937331832,0.0770221985174687,0.0770221985174687,12.9832700084924,12.9832700084924,3,FALSE,0.11716472045816,0.00898151402797058,0.00659233408612599,0.228191688418101,0.0514058602200899
"577","(Intercept)",43297.6260726636,4329762.60726636,0.862163353979689,43297.6260726636,0.813169142874411,4329762.60726636,0.862163353979689,43297.6260726636,0.813169142874411,TRUE,NA,NA,NA,NA,NA,NA,NA,NA,1,0.0112751664220406,NA,NA,0.202097005619866,NA,NA,0.202097005619866,0.350348733818341,0,230.208724032,0.002733147836,81263.2971590817,1e-04,"2_425_1",2,425,1,425,3,NA,NA,NA,NA,NA,NA,NA,3,FALSE,NA,NA,NA,NA,NA
"578","competitors",-3013.44980768582,-302578.76301868,-0.060250952495503,0,0,-302578.76301868,-0.060250952495503,0,0,FALSE,NA,NA,NA,NA,NA,NA,NA,NA,1,0.0112751664220406,NA,NA,0.202097005619866,NA,NA,0.202097005619866,0.350348733818341,0,230.208724032,0.002733147836,81263.2971590817,1e-04,"2_425_1",2,425,1,425,3,NA,NA,NA,NA,NA,NA,NA,3,FALSE,NA,NA,NA,NA,NA
"579","season",1735.08760093443,-2.62467377710267,-5.22637786878131e-07,-0.0265118563343707,-4.97916986378176e-07,-2.62467377710267,-5.22637786878131e-07,-0.0265118563343707,-4.97916986378176e-07,FALSE,NA,NA,NA,NA,NA,NA,NA,NA,1,0.0112751664220406,NA,NA,0.202097005619866,NA,NA,0.202097005619866,0.350348733818341,0,230.208724032,0.002733147836,81263.2971590817,1e-04,"2_425_1",2,425,1,425,3,NA,NA,NA,NA,NA,NA,NA,3,FALSE,NA,NA,NA,NA,NA
"580","trend",2670.69661177351,400604.491766026,0.0797703115779802,4006.04491766026,0.0752371990682164,400604.491766026,0.0797703115779802,4006.04491766026,0.0752371990682164,TRUE,NA,NA,NA,NA,NA,NA,NA,NA,1,0.0112751664220406,NA,NA,0.202097005619866,NA,NA,0.202097005619866,0.350348733818341,0,230.208724032,0.002733147836,81263.2971590817,1e-04,"2_425_1",2,425,1,425,3,NA,NA,NA,NA,NA,NA,NA,3,FALSE,NA,NA,NA,NA,NA
"581","tv",3763.24033008506,364533.693547522,0.0725877190911316,3645.33693547522,0.068462772216058,364533.693547522,0.0725877190911316,3645.33693547522,0.068462772216058,TRUE,0.458538882371808,0.458538882371808,46446.328651486,4644632.8651486,NA,NA,0.613497827178234,0.613497827178234,1,0.0112751664220406,NA,NA,0.202097005619866,NA,NA,0.202097005619866,0.350348733818341,0,230.208724032,0.002733147836,81263.2971590817,1e-04,"2_425_1",2,425,1,425,3,3645.33693547522,54922.7229346214,8476.39428313547,0.0784849317763805,0.0784849317763805,12.7412992196923,12.7412992196923,3,FALSE,0.03559881205344,0.0048137479411895,0,0.0949683114842912,0.507561237317167
"582","paid_search",1874.87951681076,108716.948885945,0.0216482467488265,1087.16948885945,0.0204180404701958,108716.948885945,0.0216482467488265,1087.16948885945,0.0204180404701958,TRUE,0.297445999778094,0.297445999778094,30128.9055146277,3012890.55146277,NA,NA,0.182966933097171,0.182966933097171,1,0.0112751664220406,NA,NA,0.202097005619866,NA,NA,0.202097005619866,0.350348733818341,0,230.208724032,0.002733147836,81263.2971590817,1e-04,"2_425_1",2,425,1,425,3,1087.16948885945,75740.9522019016,45612.0466872739,0.0360839356853379,0.0360839356853379,27.7131632402929,27.7131632402929,3,FALSE,0.050863949674026,0.0030520423666056,0.0133192347870684,0.0886217523500738,0.640172505346247
"583","social",0,0,0,0,0,0,0,0,0,TRUE,0.162751814066573,0.162751814066573,16485.459653195,1648545.9653195,NA,NA,0,0,1,0.0112751664220406,NA,NA,0.202097005619866,NA,NA,0.202097005619866,0.350348733818341,0,230.208724032,0.002733147836,81263.2971590817,1e-04,"2_425_1",2,425,1,425,3,0,24539.3210492282,8053.86139603323,0,0,Inf,Inf,3,FALSE,0,0,0,0,NA
"584","display",3844.54928207665,120938.411542787,0.024081843735663,1209.38411542787,0.0227133432881049,120938.411542787,0.024081843735663,1209.38411542787,0.0227133432881049,TRUE,0.0812633037835251,0.0812633037835251,8231.32401621435,823132.401621435,NA,NA,0.203535239724595,0.203535239724595,1,0.0112751664220406,NA,NA,0.202097005619866,NA,NA,0.202097005619866,0.350348733818341,0,230.208724032,0.002733147836,81263.2971590817,1e-04,"2_425_1",2,425,1,425,3,1209.38411542787,10915.2101481744,2683.88613196005,0.146924615413703,0.146924615413703,6.80621145193574,6.80621145193574,3,FALSE,0.11716472045816,0.00898151402797058,0.00659233408612599,0.228191688418101,0.174203016926664
"585","(Intercept)",44988.1425411102,4498814.25411102,0.89582573874757,44988.1425411102,0.840376567540815,4498814.25411102,0.89582573874757,44988.1425411102,0.840376567540815,TRUE,NA,NA,NA,NA,NA,NA,NA,NA,1,0.0253702913010029,NA,NA,0.200651301162706,NA,NA,0.200651301162706,0.444924546191069,0,27.6472418848938,0.0002402420913,81263.2971590817,1e-04,"2_426_1",2,426,1,426,1,NA,NA,NA,NA,NA,NA,NA,1,FALSE,NA,NA,NA,NA,NA
"586","competitors",-3300.05524263525,-331356.649997334,-0.0659813450847701,0,0,-331356.649997334,-0.0659813450847701,0,0,FALSE,NA,NA,NA,NA,NA,NA,NA,NA,1,0.0253702913010029,NA,NA,0.200651301162706,NA,NA,0.200651301162706,0.444924546191069,0,27.6472418848938,0.0002402420913,81263.2971590817,1e-04,"2_426_1",2,426,1,426,1,NA,NA,NA,NA,NA,NA,NA,1,FALSE,NA,NA,NA,NA,NA
"587","season",1993.53057607673,-3.01562147298108,-6.00485190369375e-07,-0.0304608229594046,-5.69006862634991e-07,-3.01562147298108,-6.00485190369375e-07,-0.0304608229594046,-5.69006862634991e-07,FALSE,NA,NA,NA,NA,NA,NA,NA,NA,1,0.0253702913010029,NA,NA,0.200651301162706,NA,NA,0.200651301162706,0.444924546191069,0,27.6472418848938,0.0002402420913,81263.2971590817,1e-04,"2_426_1",2,426,1,426,1,NA,NA,NA,NA,NA,NA,NA,1,FALSE,NA,NA,NA,NA,NA
"588","trend",3282.222303801,492333.34557015,0.0980358063466202,4923.3334557015,0.0919676571794552,492333.34557015,0.0980358063466202,4923.3334557015,0.0919676571794552,TRUE,NA,NA,NA,NA,NA,NA,NA,NA,1,0.0253702913010029,NA,NA,0.200651301162706,NA,NA,0.200651301162706,0.444924546191069,0,27.6472418848938,0.0002402420913,81263.2971590817,1e-04,"2_426_1",2,426,1,426,1,NA,NA,NA,NA,NA,NA,NA,1,FALSE,NA,NA,NA,NA,NA
"589","tv",1301.28928352406,100085.09109826,0.0199294293132433,1000.8509109826,0.0186958519663946,100085.09109826,0.0199294293132433,1000.8509109826,0.0186958519663946,TRUE,0.458538882371808,0.458538882371808,46446.328651486,4644632.8651486,NA,NA,0.276335533105351,0.276335533105351,1,0.0253702913010029,NA,NA,0.200651301162706,NA,NA,0.200651301162706,0.444924546191069,0,27.6472418848938,0.0002402420913,81263.2971590817,1e-04,"2_426_1",2,426,1,426,1,1000.8509109826,59608.7950360276,13162.4663845416,0.0215485473242153,0.0215485473242153,46.4068405611845,46.4068405611845,1,FALSE,0.00901450662908069,0.00117474150862495,0,0.0213357910149647,0.39115407237933
"590","paid_search",3333.29319627214,148006.354469449,0.0294717439624831,1480.06354469449,0.0276475233512043,148006.354469449,0.0294717439624831,1480.06354469449,0.0276475233512043,TRUE,0.297445999778094,0.297445999778094,30128.9055146277,3012890.55146277,NA,NA,0.40864642692028,0.40864642692028,1,0.0253702913010029,NA,NA,0.200651301162706,NA,NA,0.200651301162706,0.444924546191069,0,27.6472418848938,0.0002402420913,81263.2971590817,1e-04,"2_426_1",2,426,1,426,1,1480.06354469449,38700.4543316876,8571.54881705994,0.0491243714105684,0.0491243714105685,20.356494572567,20.356494572567,1,FALSE,0.0451868104709462,0.000917106508762594,0.0355764274015731,0.0548386488444613,0.12819112600908
"591","social",0,0,0,0,0,0,0,0,0,TRUE,0.162751814066573,0.162751814066573,16485.459653195,1648545.9653195,NA,NA,0,0,1,0.0253702913010029,NA,NA,0.200651301162706,NA,NA,0.200651301162706,0.444924546191069,0,27.6472418848938,0.0002402420913,81263.2971590817,1e-04,"2_426_1",2,426,1,426,1,0,61780.8468790239,45295.387225829,0,0,Inf,Inf,1,FALSE,0,0,0,0,NA
"592","display",2305.29261732434,114095.385686104,0.0227192272000436,1140.95385686104,0.0213129689689934,114095.385686104,0.0227192272000436,1140.95385686104,0.0213129689689934,TRUE,0.0812633037835251,0.0812633037835251,8231.32401621435,823132.401621435,NA,NA,0.315018039974369,0.315018039974369,1,0.0253702913010029,NA,NA,0.200651301162706,NA,NA,0.200651301162706,0.444924546191069,0,27.6472418848938,0.0002402420913,81263.2971590817,1e-04,"2_426_1",2,426,1,426,1,1140.95385686104,10715.7624615106,2484.43844529629,0.138611219120223,0.138611219120223,7.21442323606333,7.21442323606333,1,FALSE,0.166415049189711,0.0197375384653568,0,0.373163785207741,0.0506838983851607
"593","(Intercept)",46460.4448455074,4646044.48455074,0.925142937124701,46460.4448455074,0.871021862390941,4646044.48455074,0.925142937124701,46460.4448455074,0.871021862390941,TRUE,NA,NA,NA,NA,NA,NA,NA,NA,1,0.0273462977397236,NA,NA,0.200447793395685,NA,NA,0.200447793395685,0.638597735996682,0,243.410939299158,0.002895626299,81263.2971590817,1e-04,"2_427_1",2,427,1,427,1,NA,NA,NA,NA,NA,NA,NA,1,FALSE,NA,NA,NA,NA,NA
"594","competitors",-3107.68819751922,-312041.185572371,-0.0621351560201886,0,0,-312041.185572371,-0.0621351560201886,0,0,FALSE,NA,NA,NA,NA,NA,NA,NA,NA,1,0.0273462977397236,NA,NA,0.200447793395685,NA,NA,0.200447793395685,0.638597735996682,0,243.410939299158,0.002895626299,81263.2971590817,1e-04,"2_427_1",2,427,1,427,1,NA,NA,NA,NA,NA,NA,NA,1,FALSE,NA,NA,NA,NA,NA
"595","season",1729.28571277153,-2.61589723826298,-5.20890159848958e-07,-0.0264232044268993,-4.95371682444833e-07,-2.61589723826298,-5.20890159848958e-07,-0.0264232044268993,-4.95371682444833e-07,FALSE,NA,NA,NA,NA,NA,NA,NA,NA,1,0.0273462977397236,NA,NA,0.200447793395685,NA,NA,0.200447793395685,0.638597735996682,0,243.410939299158,0.002895626299,81263.2971590817,1e-04,"2_427_1",2,427,1,427,1,NA,NA,NA,NA,NA,NA,NA,1,FALSE,NA,NA,NA,NA,NA
"596","trend",2694.28640445923,404142.960668884,0.0804749086873278,4041.42960668884,0.075767108008661,404142.960668884,0.0804749086873278,4041.42960668884,0.075767108008661,TRUE,NA,NA,NA,NA,NA,NA,NA,NA,1,0.0273462977397236,NA,NA,0.200447793395685,NA,NA,0.200447793395685,0.638597735996682,0,243.410939299158,0.002895626299,81263.2971590817,1e-04,"2_427_1",2,427,1,427,1,NA,NA,NA,NA,NA,NA,NA,1,FALSE,NA,NA,NA,NA,NA
"597","tv",650.605515664858,39826.5954419794,0.00793046506665829,398.265954419794,0.00746653103514523,39826.5954419794,0.00793046506665829,398.265954419794,0.00746653103514523,TRUE,0.458538882371808,0.458538882371808,46446.328651486,4644632.8651486,NA,NA,0.140317929979696,0.140317929979696,1,0.0273462977397236,NA,NA,0.200447793395685,NA,NA,0.200447793395685,0.638597735996682,0,243.410939299158,0.002895626299,81263.2971590817,1e-04,"2_427_1",2,427,1,427,1,398.265954419794,55938.5639429242,9492.23529143826,0.00857475641203457,0.00857475641203457,116.621388637526,116.621388637526,1,FALSE,0.00901450662908069,0.00117474150862495,0,0.0213357910149647,0.320274248901538
"598","paid_search",2585.95560659817,126074.093216075,0.0251044856072944,1260.74093216075,0.023635867421733,126074.093216075,0.0251044856072944,1260.74093216075,0.023635867421733,TRUE,0.297445999778094,0.297445999778094,30128.9055146277,3012890.55146277,NA,NA,0.444186995846004,0.444186995846004,1,0.0273462977397236,NA,NA,0.200447793395685,NA,NA,0.200447793395685,0.638597735996682,0,243.410939299158,0.002895626299,81263.2971590817,1e-04,"2_427_1",2,427,1,427,1,1260.74093216075,31354.8135827753,1225.90806814762,0.0418448964748706,0.0418448964748706,23.8977768913955,23.8977768913955,1,FALSE,0.0451868104709462,0.000917106508762594,0.0355764274015731,0.0548386488444613,0.00322865556038988
"599","social",0,0,0,0,0,0,0,0,0,TRUE,0.162751814066573,0.162751814066573,16485.459653195,1648545.9653195,NA,NA,0,0,1,0.0273462977397236,NA,NA,0.200447793395685,NA,NA,0.200447793395685,0.638597735996682,0,243.410939299158,0.002895626299,81263.2971590817,1e-04,"2_427_1",2,427,1,427,1,0,45845.4860009503,29360.0263477553,0,0,Inf,Inf,1,FALSE,0,0,0,0,NA
"600","display",2391.67970063785,117930.432908107,0.0234828804243667,1179.30432908107,0.0221091265152021,117930.432908107,0.0234828804243667,1179.30432908107,0.0221091265152021,TRUE,0.0812633037835251,0.0812633037835251,8231.32401621435,823132.401621435,NA,NA,0.415495074174299,0.415495074174299,1,0.0273462977397236,NA,NA,0.200447793395685,NA,NA,0.200447793395685,0.638597735996682,0,243.410939299158,0.002895626299,81263.2971590817,1e-04,"2_427_1",2,427,1,427,1,1179.30432908107,10173.5522124555,1942.22819624111,0.143270308246649,0.143270308246649,6.97981327909506,6.97981327909506,1,FALSE,0.166415049189711,0.0197375384653568,0,0.373163785207741,0.0383646999822851
"601","(Intercept)",45626.8517152321,4562685.17152321,0.908544025954688,45626.8517152321,0.851992279007769,4562685.17152321,0.908544025954688,45626.8517152321,0.851992279007769,TRUE,NA,NA,NA,NA,NA,NA,NA,NA,1,0.0246016662110673,NA,NA,0.200730405682176,NA,NA,0.200730405682176,0.61893196004492,0,23.9933320369249,0.000195273755,81263.2971590817,1e-04,"2_429_1",2,429,1,429,4,NA,NA,NA,NA,NA,NA,NA,2,FALSE,NA,NA,NA,NA,NA
"602","competitors",-3319.78876096046,-333338.08122928,-0.0663758972927243,0,0,-333338.08122928,-0.0663758972927243,0,0,FALSE,NA,NA,NA,NA,NA,NA,NA,NA,1,0.0246016662110673,NA,NA,0.200730405682176,NA,NA,0.200730405682176,0.61893196004492,0,23.9933320369249,0.000195273755,81263.2971590817,1e-04,"2_429_1",2,429,1,429,4,NA,NA,NA,NA,NA,NA,NA,2,FALSE,NA,NA,NA,NA,NA
"603","season",1951.45518494958,-2.95197386481738,-5.87811369584118e-07,-0.029817917826438,-5.56791336881396e-07,-2.95197386481738,-5.87811369584118e-07,-0.029817917826438,-5.56791336881396e-07,FALSE,NA,NA,NA,NA,NA,NA,NA,NA,1,0.0246016662110673,NA,NA,0.200730405682176,NA,NA,0.200730405682176,0.61893196004492,0,23.9933320369249,0.000195273755,81263.2971590817,1e-04,"2_429_1",2,429,1,429,4,NA,NA,NA,NA,NA,NA,NA,2,FALSE,NA,NA,NA,NA,NA
"604","trend",3165.13243900609,474769.865850914,0.0945384809835903,4747.69865850914,0.0886539931650586,474769.865850914,0.0945384809835903,4747.69865850914,0.0886539931650586,TRUE,NA,NA,NA,NA,NA,NA,NA,NA,1,0.0246016662110673,NA,NA,0.200730405682176,NA,NA,0.200730405682176,0.61893196004492,0,23.9933320369249,0.000195273755,81263.2971590817,1e-04,"2_429_1",2,429,1,429,4,NA,NA,NA,NA,NA,NA,NA,2,FALSE,NA,NA,NA,NA,NA
"605","tv",460.38495755239,45358.3282530724,0.00903197056391753,453.583282530724,0.00846978128175702,45358.3282530724,0.00903197056391753,453.583282530724,0.00846978128175702,TRUE,0.458538882371808,0.458538882371808,46446.328651486,4644632.8651486,NA,NA,0.142698734155339,0.142698734155339,1,0.0246016662110673,NA,NA,0.200730405682176,NA,NA,0.200730405682176,0.61893196004492,0,23.9933320369249,0.000195273755,81263.2971590817,1e-04,"2_429_1",2,429,1,429,4,453.583282530724,61775.0599205047,15328.7312690187,0.0097657510442693,0.0097657510442693,102.398678347101,102.398678347101,2,FALSE,0.0299280646716883,0.0145101661480368,0,0.177834679326039,0.640017256235305
"606","paid_search",3541.45123431914,155698.786476771,0.0310034983751991,1556.98786476771,0.0290737052727227,155698.786476771,0.0310034983751991,1556.98786476771,0.0290737052727227,TRUE,0.297445999778094,0.297445999778094,30128.9055146277,3012890.55146277,NA,NA,0.489833302845607,0.489833302845607,1,0.0246016662110673,NA,NA,0.200730405682176,NA,NA,0.200730405682176,0.61893196004492,0,23.9933320369249,0.000195273755,81263.2971590817,1e-04,"2_429_1",2,429,1,429,4,1556.98786476771,36889.4177894919,6760.51227486424,0.0516775448086485,0.0516775448086485,19.350764509088,19.350764509088,2,FALSE,0.0503426058359058,0.00170735272801891,0.03304911803773,0.0676548057722503,0.109657251461483
"607","social",0,0,0,0,0,0,0,0,0,TRUE,0.162751814066573,0.162751814066573,16485.459653195,1648545.9653195,NA,NA,0,0,1,0.0246016662110673,NA,NA,0.200730405682176,NA,NA,0.200730405682176,0.61893196004492,0,23.9933320369249,0.000195273755,81263.2971590817,1e-04,"2_429_1",2,429,1,429,4,0,39080.5491362726,22595.0894830776,0,0,Inf,Inf,2,FALSE,0,0,0,0,NA
"608","display",2226.97622689658,116803.646415355,0.0232585092266988,1168.03646415355,0.0218107980640298,116803.646415355,0.0232585092266988,1168.03646415355,0.0218107980640298,TRUE,0.0812633037835251,0.0812633037835251,8231.32401621435,823132.401621435,NA,NA,0.367467962999054,0.367467962999054,1,0.0246016662110673,NA,NA,0.200730405682176,NA,NA,0.200730405682176,0.61893196004492,0,23.9933320369249,0.000195273755,81263.2971590817,1e-04,"2_429_1",2,429,1,429,4,1168.03646415355,11518.3730936768,3287.04907746246,0.141901407580689,0.141901407580689,7.04714644519202,7.04714644519202,2,FALSE,0.222847348692917,0.0338030734868356,0,0.565510115981625,0.0775626875496814
"609","(Intercept)",44976.7873543688,4497678.73543688,0.895599628755545,44976.7873543688,0.839038441338254,4497678.73543688,0.895599628755545,44976.7873543688,0.839038441338254,TRUE,NA,NA,NA,NA,NA,NA,NA,NA,1,0.0386862535349599,NA,NA,0.199275879219229,NA,NA,0.199275879219229,0.978553321664732,0,233.26912041122,0.002770811856,81263.2971590817,1e-04,"2_430_1",2,430,1,430,1,NA,NA,NA,NA,NA,NA,NA,1,FALSE,NA,NA,NA,NA,NA
"610","competitors",-3371.60536870272,-338540.957027804,-0.0674119191848409,0,0,-338540.957027804,-0.0674119191848409,0,0,FALSE,NA,NA,NA,NA,NA,NA,NA,NA,1,0.0386862535349599,NA,NA,0.199275879219229,NA,NA,0.199275879219229,0.978553321664732,0,233.26912041122,0.002770811856,81263.2971590817,1e-04,"2_430_1",2,430,1,430,1,NA,NA,NA,NA,NA,NA,NA,1,FALSE,NA,NA,NA,NA,NA
"611","season",1638.62776443198,-2.47875860643571,-4.93582449588365e-07,-0.0250379657215727,-4.67081287238013e-07,-2.47875860643571,-4.93582449588365e-07,-0.0250379657215727,-4.67081287238013e-07,FALSE,NA,NA,NA,NA,NA,NA,NA,NA,1,0.0386862535349599,NA,NA,0.199275879219229,NA,NA,0.199275879219229,0.978553321664732,0,233.26912041122,0.002770811856,81263.2971590817,1e-04,"2_430_1",2,430,1,430,1,NA,NA,NA,NA,NA,NA,NA,1,FALSE,NA,NA,NA,NA,NA
"612","trend",2573.40571818806,386010.857728209,0.0768643563074349,3860.10857728209,0.0720100228271327,386010.857728209,0.0768643563074349,3860.10857728209,0.0720100228271327,TRUE,NA,NA,NA,NA,NA,NA,NA,NA,1,0.0386862535349599,NA,NA,0.199275879219229,NA,NA,0.199275879219229,0.978553321664732,0,233.26912041122,0.002770811856,81263.2971590817,1e-04,"2_430_1",2,430,1,430,1,NA,NA,NA,NA,NA,NA,NA,1,FALSE,NA,NA,NA,NA,NA
"613","tv",351.814919411466,19513.4375073332,0.00388561042602224,195.134375073332,0.00364021646595305,19513.4375073332,0.00388561042602224,195.134375073332,0.00364021646595305,TRUE,0.458538882371808,0.458538882371808,46446.328651486,4644632.8651486,NA,NA,0.0409233783009324,0.0409233783009324,1,0.0386862535349599,NA,NA,0.199275879219229,NA,NA,0.199275879219229,0.978553321664732,0,233.26912041122,0.002770811856,81263.2971590817,1e-04,"2_430_1",2,430,1,430,1,195.134375073332,54004.2372574814,7557.90860599543,0.00420128739426401,0.00420128739426402,238.02227892462,238.02227892462,1,FALSE,0.00901450662908069,0.00117474150862495,0,0.0213357910149647,0.0863631379840982
"614","paid_search",2859.23763520258,113807.08710478,0.0226618197866662,1138.0708710478,0.021230622860031,113807.08710478,0.0226618197866662,1138.0708710478,0.021230622860031,TRUE,0.297445999778094,0.297445999778094,30128.9055146277,3012890.55146277,NA,NA,0.238675040067433,0.238675040067433,1,0.0386862535349599,NA,NA,0.199275879219229,NA,NA,0.199275879219229,0.978553321664732,0,233.26912041122,0.002770811856,81263.2971590817,1e-04,"2_430_1",2,430,1,430,1,1138.0708710478,38476.4583528865,8347.5528382588,0.0377733890962374,0.0377733890962374,26.4736637068028,26.4736637068028,1,FALSE,0.0451868104709462,0.000917106508762594,0.0355764274015731,0.0548386488444613,0.0531626229838312
"615","social",0,0,0,0,0,0,0,0,0,TRUE,0.162751814066573,0.162751814066573,16485.459653195,1648545.9653195,NA,NA,0,0,1,0.0386862535349599,NA,NA,0.199275879219229,NA,NA,0.199275879219229,0.978553321664732,0,233.26912041122,0.002770811856,81263.2971590817,1e-04,"2_430_1",2,430,1,430,1,0,77937.4471298287,61451.9874766337,0,0,Inf,Inf,1,FALSE,0,0,0,0,NA
"616","display",4156.2004181088,343508.083325383,0.0684009974916225,3435.08083325383,0.0640811635899167,343508.083325383,0.0684009974916225,3435.08083325383,0.0640811635899167,TRUE,0.0812633037835251,0.0812633037835251,8231.32401621435,823132.401621435,NA,NA,0.720401581631635,0.720401581631635,1,0.0386862535349599,NA,NA,0.199275879219229,NA,NA,0.199275879219229,0.978553321664732,0,233.26912041122,0.002770811856,81263.2971590817,1e-04,"2_430_1",2,430,1,430,1,3435.08083325383,9478.2566534922,1246.93263727785,0.417318140615931,0.417318140615931,2.3962533680517,2.3962533680517,1,FALSE,0.166415049189711,0.0197375384653568,0,0.373163785207741,0.0676303944210415
"617","(Intercept)",45470.1941118457,4547019.41118457,0.905424583689299,45470.1941118457,0.849603122056742,4547019.41118457,0.905424583689299,45470.1941118457,0.849603122056742,TRUE,NA,NA,NA,NA,NA,NA,NA,NA,1,0.02589015368675,NA,NA,0.20059778084794,NA,NA,0.20059778084794,0.799341553034479,0,260.984419896458,0.003111901527,81263.2971590817,1e-04,"2_431_1",2,431,1,431,5,NA,NA,NA,NA,NA,NA,NA,2,FALSE,NA,NA,NA,NA,NA
"618","competitors",-3286.13333944185,-329958.75970018,-0.0657029903811963,0,0,-329958.75970018,-0.0657029903811963,0,0,FALSE,NA,NA,NA,NA,NA,NA,NA,NA,1,0.02589015368675,NA,NA,0.20059778084794,NA,NA,0.20059778084794,0.799341553034479,0,260.984419896458,0.003111901527,81263.2971590817,1e-04,"2_431_1",2,431,1,431,5,NA,NA,NA,NA,NA,NA,NA,2,FALSE,NA,NA,NA,NA,NA
"619","season",1595.27021348492,-2.41317147011639,-4.80522420539175e-07,-0.0243754693951153,-4.55451649244079e-07,-2.41317147011639,-4.80522420539175e-07,-0.0243754693951153,-4.55451649244079e-07,FALSE,NA,NA,NA,NA,NA,NA,NA,NA,1,0.02589015368675,NA,NA,0.20059778084794,NA,NA,0.20059778084794,0.799341553034479,0,260.984419896458,0.003111901527,81263.2971590817,1e-04,"2_431_1",2,431,1,431,5,NA,NA,NA,NA,NA,NA,NA,2,FALSE,NA,NA,NA,NA,NA
"620","trend",2403.98015635086,360597.023452629,0.0718038302269179,3605.97023452629,0.0673769626265811,360597.023452629,0.0718038302269179,3605.97023452629,0.0673769626265811,TRUE,NA,NA,NA,NA,NA,NA,NA,NA,1,0.02589015368675,NA,NA,0.20059778084794,NA,NA,0.20059778084794,0.799341553034479,0,260.984419896458,0.003111901527,81263.2971590817,1e-04,"2_431_1",2,431,1,431,5,NA,NA,NA,NA,NA,NA,NA,2,FALSE,NA,NA,NA,NA,NA
"621","tv",795.800347893992,44117.3738744202,0.00878486570245492,441.173738744202,0.00824325897717846,44117.3738744202,0.00878486570245492,441.173738744202,0.00824325897717846,TRUE,0.458538882371808,0.458538882371808,46446.328651486,4644632.8651486,NA,NA,0.0992920038888025,0.0992920038888025,1,0.02589015368675,NA,NA,0.20059778084794,NA,NA,0.20059778084794,0.799341553034479,0,260.984419896458,0.003111901527,81263.2971590817,1e-04,"2_431_1",2,431,1,431,5,441.173738744202,57983.5101965194,11537.1815450334,0.00949857074936077,0.00949857074936077,105.278996849847,105.278996849847,2,FALSE,0.0299280646716883,0.0145101661480368,0,0.177834679326039,0.215467786054164
"622","paid_search",2968.39062381851,140598.140029843,0.027996584331899,1405.98140029843,0.0262705319513044,140598.140029843,0.027996584331899,1405.98140029843,0.0262705319513044,TRUE,0.297445999778094,0.297445999778094,30128.9055146277,3012890.55146277,NA,NA,0.316434770263964,0.316434770263964,1,0.02589015368675,NA,NA,0.20059778084794,NA,NA,0.20059778084794,0.799341553034479,0,260.984419896458,0.003111901527,81263.2971590817,1e-04,"2_431_1",2,431,1,431,5,1405.98140029843,52648.4447898966,22519.5392752689,0.0466655318632739,0.0466655318632739,21.4290925244336,21.4290925244336,2,FALSE,0.0503426058359058,0.00170735272801891,0.03304911803773,0.0676548057722503,0.338033443734184
"623","social",0,0,0,0,0,0,0,0,0,TRUE,0.162751814066573,0.162751814066573,16485.459653195,1648545.9653195,NA,NA,0,0,1,0.02589015368675,NA,NA,0.20059778084794,NA,NA,0.20059778084794,0.799341553034479,0,260.984419896458,0.003111901527,81263.2971590817,1e-04,"2_431_1",2,431,1,431,5,0,40089.1660964577,23603.7064432627,0,0,Inf,Inf,2,FALSE,0,0,0,0,NA
"624","display",3330.01647341318,259603.989646369,0.0516936069530459,2596.03989646369,0.0485065798398433,259603.989646369,0.0516936069530459,2596.03989646369,0.0485065798398433,TRUE,0.0812633037835251,0.0812633037835251,8231.32401621435,823132.401621435,NA,NA,0.584273225847234,0.584273225847234,1,0.02589015368675,NA,NA,0.20059778084794,NA,NA,0.20059778084794,0.799341553034479,0,260.984419896458,0.003111901527,81263.2971590817,1e-04,"2_431_1",2,431,1,431,5,2596.03989646369,10743.6207790522,2512.29676283789,0.315385458202098,0.315385458202098,3.17072323404082,3.17072323404082,2,FALSE,0.222847348692917,0.0338030734868356,0,0.565510115981625,0.15129905668563
"625","(Intercept)",47433.3064923082,4743330.64923082,0.944515030619072,47433.3064923082,0.891812655515121,4743330.64923082,0.944515030619072,47433.3064923082,0.891812655515121,TRUE,NA,NA,NA,NA,NA,NA,NA,NA,1,0.0287966310334788,NA,NA,0.200298292827798,NA,NA,0.200298292827798,0.893933305663574,0,653.169606694019,0.007938488965,81263.2971590817,1e-04,"2_435_1",2,435,1,435,6,NA,NA,NA,NA,NA,NA,NA,1,FALSE,NA,NA,NA,NA,NA
"626","competitors",-2955.67468238412,-296777.595897048,-0.0590957959300624,0,0,-296777.595897048,-0.0590957959300624,0,0,FALSE,NA,NA,NA,NA,NA,NA,NA,NA,1,0.0287966310334788,NA,NA,0.200298292827798,NA,NA,0.200298292827798,0.893933305663574,0,653.169606694019,0.007938488965,81263.2971590817,1e-04,"2_435_1",2,435,1,435,6,NA,NA,NA,NA,NA,NA,NA,1,FALSE,NA,NA,NA,NA,NA
"627","season",1324.60561731206,-2.00373608046645,-3.9899365769519e-07,-0.0202397583885503,-3.80535830417062e-07,-2.00373608046645,-3.9899365769519e-07,-0.0202397583885503,-3.80535830417062e-07,FALSE,NA,NA,NA,NA,NA,NA,NA,NA,1,0.0287966310334788,NA,NA,0.200298292827798,NA,NA,0.200298292827798,0.893933305663574,0,653.169606694019,0.007938488965,81263.2971590817,1e-04,"2_435_1",2,435,1,435,6,NA,NA,NA,NA,NA,NA,NA,1,FALSE,NA,NA,NA,NA,NA
"628","trend",1793.47024405915,269020.536608872,0.0535686755072603,2690.20536608872,0.0505796320946266,269020.536608872,0.0535686755072603,2690.20536608872,0.0505796320946266,TRUE,NA,NA,NA,NA,NA,NA,NA,NA,1,0.0287966310334788,NA,NA,0.200298292827798,NA,NA,0.200298292827798,0.893933305663574,0,653.169606694019,0.007938488965,81263.2971590817,1e-04,"2_435_1",2,435,1,435,6,NA,NA,NA,NA,NA,NA,NA,1,FALSE,NA,NA,NA,NA,NA
"629","tv",71.2770404396805,3160.89542128647,0.000629412844348982,31.6089542128647,0.000594292649600591,3160.89542128647,0.000629412844348982,31.6089542128647,0.000594292649600591,TRUE,0.458538882371808,0.458538882371808,46446.328651486,4644632.8651486,NA,NA,0.0103161312832059,0.0103161312832059,1,0.0287966310334788,NA,NA,0.200298292827798,NA,NA,0.200298292827798,0.893933305663574,0,653.169606694019,0.007938488965,81263.2971590817,1e-04,"2_435_1",2,435,1,435,6,31.6089542128647,52063.8584731687,5617.52982168269,0.000680547959991525,0.000680547959991525,1469.40415487022,1469.40415487022,1,FALSE,0.00901450662908069,0.00117474150862495,0,0.0213357910149647,0.0076172632211813
"630","paid_search",2539.60181023457,117124.089134531,0.0233223173368847,1171.24089134531,0.0220209706385942,117124.089134531,0.0233223173368847,1171.24089134531,0.0220209706385942,TRUE,0.297445999778094,0.297445999778094,30128.9055146277,3012890.55146277,NA,NA,0.382254810393559,0.382254810393559,1,0.0287966310334788,NA,NA,0.200298292827798,NA,NA,0.200298292827798,0.893933305663574,0,653.169606694019,0.007938488965,81263.2971590817,1e-04,"2_435_1",2,435,1,435,6,1171.24089134531,33770.7614923018,3641.85597767413,0.0388743258787369,0.0388743258787369,25.723918740594,25.723918740594,1,FALSE,0.0451868104709462,0.000917106508762594,0.0355764274015731,0.0548386488444613,0.0219250094918538
"631","social",0,0,0,0,0,0,0,0,0,TRUE,0.162751814066573,0.162751814066573,16485.459653195,1648545.9653195,NA,NA,0,0,1,0.0287966310334788,NA,NA,0.200298292827798,NA,NA,0.200298292827798,0.893933305663574,0,653.169606694019,0.007938488965,81263.2971590817,1e-04,"2_435_1",2,435,1,435,6,0,52318.1327274449,35832.6730742499,0,0,Inf,Inf,1,FALSE,0,0,0,0,NA
"632","display",2698.19048200995,186118.194553801,0.0370607586161543,1861.18194553801,0.0349928296378878,186118.194553801,0.0370607586161543,1861.18194553801,0.0349928296378878,TRUE,0.0812633037835251,0.0812633037835251,8231.32401621435,823132.401621435,NA,NA,0.607429058323235,0.607429058323235,1,0.0287966310334788,NA,NA,0.200298292827798,NA,NA,0.200298292827798,0.893933305663574,0,653.169606694019,0.007938488965,81263.2971590817,1e-04,"2_435_1",2,435,1,435,6,1861.18194553801,10400.8871014181,2169.56308520376,0.226109668611246,0.226109668611245,4.42263263725939,4.42263263725939,1,FALSE,0.166415049189711,0.0197375384653568,0,0.373163785207741,0.0667542214534151
"633","(Intercept)",42938.6831451928,4293868.31451928,0.855015908119351,42938.6831451928,0.802568564211757,4293868.31451928,0.855015908119351,42938.6831451928,0.802568564211757,TRUE,NA,NA,NA,NA,NA,NA,NA,NA,1,0.0202707223988935,NA,NA,0.20117555162663,NA,NA,0.20117555162663,0.313177656587813,0,141.332179114308,0.001639352278,81263.2971590817,1e-04,"2_437_1",2,437,1,437,1,NA,NA,NA,NA,NA,NA,NA,3,TRUE,NA,NA,NA,NA,NA
"634","competitors",-3268.44691391338,-328182.875879259,-0.0653493677717826,0,0,-328182.875879259,-0.0653493677717826,0,0,FALSE,NA,NA,NA,NA,NA,NA,NA,NA,1,0.0202707223988935,NA,NA,0.20117555162663,NA,NA,0.20117555162663,0.313177656587813,0,141.332179114308,0.001639352278,81263.2971590817,1e-04,"2_437_1",2,437,1,437,1,NA,NA,NA,NA,NA,NA,NA,3,TRUE,NA,NA,NA,NA,NA
"635","season",1784.33498984023,-2.69917049426088,-5.37471934925372e-07,-0.027264348426877,-5.09598976222388e-07,-2.69917049426088,-5.37471934925372e-07,-0.027264348426877,-5.09598976222388e-07,FALSE,NA,NA,NA,NA,NA,NA,NA,NA,1,0.0202707223988935,NA,NA,0.20117555162663,NA,NA,0.20117555162663,0.313177656587813,0,141.332179114308,0.001639352278,81263.2971590817,1e-04,"2_437_1",2,437,1,437,1,NA,NA,NA,NA,NA,NA,NA,3,TRUE,NA,NA,NA,NA,NA
"636","trend",2812.41477848221,421862.216772331,0.0840032530003705,4218.62216772331,0.0788504278217634,421862.216772331,0.0840032530003705,4218.62216772331,0.0788504278217634,TRUE,NA,NA,NA,NA,NA,NA,NA,NA,1,0.0202707223988935,NA,NA,0.20117555162663,NA,NA,0.20117555162663,0.313177656587813,0,141.332179114308,0.001639352278,81263.2971590817,1e-04,"2_437_1",2,437,1,437,1,NA,NA,NA,NA,NA,NA,NA,3,TRUE,NA,NA,NA,NA,NA
"637","tv",3056.17418864605,283053.290715637,0.0563629456425228,2830.53290715637,0.0529055985151922,283053.290715637,0.0563629456425228,2830.53290715637,0.0529055985151922,TRUE,0.458538882371808,0.458538882371808,46446.328651486,4644632.8651486,NA,NA,0.446153832413125,0.446153832413125,1,0.0202707223988935,NA,NA,0.20117555162663,NA,NA,0.20117555162663,0.313177656587813,0,141.332179114308,0.001639352278,81263.2971590817,1e-04,"2_437_1",2,437,1,437,1,2830.53290715637,62121.5432079845,15675.2145564985,0.0609420160718303,0.0609420160718303,16.409040337972,16.409040337972,3,TRUE,0.03559881205344,0.0048137479411895,0,0.0949683114842912,0.716308359514047
"638","paid_search",2838.91426516266,179575.570845679,0.0357579596149909,1795.75570845679,0.0335645384311836,179575.570845679,0.0357579596149909,1795.75570845679,0.0335645384311836,TRUE,0.297445999778094,0.297445999778094,30128.9055146277,3012890.55146277,NA,NA,0.283050336344839,0.283050336344839,1,0.0202707223988935,NA,NA,0.20117555162663,NA,NA,0.20117555162663,0.313177656587813,0,141.332179114308,0.001639352278,81263.2971590817,1e-04,"2_437_1",2,437,1,437,1,1795.75570845679,46181.3426196805,16052.4371050528,0.0596024209238184,0.0596024209238184,16.7778419819249,16.7778419819249,3,TRUE,0.050863949674026,0.0030520423666056,0.0133192347870684,0.0886217523500738,0.403295534043815
"639","social",0,0,0,0,0,0,0,0,0,TRUE,0.162751814066573,0.162751814066573,16485.459653195,1648545.9653195,NA,NA,0,0,1,0.0202707223988935,NA,NA,0.20117555162663,NA,NA,0.20117555162663,0.313177656587813,0,141.332179114308,0.001639352278,81263.2971590817,1e-04,"2_437_1",2,437,1,437,1,0,29881.9406171646,13396.4809639696,0,0,Inf,Inf,3,TRUE,0,0,0,0,NA
"640","display",2654.22992330149,171800.947513008,0.0342098388664825,1718.00947513008,0.0321113806190795,171800.947513008,0.0342098388664825,1718.00947513008,0.0321113806190795,TRUE,0.0812633037835251,0.0812633037835251,8231.32401621435,823132.401621435,NA,NA,0.270795831242036,0.270795831242036,1,0.0202707223988935,NA,NA,0.20117555162663,NA,NA,0.20117555162663,0.313177656587813,0,141.332179114308,0.001639352278,81263.2971590817,1e-04,"2_437_1",2,437,1,437,1,1718.00947513008,11779.7252373645,3548.40122115014,0.208716054883258,0.208716054883258,4.79119826483561,4.79119826483561,3,TRUE,0.11716472045816,0.00898151402797058,0.00659233408612599,0.228191688418101,0.153701089868578
"641","(Intercept)",45742.9869584092,4574298.69584092,0.910856567307528,45742.9869584092,0.857767500747351,4574298.69584092,0.910856567307528,45742.9869584092,0.857767500747351,TRUE,NA,NA,NA,NA,NA,NA,NA,NA,1,0.0172022362353972,NA,NA,0.201490343590532,NA,NA,0.201490343590532,0.531166545623641,0,208.078331571833,0.002460791108,81263.2971590817,1e-04,"2_438_1",2,438,1,438,6,NA,NA,NA,NA,NA,NA,NA,3,FALSE,NA,NA,NA,NA,NA
"642","competitors",-3095.53404431831,-310820.794035837,-0.0618921457316936,0,0,-310820.794035837,-0.0618921457316936,0,0,FALSE,NA,NA,NA,NA,NA,NA,NA,NA,1,0.0172022362353972,NA,NA,0.201490343590532,NA,NA,0.201490343590532,0.531166545623641,0,208.078331571833,0.002460791108,81263.2971590817,1e-04,"2_438_1",2,438,1,438,6,NA,NA,NA,NA,NA,NA,NA,3,FALSE,NA,NA,NA,NA,NA
"643","season",1762.55632317959,-2.66622582031281,-5.30911831482479e-07,-0.0269315739425531,-5.0501793625546e-07,-2.66622582031281,-5.30911831482479e-07,-0.0269315739425531,-5.0501793625546e-07,FALSE,NA,NA,NA,NA,NA,NA,NA,NA,1,0.0172022362353972,NA,NA,0.201490343590532,NA,NA,0.201490343590532,0.531166545623641,0,208.078331571833,0.002460791108,81263.2971590817,1e-04,"2_438_1",2,438,1,438,6,NA,NA,NA,NA,NA,NA,NA,3,FALSE,NA,NA,NA,NA,NA
"644","trend",2738.69221235193,410803.83185279,0.0818012537000326,4108.0383185279,0.0770334863497636,410803.83185279,0.0818012537000326,4108.0383185279,0.0770334863497636,TRUE,NA,NA,NA,NA,NA,NA,NA,NA,1,0.0172022362353972,NA,NA,0.201490343590532,NA,NA,0.201490343590532,0.531166545623641,0,208.078331571833,0.002460791108,81263.2971590817,1e-04,"2_438_1",2,438,1,438,6,NA,NA,NA,NA,NA,NA,NA,3,FALSE,NA,NA,NA,NA,NA
"645","tv",880.051296644283,71598.5442053542,0.014257049776483,715.985442053542,0.0134260808932341,71598.5442053542,0.014257049776483,715.985442053542,0.0134260808932341,TRUE,0.458538882371808,0.458538882371808,46446.328651486,4644632.8651486,NA,NA,0.205923008656886,0.205923008656886,1,0.0172022362353972,NA,NA,0.201490343590532,NA,NA,0.201490343590532,0.531166545623641,0,208.078331571833,0.002460791108,81263.2971590817,1e-04,"2_438_1",2,438,1,438,6,715.985442053542,54273.2023684542,7826.87371696823,0.0154153291087009,0.0154153291087009,64.8704930623613,64.8704930623613,3,FALSE,0.03559881205344,0.0048137479411895,0,0.0949683114842912,0.140796808582844
"646","paid_search",2962.55956942954,160081.728843263,0.0318762511410558,1600.81728843263,0.030018351138733,160081.728843263,0.0318762511410558,1600.81728843263,0.030018351138733,TRUE,0.297445999778094,0.297445999778094,30128.9055146277,3012890.55146277,NA,NA,0.460407562755103,0.460407562755103,1,0.0172022362353972,NA,NA,0.201490343590532,NA,NA,0.201490343590532,0.531166545623641,0,208.078331571833,0.002460791108,81263.2971590817,1e-04,"2_438_1",2,438,1,438,6,1600.81728843263,45927.1920190245,15798.2865043969,0.0531322748400347,0.0531322748400347,18.8209521051131,18.8209521051131,3,FALSE,0.050863949674026,0.0030520423666056,0.0133192347870684,0.0886217523500738,0.29884056201002
"647","social",0,0,0,0,0,0,0,0,0,TRUE,0.162751814066573,0.162751814066573,16485.459653195,1648545.9653195,NA,NA,0,0,1,0.0172022362353972,NA,NA,0.201490343590532,NA,NA,0.201490343590532,0.531166545623641,0,208.078331571833,0.002460791108,81263.2971590817,1e-04,"2_438_1",2,438,1,438,6,0,32579.1778876992,16093.7182345042,0,0,Inf,Inf,3,FALSE,0,0,0,0,NA
"648","display",3409.74316193991,116015.424835505,0.0231015547184257,1160.15424835505,0.0217550858888543,116015.424835505,0.0231015547184257,1160.15424835505,0.0217550858888543,TRUE,0.0812633037835251,0.0812633037835251,8231.32401621435,823132.401621435,NA,NA,0.333669428588011,0.333669428588011,1,0.0172022362353972,NA,NA,0.201490343590532,NA,NA,0.201490343590532,0.531166545623641,0,208.078331571833,0.002460791108,81263.2971590817,1e-04,"2_438_1",2,438,1,438,6,1160.15424835505,10946.2139187127,2714.88990249832,0.140943819739053,0.140943819739053,7.09502553465224,7.09502553465224,3,FALSE,0.11716472045816,0.00898151402797058,0.00659233408612599,0.228191688418101,0.144457423592863
"649","(Intercept)",44935.2463855744,4493524.63855744,0.894772444814252,44935.2463855744,0.839857811530001,4493524.63855744,0.894772444814252,44935.2463855744,0.839857811530001,TRUE,NA,NA,NA,NA,NA,NA,NA,NA,1,0.0181282963439037,NA,NA,0.201395392140668,NA,NA,0.201395392140668,0.523153642593606,0,82.4290833204323,0.0009144372333,81263.2971590817,1e-04,"2_442_1",2,442,1,442,5,NA,NA,NA,NA,NA,NA,NA,2,FALSE,NA,NA,NA,NA,NA
"650","competitors",-3270.26092281896,-328365.019470752,-0.0653856370881382,0,0,-328365.019470752,-0.0653856370881382,0,0,FALSE,NA,NA,NA,NA,NA,NA,NA,NA,1,0.0181282963439037,NA,NA,0.201395392140668,NA,NA,0.201395392140668,0.523153642593606,0,82.4290833204323,0.0009144372333,81263.2971590817,1e-04,"2_442_1",2,442,1,442,5,NA,NA,NA,NA,NA,NA,NA,2,FALSE,NA,NA,NA,NA,NA
"651","season",1872.96966621614,-2.83324851470155,-5.64170201385544e-07,-0.0286186718656722,-5.3489447717182e-07,-2.83324851470155,-5.64170201385544e-07,-0.0286186718656722,-5.3489447717182e-07,FALSE,NA,NA,NA,NA,NA,NA,NA,NA,1,0.0181282963439037,NA,NA,0.201395392140668,NA,NA,0.201395392140668,0.523153642593606,0,82.4290833204323,0.0009144372333,81263.2971590817,1e-04,"2_442_1",2,442,1,442,5,NA,NA,NA,NA,NA,NA,NA,2,FALSE,NA,NA,NA,NA,NA
"652","trend",2980.47260701648,447070.891052472,0.0890229266264194,4470.70891052472,0.083559346027896,447070.891052472,0.0890229266264194,4470.70891052472,0.083559346027896,TRUE,NA,NA,NA,NA,NA,NA,NA,NA,1,0.0181282963439037,NA,NA,0.201395392140668,NA,NA,0.201395392140668,0.523153642593606,0,82.4290833204323,0.0009144372333,81263.2971590817,1e-04,"2_442_1",2,442,1,442,5,NA,NA,NA,NA,NA,NA,NA,2,FALSE,NA,NA,NA,NA,NA
"653","tv",995.64722930683,85304.5867566697,0.0169862635204418,853.045867566697,0.0159437700490561,85304.5867566697,0.0169862635204418,853.045867566697,0.0159437700490561,TRUE,0.458538882371808,0.458538882371808,46446.328651486,4644632.8651486,NA,NA,0.208188390268872,0.208188390268872,1,0.0181282963439037,NA,NA,0.201395392140668,NA,NA,0.201395392140668,0.523153642593606,0,82.4290833204323,0.0009144372333,81263.2971590817,1e-04,"2_442_1",2,442,1,442,5,853.045867566697,60150.8755771554,13704.5469256694,0.0183662711851264,0.0183662711851264,54.447633377527,54.447633377527,2,FALSE,0.0299280646716883,0.0145101661480368,0,0.177834679326039,0.166979021027477
"654","paid_search",3796.66404245252,199005.329136871,0.0396269074291817,1990.05329136871,0.0371948956900247,199005.329136871,0.0396269074291817,1990.05329136871,0.0371948956900247,TRUE,0.297445999778094,0.297445999778094,30128.9055146277,3012890.55146277,NA,NA,0.485678445944676,0.485678445944676,1,0.0181282963439037,NA,NA,0.201395392140668,NA,NA,0.201395392140668,0.523153642593606,0,82.4290833204323,0.0009144372333,81263.2971590817,1e-04,"2_442_1",2,442,1,442,5,1990.05329136871,51439.5310693571,21310.6255547294,0.0660512971638658,0.0660512971638658,15.1397480888091,15.1397480888091,2,FALSE,0.0503426058359058,0.00170735272801891,0.03304911803773,0.0676548057722503,0.49413281814431
"655","social",0,0,0,0,0,0,0,0,0,TRUE,0.162751814066573,0.162751814066573,16485.459653195,1648545.9653195,NA,NA,0,0,1,0.0181282963439037,NA,NA,0.201395392140668,NA,NA,0.201395392140668,0.523153642593606,0,82.4290833204323,0.0009144372333,81263.2971590817,1e-04,"2_442_1",2,442,1,442,5,0,43094.9818453525,26609.5221921575,0,0,Inf,Inf,2,FALSE,0,0,0,0,NA
"656","display",2292.29144239568,125437.172531997,0.0249776588680448,1254.37172531997,0.0234447115974988,125437.172531997,0.0249776588680448,1254.37172531997,0.0234447115974988,TRUE,0.0812633037835251,0.0812633037835251,8231.32401621435,823132.401621435,NA,NA,0.306133163786452,0.306133163786452,1,0.0181282963439037,NA,NA,0.201395392140668,NA,NA,0.201395392140668,0.523153642593606,0,82.4290833204323,0.0009144372333,81263.2971590817,1e-04,"2_442_1",2,442,1,442,5,1254.37172531997,12300.7042680145,4069.38025180018,0.152390031403097,0.152390031403097,6.56210902243885,6.56210902243885,2,FALSE,0.222847348692917,0.0338030734868356,0,0.565510115981625,0.133125729649887
"657","(Intercept)",45436.3854725887,4543638.54725887,0.904751369648271,45436.3854725887,0.852235366818476,4543638.54725887,0.904751369648271,45436.3854725887,0.852235366818476,TRUE,NA,NA,NA,NA,NA,NA,NA,NA,1,0.0112256215615752,NA,NA,0.202102069082505,NA,NA,0.202102069082505,0.482178166013089,0,162.77219481602,0.001903212602,81263.2971590817,1e-04,"2_445_1",2,445,1,445,6,NA,NA,NA,NA,NA,NA,NA,3,FALSE,NA,NA,NA,NA,NA
"658","competitors",-3081.99688496635,-309461.535646645,-0.0616214836012148,0,0,-309461.535646645,-0.0616214836012148,0,0,FALSE,NA,NA,NA,NA,NA,NA,NA,NA,1,0.0112256215615752,NA,NA,0.202102069082505,NA,NA,0.202102069082505,0.482178166013089,0,162.77219481602,0.001903212602,81263.2971590817,1e-04,"2_445_1",2,445,1,445,6,NA,NA,NA,NA,NA,NA,NA,3,FALSE,NA,NA,NA,NA,NA
"659","season",1870.7948961331,-2.82995873152041,-5.63515123784625e-07,-0.0285854417325287,-5.36167746778335e-07,-2.82995873152041,-5.63515123784625e-07,-0.0285854417325287,-5.36167746778335e-07,FALSE,NA,NA,NA,NA,NA,NA,NA,NA,1,0.0112256215615752,NA,NA,0.202102069082505,NA,NA,0.202102069082505,0.482178166013089,0,162.77219481602,0.001903212602,81263.2971590817,1e-04,"2_445_1",2,445,1,445,6,NA,NA,NA,NA,NA,NA,NA,3,FALSE,NA,NA,NA,NA,NA
"660","trend",3008.89089076814,451333.63361522,0.0898717446237118,4513.33633615221,0.0846551680554859,451333.63361522,0.0898717446237118,4513.33633615221,0.0846551680554859,TRUE,NA,NA,NA,NA,NA,NA,NA,NA,1,0.0112256215615752,NA,NA,0.202102069082505,NA,NA,0.202102069082505,0.482178166013089,0,162.77219481602,0.001903212602,81263.2971590817,1e-04,"2_445_1",2,445,1,445,6,NA,NA,NA,NA,NA,NA,NA,3,FALSE,NA,NA,NA,NA,NA
"661","tv",987.178748470663,82826.2842699052,0.0164927718956172,828.262842699052,0.0155354542450475,82826.2842699052,0.0164927718956172,828.262842699052,0.0155354542450475,TRUE,0.458538882371808,0.458538882371808,46446.328651486,4644632.8651486,NA,NA,0.246164695397931,0.246164695397931,1,0.0112256215615752,NA,NA,0.202102069082505,NA,NA,0.202102069082505,0.482178166013089,0,162.77219481602,0.001903212602,81263.2971590817,1e-04,"2_445_1",2,445,1,445,6,828.262842699052,65688.2754461023,19241.9467946163,0.0178326870335435,0.0178326870335435,56.076798640552,56.076798640552,3,FALSE,0.03559881205344,0.0048137479411895,0,0.0949683114842912,0.432352772453951
"662","paid_search",2503.4078973272,182875.827831922,0.0364151228108389,1828.75827831922,0.0343014186963872,182875.827831922,0.0364151228108389,1828.75827831922,0.0343014186963872,TRUE,0.297445999778094,0.297445999778094,30128.9055146277,3012890.55146277,NA,NA,0.543517952672986,0.543517952672986,1,0.0112256215615752,NA,NA,0.202102069082505,NA,NA,0.202102069082505,0.482178166013089,0,162.77219481602,0.001903212602,81263.2971590817,1e-04,"2_445_1",2,445,1,445,6,1828.75827831922,43905.6984810613,13776.7929664336,0.060697799906185,0.060697799906185,16.4750617245701,16.4750617245701,3,FALSE,0.050863949674026,0.0030520423666056,0.0133192347870684,0.0886217523500738,0.401814848482699
"663","social",0,0,0,0,0,0,0,0,0,TRUE,0.162751814066573,0.162751814066573,16485.459653195,1648545.9653195,NA,NA,0,0,1,0.0112256215615752,NA,NA,0.202102069082505,NA,NA,0.202102069082505,0.482178166013089,0,162.77219481602,0.001903212602,81263.2971590817,1e-04,"2_445_1",2,445,1,445,6,0,27264.3769790668,10778.9173258718,0,0,Inf,Inf,3,FALSE,0,0,0,0,NA
"664","display",2267.94756498372,70764.8379456384,0.0140910381378993,707.648379456384,0.0132731283523498,70764.8379456384,0.0140910381378993,707.648379456384,0.0132731283523498,TRUE,0.0812633037835251,0.0812633037835251,8231.32401621435,823132.401621435,NA,NA,0.210317351929084,0.210317351929084,1,0.0112256215615752,NA,NA,0.202102069082505,NA,NA,0.202102069082505,0.482178166013089,0,162.77219481602,0.001903212602,81263.2971590817,1e-04,"2_445_1",2,445,1,445,6,707.648379456384,11570.1079441185,3338.78392790411,0.085970176615868,0.085970176615868,11.6319407422902,11.6319407422902,3,FALSE,0.11716472045816,0.00898151402797058,0.00659233408612599,0.228191688418101,0.0637650599805805
"665","(Intercept)",45677.4680429255,4567746.80429255,0.909551922849013,45677.4680429255,0.854782464818795,4567746.80429255,0.909551922849013,45677.4680429255,0.854782464818795,TRUE,NA,NA,NA,NA,NA,NA,NA,NA,1,0.0225052905869539,NA,NA,0.200945999892761,NA,NA,0.200945999892761,0.555530292216432,0,84.1299799677679,0.0009353700137,81263.2971590817,1e-04,"2_447_1",2,447,1,447,5,NA,NA,NA,NA,NA,NA,NA,2,FALSE,NA,NA,NA,NA,NA
"666","competitors",-3204.66711513621,-321778.782945521,-0.0640741536910654,0,0,-321778.782945521,-0.0640741536910654,0,0,FALSE,NA,NA,NA,NA,NA,NA,NA,NA,1,0.0225052905869539,NA,NA,0.200945999892761,NA,NA,0.200945999892761,0.555530292216432,0,84.1299799677679,0.0009353700137,81263.2971590817,1e-04,"2_447_1",2,447,1,447,5,NA,NA,NA,NA,NA,NA,NA,2,FALSE,NA,NA,NA,NA,NA
"667","season",1919.82905239259,-2.9041328908234,-5.78285042545522e-07,-0.0293346756648822,-5.48952633406121e-07,-2.9041328908234,-5.78285042545522e-07,-0.0293346756648822,-5.48952633406121e-07,FALSE,NA,NA,NA,NA,NA,NA,NA,NA,1,0.0225052905869539,NA,NA,0.200945999892761,NA,NA,0.200945999892761,0.555530292216432,0,84.1299799677679,0.0009353700137,81263.2971590817,1e-04,"2_447_1",2,447,1,447,5,NA,NA,NA,NA,NA,NA,NA,2,FALSE,NA,NA,NA,NA,NA
"668","trend",3111.62328799175,466743.493198763,0.0929402306881917,4667.43493198763,0.0873437540757832,466743.493198763,0.0929402306881917,4667.43493198763,0.0873437540757832,TRUE,NA,NA,NA,NA,NA,NA,NA,NA,1,0.0225052905869539,NA,NA,0.200945999892761,NA,NA,0.200945999892761,0.555530292216432,0,84.1299799677679,0.0009353700137,81263.2971590817,1e-04,"2_447_1",2,447,1,447,5,NA,NA,NA,NA,NA,NA,NA,2,FALSE,NA,NA,NA,NA,NA
"669","tv",588.548234969193,57469.7441060729,0.0114436544968291,574.697441060729,0.0107545649144409,57469.7441060729,0.0114436544968291,574.697441060729,0.0107545649144409,TRUE,0.458538882371808,0.458538882371808,46446.328651486,4644632.8651486,NA,NA,0.1858261668628,0.1858261668628,1,0.0225052905869539,NA,NA,0.200945999892761,NA,NA,0.200945999892761,0.555530292216432,0,84.1299799677679,0.0009353700137,81263.2971590817,1e-04,"2_447_1",2,447,1,447,5,574.697441060729,60697.6314348862,14251.3027834002,0.0123733663724645,0.0123733663724645,80.8187497159535,80.8187497159535,2,FALSE,0.0299280646716883,0.0145101661480368,0,0.177834679326039,0.522293464575286
"670","paid_search",2527.46706995593,149952.193645558,0.029859208907458,1499.52193645558,0.0280612107415589,149952.193645558,0.029859208907458,1499.52193645558,0.0280612107415589,TRUE,0.297445999778094,0.297445999778094,30128.9055146277,3012890.55146277,NA,NA,0.484864545531845,0.484864545531845,1,0.0225052905869539,NA,NA,0.200945999892761,NA,NA,0.200945999892761,0.555530292216432,0,84.1299799677679,0.0009353700137,81263.2971590817,1e-04,"2_447_1",2,447,1,447,5,1499.52193645558,33779.6481391144,3650.74262448674,0.0497702093999916,0.0497702093999916,20.0923406201335,20.0923406201335,2,FALSE,0.0503426058359058,0.00170735272801891,0.03304911803773,0.0676548057722503,0.0385648105183799
"671","social",0,0,0,0,0,0,0,0,0,TRUE,0.162751814066573,0.162751814066573,16485.459653195,1648545.9653195,NA,NA,0,0,1,0.0225052905869539,NA,NA,0.200945999892761,NA,NA,0.200945999892761,0.555530292216432,0,84.1299799677679,0.0009353700137,81263.2971590817,1e-04,"2_447_1",2,447,1,447,5,0,38983.974492331,22498.514839136,0,0,Inf,Inf,2,FALSE,0,0,0,0,NA
"672","display",2191.23212171318,101844.217151645,0.0202797150346161,1018.44217151645,0.0190585544020553,101844.217151645,0.0202797150346161,1018.44217151645,0.0190585544020553,TRUE,0.0812633037835251,0.0812633037835251,8231.32401621435,823132.401621435,NA,NA,0.329309287605355,0.329309287605355,1,0.0225052905869539,NA,NA,0.200945999892761,NA,NA,0.200945999892761,0.555530292216432,0,84.1299799677679,0.0009353700137,81263.2971590817,1e-04,"2_447_1",2,447,1,447,5,1018.44217151645,10735.4980902973,2504.17407408295,0.123727625046747,0.123727625046747,8.0822694173769,8.0822694173769,2,FALSE,0.222847348692917,0.0338030734868356,0,0.565510115981625,0.0409495133460316
"673","(Intercept)",46687.9609456986,4668796.09456986,0.92967334818456,46687.9609456986,0.875461320870993,4668796.09456986,0.92967334818456,46687.9609456986,0.875461320870993,TRUE,NA,NA,NA,NA,NA,NA,NA,NA,1,0.0301405485594046,NA,NA,0.200159661938924,NA,NA,0.200159661938924,0.724857179395865,0,236.614532627973,0.00281198354,81263.2971590817,1e-04,"2_450_1",2,450,1,450,1,NA,NA,NA,NA,NA,NA,NA,1,FALSE,NA,NA,NA,NA,NA
"674","competitors",-3097.12523829776,-310980.564908674,-0.0619239600836773,0,0,-310980.564908674,-0.0619239600836773,0,0,FALSE,NA,NA,NA,NA,NA,NA,NA,NA,1,0.0301405485594046,NA,NA,0.200159661938924,NA,NA,0.200159661938924,0.724857179395865,0,236.614532627973,0.00281198354,81263.2971590817,1e-04,"2_450_1",2,450,1,450,1,NA,NA,NA,NA,NA,NA,NA,1,FALSE,NA,NA,NA,NA,NA
"675","season",1717.49647718772,-2.59806361564235,-5.17339042319696e-07,-0.0262430668246708,-4.92092382718391e-07,-2.59806361564235,-5.17339042319696e-07,-0.0262430668246708,-4.92092382718391e-07,FALSE,NA,NA,NA,NA,NA,NA,NA,NA,1,0.0301405485594046,NA,NA,0.200159661938924,NA,NA,0.200159661938924,0.724857179395865,0,236.614532627973,0.00281198354,81263.2971590817,1e-04,"2_450_1",2,450,1,450,1,NA,NA,NA,NA,NA,NA,NA,1,FALSE,NA,NA,NA,NA,NA
"676","trend",2660.85694705194,399128.54205779,0.0794764133054463,3991.2854205779,0.0748419064678427,399128.54205779,0.0794764133054463,3991.2854205779,0.0748419064678427,TRUE,NA,NA,NA,NA,NA,NA,NA,NA,1,0.0301405485594046,NA,NA,0.200159661938924,NA,NA,0.200159661938924,0.724857179395865,0,236.614532627973,0.00281198354,81263.2971590817,1e-04,"2_450_1",2,450,1,450,1,NA,NA,NA,NA,NA,NA,NA,1,FALSE,NA,NA,NA,NA,NA
"677","tv",308.976505386797,24898.7238375506,0.00495795478892316,248.987238375506,0.00466884164938721,24898.7238375506,0.00495795478892316,248.987238375506,0.00466884164938721,TRUE,0.458538882371808,0.458538882371808,46446.328651486,4644632.8651486,NA,NA,0.0939456461545803,0.0939456461545803,1,0.0301405485594046,NA,NA,0.200159661938924,NA,NA,0.200159661938924,0.724857179395865,0,236.614532627973,0.00281198354,81263.2971590817,1e-04,"2_450_1",2,450,1,450,1,248.987238375506,67114.6413536096,20668.3127021237,0.00536075176670697,0.00536075176670698,186.541000874264,186.541000874264,1,FALSE,0.00901450662908069,0.00117474150862495,0,0.0213357910149647,0.650960362800989
"678","paid_search",2770.77964972786,112276.773987096,0.0223570964080755,1122.76773987096,0.0210533873972778,112276.773987096,0.0223570964080755,1122.76773987096,0.0210533873972778,TRUE,0.297445999778094,0.297445999778094,30128.9055146277,3012890.55146277,NA,NA,0.423632719057748,0.423632719057748,1,0.0301405485594046,NA,NA,0.200159661938924,NA,NA,0.200159661938924,0.724857179395865,0,236.614532627973,0.00281198354,81263.2971590817,1e-04,"2_450_1",2,450,1,450,1,1122.76773987096,30478.5041500049,349.598635377255,0.0372654671881743,0.0372654671881743,26.8344951896199,26.8344951896199,1,FALSE,0.0451868104709462,0.000917106508762594,0.0355764274015731,0.0548386488444613,0.000143375406125643
"679","social",0,0,0,0,0,0,0,0,0,TRUE,0.162751814066573,0.162751814066573,16485.459653195,1648545.9653195,NA,NA,0,0,1,0.0301405485594046,NA,NA,0.200159661938924,NA,NA,0.200159661938924,0.724857179395865,0,236.614532627973,0.00281198354,81263.2971590817,1e-04,"2_450_1",2,450,1,450,1,0,53128.1701155579,36642.7104623629,0,0,Inf,Inf,1,FALSE,0,0,0,0,NA
"680","display",2521.80095131601,127857.793836168,0.0254596647357145,1278.57793836168,0.0239750357068819,127857.793836168,0.0254596647357145,1278.57793836168,0.0239750357068819,TRUE,0.0812633037835251,0.0812633037835251,8231.32401621435,823132.401621435,NA,NA,0.482421634787672,0.482421634787672,1,0.0301405485594046,NA,NA,0.200159661938924,NA,NA,0.200159661938924,0.724857179395865,0,236.614532627973,0.00281198354,81263.2971590817,1e-04,"2_450_1",2,450,1,450,1,1278.57793836168,9815.74816452342,1584.42414830907,0.155330774957115,0.155330774957115,6.43787427363374,6.43787427363374,1,FALSE,0.166415049189711,0.0197375384653568,0,0.373163785207741,0.0353135493772773
"681","(Intercept)",44036.3461468341,4403634.61468341,0.876873106789927,44036.3461468341,0.825617203226217,4403634.61468341,0.876873106789927,44036.3461468341,0.825617203226217,TRUE,NA,NA,NA,NA,NA,NA,NA,NA,1,0.0168218641725772,NA,NA,0.201529331206435,NA,NA,0.201529331206435,0.310185325113749,0,199.964564717894,0.002360935717,81263.2971590817,1e-04,"2_455_1",2,455,1,455,1,NA,NA,NA,NA,NA,NA,NA,3,FALSE,NA,NA,NA,NA,NA
"682","competitors",-3105.0260111475,-311773.876969047,-0.0620819282331495,0,0,-311773.876969047,-0.0620819282331495,0,0,FALSE,NA,NA,NA,NA,NA,NA,NA,NA,1,0.0168218641725772,NA,NA,0.201529331206435,NA,NA,0.201529331206435,0.310185325113749,0,199.964564717894,0.002360935717,81263.2971590817,1e-04,"2_455_1",2,455,1,455,1,NA,NA,NA,NA,NA,NA,NA,3,FALSE,NA,NA,NA,NA,NA
"683","season",1749.60179147465,-2.64662944970663,-5.27009707015125e-07,-0.0267336308051172,-5.01216550160801e-07,-2.64662944970663,-5.27009707015125e-07,-0.0267336308051172,-5.01216550160801e-07,FALSE,NA,NA,NA,NA,NA,NA,NA,NA,1,0.0168218641725772,NA,NA,0.201529331206435,NA,NA,0.201529331206435,0.310185325113749,0,199.964564717894,0.002360935717,81263.2971590817,1e-04,"2_455_1",2,455,1,455,1,NA,NA,NA,NA,NA,NA,NA,3,FALSE,NA,NA,NA,NA,NA
"684","trend",2699.48603950772,404922.905926158,0.0806302151740631,4049.22905926158,0.0759171335419757,404922.905926158,0.0806302151740631,4049.22905926158,0.0759171335419757,TRUE,NA,NA,NA,NA,NA,NA,NA,NA,1,0.0168218641725772,NA,NA,0.201529331206435,NA,NA,0.201529331206435,0.310185325113749,0,199.964564717894,0.002360935717,81263.2971590817,1e-04,"2_455_1",2,455,1,455,1,NA,NA,NA,NA,NA,NA,NA,3,FALSE,NA,NA,NA,NA,NA
"685","tv",2311.68604200042,221505.613697868,0.0441072733434817,2215.05613697868,0.0415290688901282,221505.613697868,0.0441072733434817,2215.05613697868,0.0415290688901282,TRUE,0.458538882371808,0.458538882371808,46446.328651486,4644632.8651486,NA,NA,0.421759790510666,0.421759790510666,1,0.0168218641725772,NA,NA,0.201529331206435,NA,NA,0.201529331206435,0.310185325113749,0,199.964564717894,0.002360935717,81263.2971590817,1e-04,"2_455_1",2,455,1,455,1,2215.05613697868,54358.9245889446,7912.59593745867,0.0476906614858528,0.0476906614858528,20.9684657088819,20.9684657088819,3,FALSE,0.03559881205344,0.0048137479411895,0,0.0949683114842912,0.418298431202692
"686","paid_search",3081.06224439777,164939.062709989,0.0328434670458971,1649.39062709989,0.0309236663739788,164939.062709989,0.0328434670458971,1649.39062709989,0.0309236663739788,TRUE,0.297445999778094,0.297445999778094,30128.9055146277,3012890.55146277,NA,NA,0.31405373152518,0.31405373152518,1,0.0168218641725772,NA,NA,0.201529331206435,NA,NA,0.201529331206435,0.310185325113749,0,199.964564717894,0.002360935717,81263.2971590817,1e-04,"2_455_1",2,455,1,455,1,1649.39062709989,48198.4391574917,18069.533642864,0.0547444588154423,0.0547444588154423,18.2666889332354,18.2666889332354,3,FALSE,0.050863949674026,0.0030520423666056,0.0133192347870684,0.0886217523500738,0.347476668119535
"687","social",0,0,0,0,0,0,0,0,0,TRUE,0.162751814066573,0.162751814066573,16485.459653195,1648545.9653195,NA,NA,0,0,1,0.0168218641725772,NA,NA,0.201529331206435,NA,NA,0.201529331206435,0.310185325113749,0,199.964564717894,0.002360935717,81263.2971590817,1e-04,"2_455_1",2,455,1,455,1,0,32889.0887894923,16403.6291362973,0,0,Inf,Inf,3,FALSE,0,0,0,0,NA
"688","display",4038.29792448911,138749.091897247,0.0276283928894875,1387.49091897247,0.0260134291842508,138749.091897247,0.0276283928894875,1387.49091897247,0.0260134291842508,TRUE,0.0812633037835251,0.0812633037835251,8231.32401621435,823132.401621435,NA,NA,0.264186477964154,0.264186477964154,1,0.0168218641725772,NA,NA,0.201529331206435,NA,NA,0.201529331206435,0.310185325113749,0,199.964564717894,0.002360935717,81263.2971590817,1e-04,"2_455_1",2,455,1,455,1,1387.49091897247,11064.9043380012,2833.58032178685,0.16856230130649,0.16856230130649,5.93252460514132,5.93252460514132,3,FALSE,0.11716472045816,0.00898151402797058,0.00659233408612599,0.228191688418101,0.215455906561959
"689","(Intercept)",47139.2318390254,4713923.18390254,0.938659273331843,47139.2318390254,0.885609405689277,4713923.18390254,0.938659273331843,47139.2318390254,0.885609405689277,TRUE,NA,NA,NA,NA,NA,NA,NA,NA,1,0.0260111714480198,NA,NA,0.200585319908105,NA,NA,0.200585319908105,0.753100055078571,0,385.777737984718,0.004647721547,81263.2971590817,1e-04,"2_457_1",2,457,1,457,4,NA,NA,NA,NA,NA,NA,NA,1,FALSE,NA,NA,NA,NA,NA
"690","competitors",-2996.00245202669,-300826.884065919,-0.0599021098519955,0,0,-300826.884065919,-0.0599021098519955,0,0,FALSE,NA,NA,NA,NA,NA,NA,NA,NA,1,0.0260111714480198,NA,NA,0.200585319908105,NA,NA,0.200585319908105,0.753100055078571,0,385.777737984718,0.004647721547,81263.2971590817,1e-04,"2_457_1",2,457,1,457,4,NA,NA,NA,NA,NA,NA,NA,1,FALSE,NA,NA,NA,NA,NA
"691","season",1582.07939525821,-2.39321766796772,-4.76549122567533e-07,-0.0241739158380573,-4.54157745116264e-07,-2.39321766796772,-4.76549122567533e-07,-0.0241739158380573,-4.54157745116264e-07,FALSE,NA,NA,NA,NA,NA,NA,NA,NA,1,0.0260111714480198,NA,NA,0.200585319908105,NA,NA,0.200585319908105,0.753100055078571,0,385.777737984718,0.004647721547,81263.2971590817,1e-04,"2_457_1",2,457,1,457,4,NA,NA,NA,NA,NA,NA,NA,1,FALSE,NA,NA,NA,NA,NA
"692","trend",2352.93801557753,352940.702336629,0.0702792663902222,3529.40702336629,0.0663073184364306,352940.702336629,0.0702792663902222,3529.40702336629,0.0663073184364306,TRUE,NA,NA,NA,NA,NA,NA,NA,NA,1,0.0260111714480198,NA,NA,0.200585319908105,NA,NA,0.200585319908105,0.753100055078571,0,385.777737984718,0.004647721547,81263.2971590817,1e-04,"2_457_1",2,457,1,457,4,NA,NA,NA,NA,NA,NA,NA,1,FALSE,NA,NA,NA,NA,NA
"693","tv",277.200617886433,14986.2853688258,0.00298414191013608,149.862853688258,0.00281548823797086,14986.2853688258,0.00298414191013608,149.862853688258,0.00281548823797086,TRUE,0.458538882371808,0.458538882371808,46446.328651486,4644632.8651486,NA,NA,0.0585538650203498,0.0585538650203498,1,0.0260111714480198,NA,NA,0.200585319908105,NA,NA,0.200585319908105,0.753100055078571,0,385.777737984718,0.004647721547,81263.2971590817,1e-04,"2_457_1",2,457,1,457,4,149.862853688258,52779.9850481577,6333.65639667168,0.00322658126141179,0.00322658126141179,309.92555865847,309.92555865847,1,FALSE,0.00901450662908069,0.00117474150862495,0,0.0213357910149647,0.14169713428062
"694","paid_search",2538.22515895064,123747.072253068,0.0246411178940437,1237.47072253068,0.0232484847203428,123747.072253068,0.0246411178940437,1237.47072253068,0.0232484847203428,TRUE,0.297445999778094,0.297445999778094,30128.9055146277,3012890.55146277,NA,NA,0.483500025993255,0.483500025993255,1,0.0260111714480198,NA,NA,0.200585319908105,NA,NA,0.200585319908105,0.753100055078571,0,385.777737984718,0.004647721547,81263.2971590817,1e-04,"2_457_1",2,457,1,457,4,1237.47072253068,31354.8135827753,1225.90806814762,0.0410725415143237,0.0410725415143237,24.3471663337721,24.3471663337721,1,FALSE,0.0451868104709462,0.000917106508762594,0.0355764274015731,0.0548386488444613,0.00322865556038988
"695","social",0,0,0,0,0,0,0,0,0,TRUE,0.162751814066573,0.162751814066573,16485.459653195,1648545.9653195,NA,NA,0,0,1,0.0260111714480198,NA,NA,0.200585319908105,NA,NA,0.200585319908105,0.753100055078571,0,385.777737984718,0.004647721547,81263.2971590817,1e-04,"2_457_1",2,457,1,457,4,0,34365.0262603722,17879.5666071772,0,0,Inf,Inf,1,FALSE,0,0,0,0,NA
"696","display",2377.00408967837,117206.798738707,0.0233387868748734,1172.06798738707,0.0220197570737239,117206.798738707,0.0233387868748734,1172.06798738707,0.0220197570737239,TRUE,0.0812633037835251,0.0812633037835251,8231.32401621435,823132.401621435,NA,NA,0.457946108986395,0.457946108986395,1,0.0260111714480198,NA,NA,0.200585319908105,NA,NA,0.200585319908105,0.753100055078571,0,385.777737984718,0.004647721547,81263.2971590817,1e-04,"2_457_1",2,457,1,457,4,1172.06798738707,10173.5522124555,1942.22819624111,0.142391185801736,0.142391185801736,7.02290661019138,7.02290661019138,1,FALSE,0.166415049189711,0.0197375384653568,0,0.373163785207741,0.0383646999822851
"697","(Intercept)",45885.9338857849,4588593.38857849,0.913702995934826,45885.9338857849,0.859331286289601,4588593.38857849,0.913702995934826,45885.9338857849,0.859331286289601,TRUE,NA,NA,NA,NA,NA,NA,NA,NA,1,0.0244603198881583,NA,NA,0.200744949215805,NA,NA,0.200744949215805,0.534237182504649,0,175.080084958575,0.002054684687,81263.2971590817,1e-04,"2_460_1",2,460,1,460,4,NA,NA,NA,NA,NA,NA,NA,1,FALSE,NA,NA,NA,NA,NA
"698","competitors",-3164.55354408686,-317751.00233427,-0.0632721224584377,0,0,-317751.00233427,-0.0632721224584377,0,0,FALSE,NA,NA,NA,NA,NA,NA,NA,NA,1,0.0244603198881583,NA,NA,0.200744949215805,NA,NA,0.200744949215805,0.534237182504649,0,175.080084958575,0.002054684687,81263.2971590817,1e-04,"2_460_1",2,460,1,460,4,NA,NA,NA,NA,NA,NA,NA,1,FALSE,NA,NA,NA,NA,NA
"699","season",1810.31984370502,-2.73847788398871,-5.4529901322917e-07,-0.0276613927675627,-5.18030215679568e-07,-2.73847788398871,-5.4529901322917e-07,-0.0276613927675627,-5.18030215679568e-07,FALSE,NA,NA,NA,NA,NA,NA,NA,NA,1,0.0244603198881583,NA,NA,0.200744949215805,NA,NA,0.200744949215805,0.534237182504649,0,175.080084958575,0.002054684687,81263.2971590817,1e-04,"2_460_1",2,460,1,460,4,NA,NA,NA,NA,NA,NA,NA,1,FALSE,NA,NA,NA,NA,NA
"700","trend",2870.66544097472,430599.816146208,0.0857431262140358,4305.99816146208,0.0806408113662951,430599.816146208,0.0857431262140358,4305.99816146208,0.0806408113662951,TRUE,NA,NA,NA,NA,NA,NA,NA,NA,1,0.0244603198881583,NA,NA,0.200744949215805,NA,NA,0.200744949215805,0.534237182504649,0,175.080084958575,0.002054684687,81263.2971590817,1e-04,"2_460_1",2,460,1,460,4,NA,NA,NA,NA,NA,NA,NA,1,FALSE,NA,NA,NA,NA,NA
"701","tv",888.107285230595,66019.434956211,0.0131461104528379,660.19434956211,0.0123638250672302,66019.434956211,0.0131461104528379,660.19434956211,0.0123638250672302,TRUE,0.458538882371808,0.458538882371808,46446.328651486,4644632.8651486,NA,NA,0.205966190516642,0.205966190516642,1,0.0244603198881583,NA,NA,0.200744949215805,NA,NA,0.200744949215805,0.534237182504649,0,175.080084958575,0.002054684687,81263.2971590817,1e-04,"2_460_1",2,460,1,460,4,660.19434956211,59300.9136462018,12854.5849947158,0.0142141342218012,0.0142141342218012,70.3525085943141,70.3525085943141,1,FALSE,0.00901450662908069,0.00117474150862495,0,0.0213357910149647,0.393582285041933
"702","paid_search",3133.96546886086,144154.11974444,0.0287046682791055,1441.5411974444,0.0269965400404132,144154.11974444,0.0287046682791055,1441.5411974444,0.0269965400404132,TRUE,0.297445999778094,0.297445999778094,30128.9055146277,3012890.55146277,NA,NA,0.449729309418283,0.449729309418283,1,0.0244603198881583,NA,NA,0.200744949215805,NA,NA,0.200744949215805,0.534237182504649,0,175.080084958575,0.002054684687,81263.2971590817,1e-04,"2_460_1",2,460,1,460,4,1441.5411974444,34076.0828617204,3947.17734709267,0.0478457870547114,0.0478457870547114,20.9004817677365,20.9004817677365,1,FALSE,0.0451868104709462,0.000917106508762594,0.0355764274015731,0.0548386488444613,0.0482445884871495
"703","social",0,0,0,0,0,0,0,0,0,TRUE,0.162751814066573,0.162751814066573,16485.459653195,1648545.9653195,NA,NA,0,0,1,0.0244603198881583,NA,NA,0.200744949215805,NA,NA,0.200744949215805,0.534237182504649,0,175.080084958575,0.002054684687,81263.2971590817,1e-04,"2_460_1",2,460,1,460,4,0,49207.2268591351,32721.7672059401,0,0,Inf,Inf,1,FALSE,0,0,0,0,NA
"704","display",2428.34127078288,110361.746702988,0.0219757668766462,1103.61746702988,0.0206680552666764,110361.746702988,0.0219757668766462,1103.61746702988,0.0206680552666764,TRUE,0.0812633037835251,0.0812633037835251,8231.32401621435,823132.401621435,NA,NA,0.344304500065076,0.344304500065076,1,0.0244603198881583,NA,NA,0.200744949215805,NA,NA,0.200744949215805,0.534237182504649,0,175.080084958575,0.002054684687,81263.2971590817,1e-04,"2_460_1",2,460,1,460,4,1103.61746702988,10819.0360389245,2587.71202271014,0.134075327961327,0.134075327961327,7.45849378260291,7.45849378260291,1,FALSE,0.166415049189711,0.0197375384653568,0,0.373163785207741,0.0673692104310035
"705","(Intercept)",44697.1363394544,4469713.63394544,0.890031081959058,44697.1363394544,0.834579659652733,4469713.63394544,0.890031081959058,44697.1363394544,0.834579659652733,TRUE,NA,NA,NA,NA,NA,NA,NA,NA,1,0.0308155502696374,NA,NA,0.200089996365108,NA,NA,0.200089996365108,0.917748183470154,0,260.984419896458,0.003111901527,81263.2971590817,1e-04,"2_461_1",2,461,1,461,4,NA,NA,NA,NA,NA,NA,NA,1,FALSE,NA,NA,NA,NA,NA
"706","competitors",-3323.11194797558,-333671.760527256,-0.0664423411347524,0,0,-333671.760527256,-0.0664423411347524,0,0,FALSE,NA,NA,NA,NA,NA,NA,NA,NA,1,0.0308155502696374,NA,NA,0.200089996365108,NA,NA,0.200089996365108,0.917748183470154,0,260.984419896458,0.003111901527,81263.2971590817,1e-04,"2_461_1",2,461,1,461,4,NA,NA,NA,NA,NA,NA,NA,1,FALSE,NA,NA,NA,NA,NA
"707","season",1632.12967747301,-2.46892892496416,-4.91625115684691e-07,-0.0249386760097388,-4.65652018024822e-07,-2.46892892496416,-4.91625115684691e-07,-0.0249386760097388,-4.65652018024822e-07,FALSE,NA,NA,NA,NA,NA,NA,NA,NA,1,0.0308155502696374,NA,NA,0.200089996365108,NA,NA,0.200089996365108,0.917748183470154,0,260.984419896458,0.003111901527,81263.2971590817,1e-04,"2_461_1",2,461,1,461,4,NA,NA,NA,NA,NA,NA,NA,1,FALSE,NA,NA,NA,NA,NA
"708","trend",2544.0253570075,381603.803551125,0.0759868022807755,3816.03803551125,0.0712526122638337,381603.803551125,0.0759868022807755,3816.03803551125,0.0712526122638337,TRUE,NA,NA,NA,NA,NA,NA,NA,NA,1,0.0308155502696374,NA,NA,0.200089996365108,NA,NA,0.200089996365108,0.917748183470154,0,260.984419896458,0.003111901527,81263.2971590817,1e-04,"2_461_1",2,461,1,461,4,NA,NA,NA,NA,NA,NA,NA,1,FALSE,NA,NA,NA,NA,NA
"709","tv",568.846572650885,31535.5691779172,0.00627951565900228,315.355691779172,0.00588828429445255,31535.5691779172,0.00627951565900228,315.355691779172,0.00588828429445255,TRUE,0.458538882371808,0.458538882371808,46446.328651486,4644632.8651486,NA,NA,0.0625294386658263,0.0625294386658263,1,0.0308155502696374,NA,NA,0.200089996365108,NA,NA,0.200089996365108,0.917748183470154,0,260.984419896458,0.003111901527,81263.2971590817,1e-04,"2_461_1",2,461,1,461,4,315.355691779172,57983.5101965194,11537.1815450334,0.00678967963529413,0.00678967963529413,147.282354060094,147.282354060094,1,FALSE,0.00901450662908069,0.00117474150862495,0,0.0213357910149647,0.215467786054164
"710","paid_search",3213.74570413191,131576.298977606,0.026200111535073,1315.76298977606,0.024567771408247,131576.298977606,0.026200111535073,1315.76298977606,0.024567771408247,TRUE,0.297445999778094,0.297445999778094,30128.9055146277,3012890.55146277,NA,NA,0.260892456717029,0.260892456717029,1,0.0308155502696374,NA,NA,0.200089996365108,NA,NA,0.200089996365108,0.917748183470154,0,260.984419896458,0.003111901527,81263.2971590817,1e-04,"2_461_1",2,461,1,461,4,1315.76298977606,35027.2061611258,4898.30064649815,0.0436711180609349,0.0436711180609349,22.8984290854355,22.8984290854355,1,FALSE,0.0451868104709462,0.000917106508762594,0.0355764274015731,0.0548386488444613,0.0519723609655284
"711","social",0,0,0,0,0,0,0,0,0,TRUE,0.162751814066573,0.162751814066573,16485.459653195,1648545.9653195,NA,NA,0,0,1,0.0308155502696374,NA,NA,0.200089996365108,NA,NA,0.200089996365108,0.917748183470154,0,260.984419896458,0.003111901527,81263.2971590817,1e-04,"2_461_1",2,461,1,461,4,0,69622.5380362072,53137.0783830122,0,0,Inf,Inf,1,FALSE,0,0,0,0,NA
"712","display",4152.79124646924,341219.689120268,0.0679453213259595,3412.19689120268,0.0637121380327517,341219.689120268,0.0679453213259595,3412.19689120268,0.0637121380327517,TRUE,0.0812633037835251,0.0812633037835251,8231.32401621435,823132.401621435,NA,NA,0.676578104617145,0.676578104617145,1,0.0308155502696374,NA,NA,0.200089996365108,NA,NA,0.200089996365108,0.917748183470154,0,260.984419896458,0.003111901527,81263.2971590817,1e-04,"2_461_1",2,461,1,461,4,3412.19689120268,10652.6299866688,2421.30597045446,0.41453803598075,0.41453803598075,2.41232387188334,2.41232387188334,1,FALSE,0.166415049189711,0.0197375384653568,0,0.373163785207741,0.240225576930076
"713","(Intercept)",45354.7378598585,4535473.78598586,0.903125562738726,45354.7378598585,0.849089638757813,4535473.78598586,0.903125562738726,45354.7378598585,0.849089638757813,TRUE,NA,NA,NA,NA,NA,NA,NA,NA,1,0.0244270180007989,NA,NA,0.20074837559034,NA,NA,0.20074837559034,0.722372358019201,0,340.661228208683,0.004092476763,81263.2971590817,1e-04,"2_462_1",2,462,1,462,5,NA,NA,NA,NA,NA,NA,NA,2,FALSE,NA,NA,NA,NA,NA
"714","competitors",-3182.94488342977,-319597.666146105,-0.0636398391233221,0,0,-319597.666146105,-0.0636398391233221,0,0,FALSE,NA,NA,NA,NA,NA,NA,NA,NA,1,0.0244270180007989,NA,NA,0.20074837559034,NA,NA,0.20074837559034,0.722372358019201,0,340.661228208683,0.004092476763,81263.2971590817,1e-04,"2_462_1",2,462,1,462,5,NA,NA,NA,NA,NA,NA,NA,2,FALSE,NA,NA,NA,NA,NA
"715","season",1560.29151230798,-2.36025905250174,-4.699862430219e-07,-0.0238410005303203,-4.46329258708621e-07,-2.36025905250174,-4.699862430219e-07,-0.0238410005303203,-4.46329258708621e-07,FALSE,NA,NA,NA,NA,NA,NA,NA,NA,1,0.0244270180007989,NA,NA,0.20074837559034,NA,NA,0.20074837559034,0.722372358019201,0,340.661228208683,0.004092476763,81263.2971590817,1e-04,"2_462_1",2,462,1,462,5,NA,NA,NA,NA,NA,NA,NA,2,FALSE,NA,NA,NA,NA,NA
"716","trend",2324.32817594339,348649.226391509,0.069424726862314,3486.49226391509,0.0652708977405344,348649.226391509,0.069424726862314,3486.49226391509,0.0652708977405344,TRUE,NA,NA,NA,NA,NA,NA,NA,NA,1,0.0244270180007989,NA,NA,0.20074837559034,NA,NA,0.20074837559034,0.722372358019201,0,340.661228208683,0.004092476763,81263.2971590817,1e-04,"2_462_1",2,462,1,462,5,NA,NA,NA,NA,NA,NA,NA,2,FALSE,NA,NA,NA,NA,NA
"717","tv",761.491164430516,57766.4967820602,0.0115027453305858,577.664967820602,0.0108145116032949,57766.4967820602,0.0115027453305858,577.664967820602,0.0108145116032949,TRUE,0.458538882371808,0.458538882371808,46446.328651486,4644632.8651486,NA,NA,0.126278876573401,0.126278876573401,1,0.0244270180007989,NA,NA,0.20074837559034,NA,NA,0.20074837559034,0.722372358019201,0,340.661228208683,0.004092476763,81263.2971590817,1e-04,"2_462_1",2,462,1,462,5,577.664967820602,58517.8518556691,12071.5232041831,0.0124372578972853,0.0124372578972853,80.4035751496535,80.4035751496535,2,FALSE,0.0299280646716883,0.0145101661480368,0,0.177834679326039,0.407943067393911
"718","paid_search",3625.72690210697,160962.666737332,0.0320516677720099,1609.62666737332,0.0301339482935161,160962.666737332,0.0320516677720099,1609.62666737332,0.0301339482935161,TRUE,0.297445999778094,0.297445999778094,30128.9055146277,3012890.55146277,NA,NA,0.351868052558822,0.351868052558822,1,0.0244270180007989,NA,NA,0.20074837559034,NA,NA,0.20074837559034,0.722372358019201,0,340.661228208683,0.004092476763,81263.2971590817,1e-04,"2_462_1",2,462,1,462,5,1609.62666737332,37739.3570523973,7610.45153776963,0.0534246644502848,0.0534246644502848,18.7179462948348,18.7179462948348,2,FALSE,0.0503426058359058,0.00170735272801891,0.03304911803773,0.0676548057722503,0.165514356581884
"719","social",0,0,0,0,0,0,0,0,0,TRUE,0.162751814066573,0.162751814066573,16485.459653195,1648545.9653195,NA,NA,0,0,1,0.0244270180007989,NA,NA,0.20074837559034,NA,NA,0.20074837559034,0.722372358019201,0,340.661228208683,0.004092476763,81263.2971590817,1e-04,"2_462_1",2,462,1,462,5,0,27866.0741923099,11380.6145391149,0,0,Inf,Inf,2,FALSE,0,0,0,0,NA
"720","display",3316.56194236382,238722.615824581,0.0475356064059297,2387.22615824581,0.0446914499341009,238722.615824581,0.0475356064059297,2387.22615824581,0.0446914499341009,TRUE,0.0812633037835251,0.0812633037835251,8231.32401621435,823132.401621435,NA,NA,0.521853070867777,0.521853070867777,1,0.0244270180007989,NA,NA,0.20074837559034,NA,NA,0.20074837559034,0.722372358019201,0,340.661228208683,0.004092476763,81263.2971590817,1e-04,"2_462_1",2,462,1,462,5,2387.22615824581,11510.9703639334,3279.64634771902,0.290017274686718,0.290017274686718,3.44807046780306,3.44807046780306,2,FALSE,0.222847348692917,0.0338030734868356,0,0.565510115981625,0.256728209022648
"721","(Intercept)",46179.1195879423,4617911.95879423,0.919541051995607,46179.1195879423,0.862797348077593,4617911.95879423,0.919541051995607,46179.1195879423,0.862797348077593,TRUE,NA,NA,NA,NA,NA,NA,NA,NA,1,0.0265889212609062,NA,NA,0.200525819573835,NA,NA,0.200525819573835,0.62409341156329,0,45.1851078532883,0.0004560790133,81263.2971590817,1e-04,"2_464_1",2,464,1,464,2,NA,NA,NA,NA,NA,NA,NA,1,FALSE,NA,NA,NA,NA,NA
"722","competitors",-3289.34149596905,-330280.888852985,-0.0657671343022351,0,0,-330280.888852985,-0.0657671343022351,0,0,FALSE,NA,NA,NA,NA,NA,NA,NA,NA,1,0.0265889212609062,NA,NA,0.200525819573835,NA,NA,0.200525819573835,0.62409341156329,0,45.1851078532883,0.0004560790133,81263.2971590817,1e-04,"2_464_1",2,464,1,464,2,NA,NA,NA,NA,NA,NA,NA,1,FALSE,NA,NA,NA,NA,NA
"723","season",1961.27106752719,-2.96682238865465,-5.90768079749175e-07,-0.0299679029157033,-5.59911652578729e-07,-2.96682238865465,-5.90768079749175e-07,-0.0299679029157033,-5.59911652578729e-07,FALSE,NA,NA,NA,NA,NA,NA,NA,NA,1,0.0265889212609062,NA,NA,0.200525819573835,NA,NA,0.200525819573835,0.62409341156329,0,45.1851078532883,0.0004560790133,81263.2971590817,1e-04,"2_464_1",2,464,1,464,2,NA,NA,NA,NA,NA,NA,NA,1,FALSE,NA,NA,NA,NA,NA
"724","trend",3194.04290287973,479106.43543196,0.0954019997752409,4791.0643543196,0.0895148642126858,479106.43543196,0.0954019997752409,4791.0643543196,0.0895148642126858,TRUE,NA,NA,NA,NA,NA,NA,NA,NA,1,0.0265889212609062,NA,NA,0.200525819573835,NA,NA,0.200525819573835,0.62409341156329,0,45.1851078532883,0.0004560790133,81263.2971590817,1e-04,"2_464_1",2,464,1,464,2,NA,NA,NA,NA,NA,NA,NA,1,FALSE,NA,NA,NA,NA,NA
"725","tv",630.798354492431,35243.6848664866,0.00701789366005859,352.436848664866,0.00658482840526627,35243.6848664866,0.00701789366005859,352.436848664866,0.00658482840526627,TRUE,0.458538882371808,0.458538882371808,46446.328651486,4644632.8651486,NA,NA,0.138080448027831,0.138080448027831,1,0.0265889212609062,NA,NA,0.200525819573835,NA,NA,0.200525819573835,0.62409341156329,0,45.1851078532883,0.0004560790133,81263.2971590817,1e-04,"2_464_1",2,464,1,464,2,352.436848664866,51845.9240229393,5399.59537145332,0.00758804536111792,0.00758804536111792,131.786244336931,131.786244336931,1,FALSE,0.00901450662908069,0.00117474150862495,0,0.0213357910149647,0.078487087475776
"726","paid_search",3886.26875654176,127145.394747515,0.0253178083700526,1271.45394747515,0.0237554787504174,127145.394747515,0.0253178083700526,1271.45394747515,0.0237554787504174,TRUE,0.297445999778094,0.297445999778094,30128.9055146277,3012890.55146277,NA,NA,0.498140110431718,0.498140110431718,1,0.0265889212609062,NA,NA,0.200525819573835,NA,NA,0.200525819573835,0.62409341156329,0,45.1851078532883,0.0004560790133,81263.2971590817,1e-04,"2_464_1",2,464,1,464,2,1271.45394747515,38447.3162804156,8318.41076578789,0.0422004691427591,0.0422004691427591,23.6964190283554,23.6964190283554,1,FALSE,0.0451868104709462,0.000917106508762594,0.0355764274015731,0.0548386488444613,0.0627929569990083
"727","social",0,0,0,0,0,0,0,0,0,TRUE,0.162751814066573,0.162751814066573,16485.459653195,1648545.9653195,NA,NA,0,0,1,0.0265889212609062,NA,NA,0.200525819573835,NA,NA,0.200525819573835,0.62409341156329,0,45.1851078532883,0.0004560790133,81263.2971590817,1e-04,"2_464_1",2,464,1,464,2,0,51452.2958897851,34966.8362365902,0,0,Inf,Inf,1,FALSE,0,0,0,0,NA
"728","display",2139.78998566044,92851.1471513617,0.018488971269356,928.511471513617,0.0173480404656903,92851.1471513617,0.018488971269356,928.511471513617,0.0173480404656903,TRUE,0.0812633037835251,0.0812633037835251,8231.32401621435,823132.401621435,NA,NA,0.36377944154045,0.36377944154045,1,0.0265889212609062,NA,NA,0.200525819573835,NA,NA,0.200525819573835,0.62409341156329,0,45.1851078532883,0.0004560790133,81263.2971590817,1e-04,"2_464_1",2,464,1,464,2,928.511471513617,10918.9678125634,2687.6437963491,0.1128022016488,0.1128022016488,8.86507519696662,8.86507519696662,1,FALSE,0.166415049189711,0.0197375384653568,0,0.373163785207741,0.0450023619924823
"729","(Intercept)",46819.4795171344,4681947.95171344,0.932292209839224,46819.4795171344,0.878455853742339,4681947.95171344,0.932292209839224,46819.4795171344,0.878455853742339,TRUE,NA,NA,NA,NA,NA,NA,NA,NA,1,0.0249414549827767,NA,NA,0.200695439516712,NA,NA,0.200695439516712,0.636022030947499,0,258.983201570073,0.003087272715,81263.2971590817,1e-04,"2_466_1",2,466,1,466,3,NA,NA,NA,NA,NA,NA,NA,1,FALSE,NA,NA,NA,NA,NA
"730","competitors",-3065.17869373356,-307772.830732282,-0.0612852204789812,0,0,-307772.830732282,-0.0612852204789812,0,0,FALSE,NA,NA,NA,NA,NA,NA,NA,NA,1,0.0249414549827767,NA,NA,0.200695439516712,NA,NA,0.200695439516712,0.636022030947499,0,258.983201570073,0.003087272715,81263.2971590817,1e-04,"2_466_1",2,466,1,466,3,NA,NA,NA,NA,NA,NA,NA,1,FALSE,NA,NA,NA,NA,NA
"731","season",1713.85436331809,-2.59255417579531,-5.16241975905684e-07,-0.026187415917124,-4.91344394342615e-07,-2.59255417579531,-5.16241975905684e-07,-0.026187415917124,-4.91344394342615e-07,FALSE,NA,NA,NA,NA,NA,NA,NA,NA,1,0.0249414549827767,NA,NA,0.200695439516712,NA,NA,0.200695439516712,0.636022030947499,0,258.983201570073,0.003087272715,81263.2971590817,1e-04,"2_466_1",2,466,1,466,3,NA,NA,NA,NA,NA,NA,NA,1,FALSE,NA,NA,NA,NA,NA
"732","trend",2635.51980087554,395327.97013133,0.0787196249693702,3953.2797013133,0.0741738637617386,395327.97013133,0.0787196249693702,3953.2797013133,0.0741738637617386,TRUE,NA,NA,NA,NA,NA,NA,NA,NA,1,0.0249414549827767,NA,NA,0.200695439516712,NA,NA,0.200695439516712,0.636022030947499,0,258.983201570073,0.003087272715,81263.2971590817,1e-04,"2_466_1",2,466,1,466,3,NA,NA,NA,NA,NA,NA,NA,1,FALSE,NA,NA,NA,NA,NA
"733","tv",517.035830067299,32346.8483032024,0.00644106149768075,323.468483032024,0.00606911450855931,32346.8483032024,0.00644106149768075,323.468483032024,0.00606911450855931,TRUE,0.458538882371808,0.458538882371808,46446.328651486,4644632.8651486,NA,NA,0.128119387051134,0.128119387051134,1,0.0249414549827767,NA,NA,0.200695439516712,NA,NA,0.200695439516712,0.636022030947499,0,258.983201570073,0.003087272715,81263.2971590817,1e-04,"2_466_1",2,466,1,466,3,323.468483032024,53731.6496538765,7285.32100239052,0.00696434987271432,0.00696434987271432,143.588420782521,143.588420782521,1,FALSE,0.00901450662908069,0.00117474150862495,0,0.0213357910149647,0.248351910215496
"734","paid_search",3531.5276865901,130165.768253736,0.0259192398083548,1301.65768253736,0.0244225015439389,130165.768253736,0.0259192398083548,1301.65768253736,0.0244225015439389,TRUE,0.297445999778094,0.297445999778094,30128.9055146277,3012890.55146277,NA,NA,0.515560535833026,0.515560535833026,1,0.0249414549827767,NA,NA,0.200695439516712,NA,NA,0.200695439516712,0.636022030947499,0,258.983201570073,0.003087272715,81263.2971590817,1e-04,"2_466_1",2,466,1,466,3,1301.65768253736,34523.728353448,4394.82283882028,0.0432029527891547,0.0432029527891547,23.146566043306,23.146566043306,1,FALSE,0.0451868104709462,0.000917106508762594,0.0355764274015731,0.0548386488444613,0.0380140266158982
"735","social",0,0,0,0,0,0,0,0,0,TRUE,0.162751814066573,0.162751814066573,16485.459653195,1648545.9653195,NA,NA,0,0,1,0.0249414549827767,NA,NA,0.200695439516712,NA,NA,0.200695439516712,0.636022030947499,0,258.983201570073,0.003087272715,81263.2971590817,1e-04,"2_466_1",2,466,1,466,3,0,69908.7163078949,53423.2566546999,0,0,Inf,Inf,1,FALSE,0,0,0,0,NA
"736","display",2152.99834778744,89961.6502009285,0.0179136006063273,899.616502009285,0.0168791577878188,89961.6502009285,0.0179136006063273,899.616502009285,0.0168791577878188,TRUE,0.0812633037835251,0.0812633037835251,8231.32401621435,823132.401621435,NA,NA,0.35632007711584,0.35632007711584,1,0.0249414549827767,NA,NA,0.200695439516712,NA,NA,0.200695439516712,0.636022030947499,0,258.983201570073,0.003087272715,81263.2971590817,1e-04,"2_466_1",2,466,1,466,3,899.616502009285,10406.7210507075,2175.39703449315,0.109291834489468,0.109291834489468,9.14981439072067,9.14981439072067,1,FALSE,0.166415049189711,0.0197375384653568,0,0.373163785207741,0.0286314518513216
"737","(Intercept)",45399.8658352065,4539986.58352065,0.90402417289622,45399.8658352065,0.851404618154639,4539986.58352065,0.90402417289622,45399.8658352065,0.851404618154639,TRUE,NA,NA,NA,NA,NA,NA,NA,NA,1,0.0139590940825841,NA,NA,0.201822519571915,NA,NA,0.201822519571915,0.507466595539643,0,208.078331571833,0.002460791108,81263.2971590817,1e-04,"2_468_1",2,468,1,468,6,NA,NA,NA,NA,NA,NA,NA,3,FALSE,NA,NA,NA,NA,NA
"738","competitors",-3091.0871578674,-310374.284723431,-0.0618032346293341,0,0,-310374.284723431,-0.0618032346293341,0,0,FALSE,NA,NA,NA,NA,NA,NA,NA,NA,1,0.0139590940825841,NA,NA,0.201822519571915,NA,NA,0.201822519571915,0.507466595539643,0,208.078331571833,0.002460791108,81263.2971590817,1e-04,"2_468_1",2,468,1,468,6,NA,NA,NA,NA,NA,NA,NA,3,FALSE,NA,NA,NA,NA,NA
"739","season",1790.68318770495,-2.70877343791444,-5.39384119693779e-07,-0.0273613478577221,-5.13119972855403e-07,-2.70877343791444,-5.39384119693779e-07,-0.0273613478577221,-5.13119972855403e-07,FALSE,NA,NA,NA,NA,NA,NA,NA,NA,1,0.0139590940825841,NA,NA,0.201822519571915,NA,NA,0.201822519571915,0.507466595539643,0,208.078331571833,0.002460791108,81263.2971590817,1e-04,"2_468_1",2,468,1,468,6,NA,NA,NA,NA,NA,NA,NA,3,FALSE,NA,NA,NA,NA,NA
"740","trend",2831.35777033981,424703.665550971,0.0845690560781287,4247.03665550971,0.0796466367345281,424703.665550971,0.0845690560781287,4247.03665550971,0.0796466367345281,TRUE,NA,NA,NA,NA,NA,NA,NA,NA,1,0.0139590940825841,NA,NA,0.201822519571915,NA,NA,0.201822519571915,0.507466595539643,0,208.078331571833,0.002460791108,81263.2971590817,1e-04,"2_468_1",2,468,1,468,6,NA,NA,NA,NA,NA,NA,NA,3,FALSE,NA,NA,NA,NA,NA
"741","tv",1004.15140068165,81694.9861044677,0.0162675023117772,816.949861044677,0.01532063744459,81694.9861044677,0.0162675023117772,816.949861044677,0.01532063744459,TRUE,0.458538882371808,0.458538882371808,46446.328651486,4644632.8651486,NA,NA,0.222201628236588,0.222201628236588,1,0.0139590940825841,NA,NA,0.201822519571915,NA,NA,0.201822519571915,0.507466595539643,0,208.078331571833,0.002460791108,81263.2971590817,1e-04,"2_468_1",2,468,1,468,6,816.949861044677,54273.2023684542,7826.87371696823,0.017589115970279,0.017589115970279,56.8533405368263,56.8533405368263,3,FALSE,0.03559881205344,0.0048137479411895,0,0.0949683114842912,0.140796808582844
"742","paid_search",2426.17097056027,168882.411984555,0.0336286859007987,1688.82411984555,0.0316712974462672,168882.411984555,0.0336286859007987,1688.82411984555,0.0316712974462672,TRUE,0.297445999778094,0.297445999778094,30128.9055146277,3012890.55146277,NA,NA,0.459342105469043,0.459342105469043,1,0.0139590940825841,NA,NA,0.201822519571915,NA,NA,0.201822519571915,0.507466595539643,0,208.078331571833,0.002460791108,81263.2971590817,1e-04,"2_468_1",2,468,1,468,6,1688.82411984555,43359.4114342647,13230.505919637,0.0560532847443005,0.0560532847443005,17.8401677004608,17.8401677004608,3,FALSE,0.050863949674026,0.0030520423666056,0.0133192347870684,0.0886217523500738,0.338773785183047
"743","social",0,0,0,0,0,0,0,0,0,TRUE,0.162751814066573,0.162751814066573,16485.459653195,1648545.9653195,NA,NA,0,0,1,0.0139590940825841,NA,NA,0.201822519571915,NA,NA,0.201822519571915,0.507466595539643,0,208.078331571833,0.002460791108,81263.2971590817,1e-04,"2_468_1",2,468,1,468,6,0,32579.1778876992,16093.7182345042,0,0,Inf,Inf,3,FALSE,0,0,0,0,NA
"744","display",3402.00613511535,117084.111652406,0.0233143568265291,1170.84111652406,0.0219573233399487,117084.111652406,0.0233143568265291,1170.84111652406,0.0219573233399487,TRUE,0.0812633037835251,0.0812633037835251,8231.32401621435,823132.401621435,NA,NA,0.318456266294369,0.318456266294369,1,0.0139590940825841,NA,NA,0.201822519571915,NA,NA,0.201822519571915,0.507466595539643,0,208.078331571833,0.002460791108,81263.2971590817,1e-04,"2_468_1",2,468,1,468,6,1170.84111652406,11475.0401340582,3243.71611784385,0.142242136771399,0.142242136771399,7.03026559286807,7.03026559286807,3,FALSE,0.11716472045816,0.00898151402797058,0.00659233408612599,0.228191688418101,0.178165813409602
"745","(Intercept)",45997.4501468073,4599745.01468073,0.915923561872206,45997.4501468073,0.860435782146593,4599745.01468073,0.915923561872206,45997.4501468073,0.860435782146593,TRUE,NA,NA,NA,NA,NA,NA,NA,NA,1,0.0268259273068928,NA,NA,0.200501406083018,NA,NA,0.200501406083018,0.661247484543616,0,121.951254434321,0.001400833,81263.2971590817,1e-04,"2_469_1",2,469,1,469,2,NA,NA,NA,NA,NA,NA,NA,1,FALSE,NA,NA,NA,NA,NA
"746","competitors",-3225.36573454506,-323857.119422522,-0.0644880021419486,0,0,-323857.119422522,-0.0644880021419486,0,0,FALSE,NA,NA,NA,NA,NA,NA,NA,NA,1,0.0268259273068928,NA,NA,0.200501406083018,NA,NA,0.200501406083018,0.661247484543616,0,121.951254434321,0.001400833,81263.2971590817,1e-04,"2_469_1",2,469,1,469,2,NA,NA,NA,NA,NA,NA,NA,1,FALSE,NA,NA,NA,NA,NA
"747","season",1847.41910518748,-2.79459808144152,-5.56473939443536e-07,-0.0282282634489037,-5.28042486306894e-07,-2.79459808144152,-5.56473939443536e-07,-0.0282282634489037,-5.28042486306894e-07,FALSE,NA,NA,NA,NA,NA,NA,NA,NA,1,0.0268259273068928,NA,NA,0.200501406083018,NA,NA,0.200501406083018,0.661247484543616,0,121.951254434321,0.001400833,81263.2971590817,1e-04,"2_469_1",2,469,1,469,2,NA,NA,NA,NA,NA,NA,NA,1,FALSE,NA,NA,NA,NA,NA
"748","trend",2947.5100692821,442126.510392315,0.088038377541405,4421.26510392315,0.082704903981196,442126.510392315,0.088038377541405,4421.26510392315,0.082704903981196,TRUE,NA,NA,NA,NA,NA,NA,NA,NA,1,0.0268259273068928,NA,NA,0.200501406083018,NA,NA,0.200501406083018,0.661247484543616,0,121.951254434321,0.001400833,81263.2971590817,1e-04,"2_469_1",2,469,1,469,2,NA,NA,NA,NA,NA,NA,NA,1,FALSE,NA,NA,NA,NA,NA
"749","tv",529.583818413767,37611.8967665738,0.0074894635127076,376.118967665738,0.00703574257031075,37611.8967665738,0.0074894635127076,376.118967665738,0.00703574257031075,TRUE,0.458538882371808,0.458538882371808,46446.328651486,4644632.8651486,NA,NA,0.12373834209504,0.12373834209504,1,0.0268259273068928,NA,NA,0.200501406083018,NA,NA,0.200501406083018,0.661247484543616,0,121.951254434321,0.001400833,81263.2971590817,1e-04,"2_469_1",2,469,1,469,2,376.118967665738,65836.2556971924,19389.9270457064,0.00809792675946423,0.00809792675946423,123.488397673056,123.488397673056,1,FALSE,0.00901450662908069,0.00117474150862495,0,0.0213357910149647,0.300458034206023
"750","paid_search",3468.13323190033,137614.401803193,0.0274024478883515,1376.14401803193,0.0257423737777309,137614.401803193,0.0274024478883515,1376.14401803193,0.0257423737777309,TRUE,0.297445999778094,0.297445999778094,30128.9055146277,3012890.55146277,NA,NA,0.452733826034025,0.452733826034025,1,0.0268259273068928,NA,NA,0.200501406083018,NA,NA,0.200501406083018,0.661247484543616,0,121.951254434321,0.001400833,81263.2971590817,1e-04,"2_469_1",2,469,1,469,2,1376.14401803193,35553.1067170653,5424.20120243764,0.0456752077291293,0.0456752077291292,21.893715425015,21.893715425015,1,FALSE,0.0451868104709462,0.000917106508762594,0.0355764274015731,0.0548386488444613,0.0597178891845199
"751","social",0,0,0,0,0,0,0,0,0,TRUE,0.162751814066573,0.162751814066573,16485.459653195,1648545.9653195,NA,NA,0,0,1,0.0268259273068928,NA,NA,0.200501406083018,NA,NA,0.200501406083018,0.661247484543616,0,121.951254434321,0.001400833,81263.2971590817,1e-04,"2_469_1",2,469,1,469,2,0,69121.6044002374,52636.1447470424,0,0,Inf,Inf,1,FALSE,0,0,0,0,NA
"752","display",2600.24125583198,128736.855693972,0.0256347078012182,1287.36855693972,0.0240817255666561,128736.855693972,0.0256347078012182,1287.36855693972,0.0240817255666561,TRUE,0.0812633037835251,0.0812633037835251,8231.32401621435,823132.401621435,NA,NA,0.423527831870935,0.423527831870935,1,0.0268259273068928,NA,NA,0.200501406083018,NA,NA,0.200501406083018,0.661247484543616,0,121.951254434321,0.001400833,81263.2971590817,1e-04,"2_469_1",2,469,1,469,2,1287.36855693972,10728.4119078007,2497.08789158635,0.156398722052955,0.156398722052955,6.39391413736368,6.39391413736368,1,FALSE,0.166415049189711,0.0197375384653568,0,0.373163785207741,0.0850276012781952
"753","(Intercept)",28965.8889970476,2896588.89970476,0.57678284640333,28965.8889970476,0.541733638954117,2896588.89970476,0.57678284640333,28965.8889970476,0.541733638954117,TRUE,NA,NA,NA,NA,NA,NA,NA,NA,1,0.0232483674727718,NA,NA,0.2008696072972,NA,NA,0.2008696072972,0.649734544234766,0,54.8820842171892,0.0005754188198,81263.2971590817,1e-04,"2_474_1",2,474,1,474,6,NA,NA,NA,NA,NA,NA,NA,2,FALSE,NA,NA,NA,NA,NA
"754","competitors",-3235.88057153084,-324912.908160196,-0.0646982359218883,0,0,-324912.908160196,-0.0646982359218883,0,0,FALSE,NA,NA,NA,NA,NA,NA,NA,NA,1,0.0232483674727718,NA,NA,0.2008696072972,NA,NA,0.2008696072972,0.649734544234766,0,54.8820842171892,0.0005754188198,81263.2971590817,1e-04,"2_474_1",2,474,1,474,6,NA,NA,NA,NA,NA,NA,NA,2,FALSE,NA,NA,NA,NA,NA
"755","season",2020.69467900461,-3.05671271736254,-6.08667478473498e-07,-0.0308758860339654,-5.77455299190629e-07,-3.05671271736254,-6.08667478473498e-07,-0.0308758860339654,-5.77455299190629e-07,FALSE,NA,NA,NA,NA,NA,NA,NA,NA,1,0.0232483674727718,NA,NA,0.2008696072972,NA,NA,0.2008696072972,0.649734544234766,0,54.8820842171892,0.0005754188198,81263.2971590817,1e-04,"2_474_1",2,474,1,474,6,NA,NA,NA,NA,NA,NA,NA,2,FALSE,NA,NA,NA,NA,NA
"756","trend",3378.49936350841,506774.904526262,0.10091147968848,5067.74904526262,0.094779419056539,506774.904526262,0.10091147968848,5067.74904526262,0.094779419056539,TRUE,NA,NA,NA,NA,NA,NA,NA,NA,1,0.0232483674727718,NA,NA,0.2008696072972,NA,NA,0.2008696072972,0.649734544234766,0,54.8820842171892,0.0005754188198,81263.2971590817,1e-04,"2_474_1",2,474,1,474,6,NA,NA,NA,NA,NA,NA,NA,2,FALSE,NA,NA,NA,NA,NA
"757","tv",17409.6825534885,1732709.8593808,0.3450256005561,17327.098593808,0.324059523072021,1732709.8593808,0.3450256005561,17327.098593808,0.324059523072021,TRUE,0.458538882371808,0.458538882371808,46446.328651486,4644632.8651486,NA,NA,0.891528610300396,0.891528610300396,1,0.0232483674727718,NA,NA,0.2008696072972,NA,NA,0.2008696072972,0.649734544234766,0,54.8820842171892,0.0005754188198,81263.2971590817,1e-04,"2_474_1",2,474,1,474,6,17327.098593808,55199.2469434052,8752.91829191919,0.373056366280817,0.373056366280817,2.68056007184516,2.68056007184516,2,FALSE,0.0299280646716883,0.0145101661480368,0,0.177834679326039,0.848460641277285
"758","paid_search",2506.98348598572,122613.774411037,0.0244154501248907,1226.13774411037,0.0229318030613045,122613.774411037,0.0244154501248907,1226.13774411037,0.0229318030613045,TRUE,0.297445999778094,0.297445999778094,30128.9055146277,3012890.55146277,NA,NA,0.0630882818104484,0.0630882818104484,1,0.0232483674727718,NA,NA,0.2008696072972,NA,NA,0.2008696072972,0.649734544234766,0,54.8820842171892,0.0005754188198,81263.2971590817,1e-04,"2_474_1",2,474,1,474,6,1226.13774411037,30463.7688342953,334.863319667648,0.0406963918259518,0.0406963918259518,24.5722029676918,24.5722029676918,2,FALSE,0.0503426058359058,0.00170735272801891,0.03304911803773,0.0676548057722503,0.000103738597118679
"759","social",0,0,0,0,0,0,0,0,0,TRUE,0.162751814066573,0.162751814066573,16485.459653195,1648545.9653195,NA,NA,0,0,1,0.0232483674727718,NA,NA,0.2008696072972,NA,NA,0.2008696072972,0.649734544234766,0,54.8820842171892,0.0005754188198,81263.2971590817,1e-04,"2_474_1",2,474,1,474,6,0,30166.2383141692,13680.7786609742,0,0,Inf,Inf,2,FALSE,0,0,0,0,NA
"760","display",3248.20072269449,88203.2921662343,0.0175634678165654,882.032921662343,0.0164961933113179,88203.2921662343,0.0175634678165654,882.032921662343,0.0164961933113179,TRUE,0.0812633037835251,0.0812633037835251,8231.32401621435,823132.401621435,NA,NA,0.0453831078891558,0.0453831078891558,1,0.0232483674727718,NA,NA,0.2008696072972,NA,NA,0.2008696072972,0.649734544234766,0,54.8820842171892,0.0005754188198,81263.2971590817,1e-04,"2_474_1",2,474,1,474,6,882.032921662343,10574.8871906759,2343.56317446154,0.107155655630234,0.107155655630234,9.33221857603796,9.33221857603796,2,FALSE,0.222847348692917,0.0338030734868356,0,0.565510115981625,0.0848091268018432
"761","(Intercept)",42763.7604152625,4276376.04152625,0.851532761785395,42763.7604152625,0.800093763294624,4276376.04152625,0.851532761785395,42763.7604152625,0.800093763294624,TRUE,NA,NA,NA,NA,NA,NA,NA,NA,1,0.0148389373749865,NA,NA,0.201732456462672,NA,NA,0.201732456462672,0.249782541977509,0,122.627511400486,0.001409155633,81263.2971590817,1e-04,"2_475_1",2,475,1,475,1,NA,NA,NA,NA,NA,NA,NA,3,FALSE,NA,NA,NA,NA,NA
"762","competitors",-3215.52360623411,-322868.876976205,-0.0642912185075222,0,0,-322868.876976205,-0.0642912185075222,0,0,FALSE,NA,NA,NA,NA,NA,NA,NA,NA,1,0.0148389373749865,NA,NA,0.201732456462672,NA,NA,0.201732456462672,0.249782541977509,0,122.627511400486,0.001409155633,81263.2971590817,1e-04,"2_475_1",2,475,1,475,1,NA,NA,NA,NA,NA,NA,NA,3,FALSE,NA,NA,NA,NA,NA
"763","season",1836.91267943677,-2.778704970255,-5.53309225973392e-07,-0.028067726972272,-5.25136542771301e-07,-2.778704970255,-5.53309225973392e-07,-0.028067726972272,-5.25136542771301e-07,FALSE,NA,NA,NA,NA,NA,NA,NA,NA,1,0.0148389373749865,NA,NA,0.201732456462672,NA,NA,0.201732456462672,0.249782541977509,0,122.627511400486,0.001409155633,81263.2971590817,1e-04,"2_475_1",2,475,1,475,1,NA,NA,NA,NA,NA,NA,NA,3,FALSE,NA,NA,NA,NA,NA
"764","trend",2907.92731686511,436189.097529766,0.0868560910624775,4361.89097529766,0.0816093283569422,436189.097529766,0.0868560910624775,4361.89097529766,0.0816093283569422,TRUE,NA,NA,NA,NA,NA,NA,NA,NA,1,0.0148389373749865,NA,NA,0.201732456462672,NA,NA,0.201732456462672,0.249782541977509,0,122.627511400486,0.001409155633,81263.2971590817,1e-04,"2_475_1",2,475,1,475,1,NA,NA,NA,NA,NA,NA,NA,3,FALSE,NA,NA,NA,NA,NA
"765","tv",3420.59520027324,317437.893518002,0.0632097747106096,3174.37893518002,0.0593914277815687,317437.893518002,0.0632097747106096,3174.37893518002,0.0593914277815687,TRUE,0.458538882371808,0.458538882371808,46446.328651486,4644632.8651486,NA,NA,0.502051701646692,0.502051701646692,1,0.0148389373749865,NA,NA,0.201732456462672,NA,NA,0.201732456462672,0.249782541977509,0,122.627511400486,0.001409155633,81263.2971590817,1e-04,"2_475_1",2,475,1,475,1,3174.37893518002,57234.3149154772,10787.9862639912,0.0683450991142755,0.0683450991142755,14.6316270363141,14.6316270363141,3,FALSE,0.03559881205344,0.0048137479411895,0,0.0949683114842912,0.567895322684751
"766","paid_search",3075.85636030031,195974.858050649,0.0390234653117201,1959.74858050649,0.0366661538102043,195974.858050649,0.0390234653117201,1959.74858050649,0.0366661538102043,TRUE,0.297445999778094,0.297445999778094,30128.9055146277,3012890.55146277,NA,NA,0.309948852904411,0.309948852904411,1,0.0148389373749865,NA,NA,0.201732456462672,NA,NA,0.201732456462672,0.249782541977509,0,122.627511400486,0.001409155633,81263.2971590817,1e-04,"2_475_1",2,475,1,475,1,1959.74858050649,59144.249210961,29015.3436963334,0.0650454620581896,0.0650454620581896,15.3738626547906,15.3738626547906,3,FALSE,0.050863949674026,0.0030520423666056,0.0133192347870684,0.0886217523500738,0.647383024531324
"767","social",0,0,0,0,0,0,0,0,0,TRUE,0.162751814066573,0.162751814066573,16485.459653195,1648545.9653195,NA,NA,0,0,1,0.0148389373749865,NA,NA,0.201732456462672,NA,NA,0.201732456462672,0.249782541977509,0,122.627511400486,0.001409155633,81263.2971590817,1e-04,"2_475_1",2,475,1,475,1,0,29426.57693252,12941.117279325,0,0,Inf,Inf,3,FALSE,0,0,0,0,NA
"768","display",2186.77873202692,118868.53037269,0.0236696789465461,1188.6853037269,0.0222398518932034,118868.53037269,0.0236696789465461,1188.6853037269,0.0222398518932034,TRUE,0.0812633037835251,0.0812633037835251,8231.32401621435,823132.401621435,NA,NA,0.187999445448897,0.187999445448897,1,0.0148389373749865,NA,NA,0.201732456462672,NA,NA,0.201732456462672,0.249782541977509,0,122.627511400486,0.001409155633,81263.2971590817,1e-04,"2_475_1",2,475,1,475,1,1188.6853037269,12548.3361545446,4317.01213833026,0.144409976011804,0.144409976011804,6.92472935469679,6.92472935469679,3,FALSE,0.11716472045816,0.00898151402797058,0.00659233408612599,0.228191688418101,0.128572482108371
"769","(Intercept)",45221.1279681854,4522112.79681854,0.900465057700032,45221.1279681854,0.84607827071046,4522112.79681854,0.900465057700032,45221.1279681854,0.84607827071046,TRUE,NA,NA,NA,NA,NA,NA,NA,NA,1,0.0227521402843568,NA,NA,0.200920625539932,NA,NA,0.200920625539932,0.440478400336129,0,84.1299799677679,0.0009353700137,81263.2971590817,1e-04,"2_477_1",2,477,1,477,1,NA,NA,NA,NA,NA,NA,NA,2,FALSE,NA,NA,NA,NA,NA
"770","competitors",-3215.01457777162,-322817.765720883,-0.0642810409861863,0,0,-322817.765720883,-0.0642810409861863,0,0,FALSE,NA,NA,NA,NA,NA,NA,NA,NA,1,0.0227521402843568,NA,NA,0.200920625539932,NA,NA,0.200920625539932,0.440478400336129,0,84.1299799677679,0.0009353700137,81263.2971590817,1e-04,"2_477_1",2,477,1,477,1,NA,NA,NA,NA,NA,NA,NA,2,FALSE,NA,NA,NA,NA,NA
"771","season",1945.20415375668,-2.94251790556607,-5.85928453063585e-07,-0.0297224030865254,-5.56100224269036e-07,-2.94251790556607,-5.85928453063585e-07,-0.0297224030865254,-5.56100224269036e-07,FALSE,NA,NA,NA,NA,NA,NA,NA,NA,1,0.0227521402843568,NA,NA,0.200920625539932,NA,NA,0.200920625539932,0.440478400336129,0,84.1299799677679,0.0009353700137,81263.2971590817,1e-04,"2_477_1",2,477,1,477,1,NA,NA,NA,NA,NA,NA,NA,2,FALSE,NA,NA,NA,NA,NA
"772","trend",3186.10809235311,477916.213852967,0.095164997075185,4779.16213852967,0.0894171689051378,477916.213852967,0.095164997075185,4779.16213852967,0.0894171689051378,TRUE,NA,NA,NA,NA,NA,NA,NA,NA,1,0.0227521402843568,NA,NA,0.200920625539932,NA,NA,0.200920625539932,0.440478400336129,0,84.1299799677679,0.0009353700137,81263.2971590817,1e-04,"2_477_1",2,477,1,477,1,NA,NA,NA,NA,NA,NA,NA,2,FALSE,NA,NA,NA,NA,NA
"773","tv",1034.3906664684,94499.9304731381,0.0188172850102301,944.999304731381,0.0176807482142467,94499.9304731381,0.0188172850102301,944.999304731381,0.0176807482142467,TRUE,0.458538882371808,0.458538882371808,46446.328651486,4644632.8651486,NA,NA,0.27409838440429,0.27409838440429,1,0.0227521402843568,NA,NA,0.200920625539932,NA,NA,0.200920625539932,0.440478400336129,0,84.1299799677679,0.0009353700137,81263.2971590817,1e-04,"2_477_1",2,477,1,477,1,944.999304731381,56737.9236374149,10291.5949859289,0.0203460495623296,0.0203460495623296,49.1495902895807,49.1495902895807,2,FALSE,0.0299280646716883,0.0145101661480368,0,0.177834679326039,0.186419132749968
"774","paid_search",2497.81671765137,148193.066722291,0.0295089230128699,1481.93066722291,0.0277266267466585,148193.066722291,0.0295089230128699,1481.93066722291,0.0277266267466585,TRUE,0.297445999778094,0.297445999778094,30128.9055146277,3012890.55146277,NA,NA,0.429836085223821,0.429836085223821,1,0.0227521402843568,NA,NA,0.200920625539932,NA,NA,0.200920625539932,0.440478400336129,0,84.1299799677679,0.0009353700137,81263.2971590817,1e-04,"2_477_1",2,477,1,477,1,1481.93066722291,33779.6481391144,3650.74262448674,0.0491863425474723,0.0491863425474723,20.3308469019596,20.3308469019596,2,FALSE,0.0503426058359058,0.00170735272801891,0.03304911803773,0.0676548057722503,0.0385648105183799
"775","social",0,0,0,0,0,0,0,0,0,TRUE,0.162751814066573,0.162751814066573,16485.459653195,1648545.9653195,NA,NA,0,0,1,0.0227521402843568,NA,NA,0.200920625539932,NA,NA,0.200920625539932,0.440478400336129,0,84.1299799677679,0.0009353700137,81263.2971590817,1e-04,"2_477_1",2,477,1,477,1,0,38602.3768342435,22116.9171810485,0,0,Inf,Inf,2,FALSE,0,0,0,0,NA
"776","display",2196.16452505268,102073.465688032,0.020325364116322,1020.73465688032,0.0190977415237215,102073.465688032,0.020325364116322,1020.73465688032,0.0190977415237215,TRUE,0.0812633037835251,0.0812633037835251,8231.32401621435,823132.401621435,NA,NA,0.29606553037189,0.29606553037189,1,0.0227521402843568,NA,NA,0.200920625539932,NA,NA,0.200920625539932,0.440478400336129,0,84.1299799677679,0.0009353700137,81263.2971590817,1e-04,"2_477_1",2,477,1,477,1,1020.73465688032,10735.4980902973,2504.17407408295,0.124006132533435,0.124006132533435,8.06411731073361,8.06411731073361,2,FALSE,0.222847348692917,0.0338030734868356,0,0.565510115981625,0.0409495133460316
"777","(Intercept)",43845.2670027041,4384526.70027041,0.873068246091508,43845.2670027041,0.82116306896429,4384526.70027041,0.873068246091508,43845.2670027041,0.82116306896429,TRUE,NA,NA,NA,NA,NA,NA,NA,NA,1,0.0187671994933643,NA,NA,0.201329857566051,NA,NA,0.201329857566051,0.35280383774771,0,132.270874099453,0.001527835621,81263.2971590817,1e-04,"2_478_1",2,478,1,478,2,NA,NA,NA,NA,NA,NA,NA,2,FALSE,NA,NA,NA,NA,NA
"778","competitors",-3161.4138460483,-317435.747058958,-0.0632093472972624,0,0,-317435.747058958,-0.0632093472972624,0,0,FALSE,NA,NA,NA,NA,NA,NA,NA,NA,1,0.0187671994933643,NA,NA,0.201329857566051,NA,NA,0.201329857566051,0.35280383774771,0,132.270874099453,0.001527835621,81263.2971590817,1e-04,"2_478_1",2,478,1,478,2,NA,NA,NA,NA,NA,NA,NA,2,FALSE,NA,NA,NA,NA,NA
"779","season",1795.75390539432,-2.71644393232925,-5.40911505786554e-07,-0.0274388275992847,-5.13892454545233e-07,-2.71644393232925,-5.40911505786554e-07,-0.0274388275992847,-5.13892454545233e-07,FALSE,NA,NA,NA,NA,NA,NA,NA,NA,1,0.0187671994933643,NA,NA,0.201329857566051,NA,NA,0.201329857566051,0.35280383774771,0,132.270874099453,0.001527835621,81263.2971590817,1e-04,"2_478_1",2,478,1,478,2,NA,NA,NA,NA,NA,NA,NA,2,FALSE,NA,NA,NA,NA,NA
"780","trend",2797.64589287478,419646.883931217,0.0835621251682647,4196.46883931217,0.0785942352840518,419646.883931217,0.0835621251682647,4196.46883931217,0.0785942352840518,TRUE,NA,NA,NA,NA,NA,NA,NA,NA,1,0.0187671994933643,NA,NA,0.201329857566051,NA,NA,0.201329857566051,0.35280383774771,0,132.270874099453,0.001527835621,81263.2971590817,1e-04,"2_478_1",2,478,1,478,2,NA,NA,NA,NA,NA,NA,NA,2,FALSE,NA,NA,NA,NA,NA
"781","tv",2528.12075049634,242781.033759233,0.0483437382911557,2427.81033759233,0.0454696327327097,242781.033759233,0.0483437382911557,2427.81033759233,0.0454696327327097,TRUE,0.458538882371808,0.458538882371808,46446.328651486,4644632.8651486,NA,NA,0.453593145053292,0.453593145053292,1,0.0187671994933643,NA,NA,0.201329857566051,NA,NA,0.201329857566051,0.35280383774771,0,132.270874099453,0.001527835621,81263.2971590817,1e-04,"2_478_1",2,478,1,478,2,2427.81033759233,59785.3704940587,13339.0418425728,0.0522713077240102,0.0522713077240102,19.1309543139795,19.1309543139795,2,FALSE,0.0299280646716883,0.0145101661480368,0,0.177834679326039,0.556149968373831
"782","paid_search",2332.52751250476,129258.321506205,0.0257385446057826,1292.58321506205,0.0242083506916863,129258.321506205,0.0257385446057826,1292.58321506205,0.0242083506916863,TRUE,0.297445999778094,0.297445999778094,30128.9055146277,3012890.55146277,NA,NA,0.241496164953533,0.241496164953533,1,0.0187671994933643,NA,NA,0.201329857566051,NA,NA,0.201329857566051,0.35280383774771,0,132.270874099453,0.001527835621,81263.2971590817,1e-04,"2_478_1",2,478,1,478,2,1292.58321506205,58955.2367341927,28826.331219565,0.0429017647001646,0.0429017647001647,23.3090644869478,23.3090644869478,2,FALSE,0.0503426058359058,0.00170735272801891,0.03304911803773,0.0676548057722503,0.415357765416334
"783","social",0,0,0,0,0,0,0,0,0,TRUE,0.162751814066573,0.162751814066573,16485.459653195,1648545.9653195,NA,NA,0,0,1,0.0187671994933643,NA,NA,0.201329857566051,NA,NA,0.201329857566051,0.35280383774771,0,132.270874099453,0.001527835621,81263.2971590817,1e-04,"2_478_1",2,478,1,478,2,0,48337.2725805553,31851.8129273603,0,0,Inf,Inf,2,FALSE,0,0,0,0,NA
"784","display",3130.42085282944,163200.289352007,0.0324972340520576,1632.00289352007,0.030565226219717,163200.289352007,0.0324972340520576,1632.00289352007,0.030565226219717,TRUE,0.0812633037835251,0.0812633037835251,8231.32401621435,823132.401621435,NA,NA,0.304910689993175,0.304910689993175,1,0.0187671994933643,NA,NA,0.201329857566051,NA,NA,0.201329857566051,0.35280383774771,0,132.270874099453,0.001527835621,81263.2971590817,1e-04,"2_478_1",2,478,1,478,2,1632.00289352007,10613.1271889954,2381.80317278108,0.198267361399611,0.198267361399611,5.04369449888669,5.04369449888669,2,FALSE,0.222847348692917,0.0338030734868356,0,0.565510115981625,0.149325732798719
"785","(Intercept)",47489.4626685169,4748946.26685169,0.945633239666967,47489.4626685169,0.89251027899174,4748946.26685169,0.945633239666967,47489.4626685169,0.89251027899174,TRUE,NA,NA,NA,NA,NA,NA,NA,NA,1,0.0317923877353641,NA,NA,0.199989135956363,NA,NA,0.199989135956363,1.0263493565833,0,373.421962057358,0.004495660136,81263.2971590817,1e-04,"2_479_1",2,479,1,479,3,NA,NA,NA,NA,NA,NA,NA,2,FALSE,NA,NA,NA,NA,NA
"786","competitors",-2976.93343958033,-298912.175487302,-0.0595208437827511,0,0,-298912.175487302,-0.0595208437827511,0,0,FALSE,NA,NA,NA,NA,NA,NA,NA,NA,1,0.0317923877353641,NA,NA,0.199989135956363,NA,NA,0.199989135956363,1.0263493565833,0,373.421962057358,0.004495660136,81263.2971590817,1e-04,"2_479_1",2,479,1,479,3,NA,NA,NA,NA,NA,NA,NA,2,FALSE,NA,NA,NA,NA,NA
"787","season",1552.22481188638,-2.34805652333145,-4.6755641616284e-07,-0.023717742659913,-4.45747918147888e-07,-2.34805652333145,-4.6755641616284e-07,-0.023717742659913,-4.45747918147888e-07,FALSE,NA,NA,NA,NA,NA,NA,NA,NA,1,0.0317923877353641,NA,NA,0.199989135956363,NA,NA,0.199989135956363,1.0263493565833,0,373.421962057358,0.004495660136,81263.2971590817,1e-04,"2_479_1",2,479,1,479,3,NA,NA,NA,NA,NA,NA,NA,2,FALSE,NA,NA,NA,NA,NA
"788","trend",2250.26530848986,337539.79627348,0.0672125631941976,3375.3979627348,0.063436754348155,337539.79627348,0.0672125631941976,3375.3979627348,0.063436754348155,TRUE,NA,NA,NA,NA,NA,NA,NA,NA,1,0.0317923877353641,NA,NA,0.199989135956363,NA,NA,0.199989135956363,1.0263493565833,0,373.421962057358,0.004495660136,81263.2971590817,1e-04,"2_479_1",2,479,1,479,3,NA,NA,NA,NA,NA,NA,NA,2,FALSE,NA,NA,NA,NA,NA
"789","tv",0,0,0,0,0,0,0,0,0,TRUE,0.458538882371808,0.458538882371808,46446.328651486,4644632.8651486,NA,NA,0,0,1,0.0317923877353641,NA,NA,0.199989135956363,NA,NA,0.199989135956363,1.0263493565833,0,373.421962057358,0.004495660136,81263.2971590817,1e-04,"2_479_1",2,479,1,479,3,0,64052.7198847634,17606.3912332774,0,0,Inf,Inf,2,FALSE,0.0299280646716883,0.0145101661480368,0,0.177834679326039,NA
"790","paid_search",3274.14307552058,110047.063507167,0.0219131056307166,1100.47063507167,0.0206820902646508,110047.063507167,0.0219131056307166,1100.47063507167,0.0206820902646508,TRUE,0.297445999778094,0.297445999778094,30128.9055146277,3012890.55146277,NA,NA,0.469477598536364,0.469477598536364,1,0.0317923877353641,NA,NA,0.199989135956363,NA,NA,0.199989135956363,1.0263493565833,0,373.421962057358,0.004495660136,81263.2971590817,1e-04,"2_479_1",2,479,1,479,3,1100.47063507167,36366.3090523839,6237.40353775622,0.0365254102754375,0.0365254102754375,27.378200339408,27.378200339408,2,FALSE,0.0503426058359058,0.00170735272801891,0.03304911803773,0.0676548057722503,0.0244386035296119
"791","social",0,0,0,0,0,0,0,0,0,TRUE,0.162751814066573,0.162751814066573,16485.459653195,1648545.9653195,NA,NA,0,0,1,0.0317923877353641,NA,NA,0.199989135956363,NA,NA,0.199989135956363,1.0263493565833,0,373.421962057358,0.004495660136,81263.2971590817,1e-04,"2_479_1",2,479,1,479,3,0,23917.9411822452,7432.48152905017,0,0,Inf,Inf,2,FALSE,0,0,0,0,NA
"792","display",2444.99405523592,124356.162227666,0.0247624028472865,1243.56162227666,0.0233713221433724,124356.162227666,0.0247624028472865,1243.56162227666,0.0233713221433724,TRUE,0.0812633037835251,0.0812633037835251,8231.32401621435,823132.401621435,NA,NA,0.530522401463636,0.530522401463636,1,0.0317923877353641,NA,NA,0.199989135956363,NA,NA,0.199989135956363,1.0263493565833,0,373.421962057358,0.004495660136,81263.2971590817,1e-04,"2_479_1",2,479,1,479,3,1243.56162227666,9181.44076397517,950.116747760818,0.151076742918521,0.151076742918521,6.61915249615436,6.61915249615436,2,FALSE,0.222847348692917,0.0338030734868356,0,0.565510115981625,0.0109119454173642
"793","(Intercept)",44452.621706755,4445262.1706755,0.885162187866077,44452.621706755,0.834650495948258,4445262.1706755,0.885162187866077,44452.621706755,0.834650495948258,TRUE,NA,NA,NA,NA,NA,NA,NA,NA,1,0.010282131813077,NA,NA,0.202198469115267,NA,NA,0.202198469115267,0.260470830258235,0,236.614532627973,0.00281198354,81263.2971590817,1e-04,"2_480_1",2,480,1,480,2,NA,NA,NA,NA,NA,NA,NA,3,FALSE,NA,NA,NA,NA,NA
"794","competitors",-3026.82521223937,-303921.779701542,-0.0605183804985542,0,0,-303921.779701542,-0.0605183804985542,0,0,FALSE,NA,NA,NA,NA,NA,NA,NA,NA,1,0.010282131813077,NA,NA,0.202198469115267,NA,NA,0.202198469115267,0.260470830258235,0,236.614532627973,0.00281198354,81263.2971590817,1e-04,"2_480_1",2,480,1,480,2,NA,NA,NA,NA,NA,NA,NA,3,FALSE,NA,NA,NA,NA,NA
"795","season",1724.46474218325,-2.60860453726269,-5.19438001815298e-07,-0.0263495407804316,-4.94743761694804e-07,-2.60860453726269,-5.19438001815298e-07,-0.0263495407804316,-4.94743761694804e-07,FALSE,NA,NA,NA,NA,NA,NA,NA,NA,1,0.010282131813077,NA,NA,0.202198469115267,NA,NA,0.202198469115267,0.260470830258235,0,236.614532627973,0.00281198354,81263.2971590817,1e-04,"2_480_1",2,480,1,480,2,NA,NA,NA,NA,NA,NA,NA,3,FALSE,NA,NA,NA,NA,NA
"796","trend",2620.2892415126,393043.386226889,0.0782647075292788,3930.43386226889,0.07379853980437,393043.386226889,0.0782647075292788,3930.43386226889,0.07379853980437,TRUE,NA,NA,NA,NA,NA,NA,NA,NA,1,0.010282131813077,NA,NA,0.202198469115267,NA,NA,0.202198469115267,0.260470830258235,0,236.614532627973,0.00281198354,81263.2971590817,1e-04,"2_480_1",2,480,1,480,2,NA,NA,NA,NA,NA,NA,NA,3,FALSE,NA,NA,NA,NA,NA
"797","tv",2842.93140433324,272818.255016829,0.0543248956368765,2728.18255016829,0.0512248508885882,272818.255016829,0.0543248956368765,2728.18255016829,0.0512248508885882,TRUE,0.458538882371808,0.458538882371808,46446.328651486,4644632.8651486,NA,NA,0.559519765747799,0.559519765747799,1,0.010282131813077,NA,NA,0.202198469115267,NA,NA,0.202198469115267,0.260470830258235,0,236.614532627973,0.00281198354,81263.2971590817,1e-04,"2_480_1",2,480,1,480,2,2728.18255016829,60806.1401694431,14359.8115179571,0.0587383896505457,0.0587383896505457,17.0246410558637,17.0246410558637,3,FALSE,0.03559881205344,0.0048137479411895,0,0.0949683114842912,0.681897066689275
"798","paid_search",2315.07916103608,136136.338810927,0.0271081288084402,1361.36338810927,0.0255612061431809,136136.338810927,0.0271081288084402,1361.36338810927,0.0255612061431809,TRUE,0.297445999778094,0.297445999778094,30128.9055146277,3012890.55146277,NA,NA,0.279200423727343,0.279200423727343,1,0.010282131813077,NA,NA,0.202198469115267,NA,NA,0.202198469115267,0.260470830258235,0,236.614532627973,0.00281198354,81263.2971590817,1e-04,"2_480_1",2,480,1,480,2,1361.36338810927,63984.5185419307,33855.613027303,0.0451846280127343,0.0451846280127343,22.1314204405572,22.1314204405572,3,FALSE,0.050863949674026,0.0030520423666056,0.0133192347870684,0.0886217523500738,0.521527344900747
"799","social",0,0,0,0,0,0,0,0,0,TRUE,0.162751814066573,0.162751814066573,16485.459653195,1648545.9653195,NA,NA,0,0,1,0.010282131813077,NA,NA,0.202198469115267,NA,NA,0.202198469115267,0.260470830258235,0,236.614532627973,0.00281198354,81263.2971590817,1e-04,"2_480_1",2,480,1,480,2,0,33167.2531880018,16681.7935348068,0,0,Inf,Inf,3,FALSE,0,0,0,0,NA
"800","display",2408.85249676856,78639.002892115,0.0156589800958834,786.39002892115,0.0147654019593644,78639.002892115,0.0156589800958834,786.39002892115,0.0147654019593644,TRUE,0.0812633037835251,0.0812633037835251,8231.32401621435,823132.401621435,NA,NA,0.161279810524858,0.161279810524858,1,0.010282131813077,NA,NA,0.202198469115267,NA,NA,0.202198469115267,0.260470830258235,0,236.614532627973,0.00281198354,81263.2971590817,1e-04,"2_480_1",2,480,1,480,2,786.39002892115,11691.9375445416,3460.61352832724,0.0955362742824959,0.0955362742824959,10.4672283644121,10.4672283644121,3,FALSE,0.11716472045816,0.00898151402797058,0.00659233408612599,0.228191688418101,0.0889181219103433
"801","(Intercept)",43963.7979050265,4396379.79050266,0.875428490972487,43963.7979050265,0.824876529335049,4396379.79050266,0.875428490972487,43963.7979050265,0.824876529335049,TRUE,NA,NA,NA,NA,NA,NA,NA,NA,1,0.0162475880070386,NA,NA,0.201588179441688,NA,NA,0.201588179441688,0.274508609469834,0,230.208724032,0.002733147836,81263.2971590817,1e-04,"2_485_1",2,485,1,485,1,NA,NA,NA,NA,NA,NA,NA,3,FALSE,NA,NA,NA,NA,NA
"802","competitors",-3065.13176273034,-307768.118417225,-0.0612842821399258,0,0,-307768.118417225,-0.0612842821399258,0,0,FALSE,NA,NA,NA,NA,NA,NA,NA,NA,1,0.0162475880070386,NA,NA,0.201588179441688,NA,NA,0.201588179441688,0.274508609469834,0,230.208724032,0.002733147836,81263.2971590817,1e-04,"2_485_1",2,485,1,485,1,NA,NA,NA,NA,NA,NA,NA,3,FALSE,NA,NA,NA,NA,NA
"803","season",1720.0544617305,-2.60193308883042,-5.18109550609542e-07,-0.026282152412429,-4.93122334704858e-07,-2.60193308883042,-5.18109550609542e-07,-0.026282152412429,-4.93122334704858e-07,FALSE,NA,NA,NA,NA,NA,NA,NA,NA,1,0.0162475880070386,NA,NA,0.201588179441688,NA,NA,0.201588179441688,0.274508609469834,0,230.208724032,0.002733147836,81263.2971590817,1e-04,"2_485_1",2,485,1,485,1,NA,NA,NA,NA,NA,NA,NA,3,FALSE,NA,NA,NA,NA,NA
"804","trend",2627.63571306121,394145.356959181,0.0784841372922284,3941.45356959181,0.0739520399953529,394145.356959181,0.0784841372922284,3941.45356959181,0.0739520399953529,TRUE,NA,NA,NA,NA,NA,NA,NA,NA,1,0.0162475880070386,NA,NA,0.201588179441688,NA,NA,0.201588179441688,0.274508609469834,0,230.208724032,0.002733147836,81263.2971590817,1e-04,"2_485_1",2,485,1,485,1,NA,NA,NA,NA,NA,NA,NA,3,FALSE,NA,NA,NA,NA,NA
"805","tv",2587.84209777936,250610.005643676,0.0499026811871879,2506.10005643676,0.0470210312854607,250610.005643676,0.0499026811871879,2506.10005643676,0.0470210312854607,TRUE,0.458538882371808,0.458538882371808,46446.328651486,4644632.8651486,NA,NA,0.464763637213846,0.464763637213846,1,0.0162475880070386,NA,NA,0.201588179441688,NA,NA,0.201588179441688,0.274508609469834,0,230.208724032,0.002733147836,81263.2971590817,1e-04,"2_485_1",2,485,1,485,1,2506.10005643676,54922.7229346214,8476.39428313547,0.0539569031438739,0.0539569031438739,18.5333097663804,18.5333097663804,3,FALSE,0.03559881205344,0.0048137479411895,0,0.0949683114842912,0.507700489418132
"806","paid_search",3092.00937738991,165525.097561562,0.0329601611510967,1655.25097561562,0.0310568637153198,165525.097561562,0.0329601611510967,1655.25097561562,0.0310568637153198,TRUE,0.297445999778094,0.297445999778094,30128.9055146277,3012890.55146277,NA,NA,0.306971168989436,0.306971168989436,1,0.0162475880070386,NA,NA,0.201588179441688,NA,NA,0.201588179441688,0.274508609469834,0,230.208724032,0.002733147836,81263.2971590817,1e-04,"2_485_1",2,485,1,485,1,1655.25097561562,48198.4391574917,18069.533642864,0.054938967989129,0.054938967989129,18.2020164666703,18.2020164666703,3,FALSE,0.050863949674026,0.0030520423666056,0.0133192347870684,0.0886217523500738,0.347476668119535
"807","social",0,0,0,0,0,0,0,0,0,TRUE,0.162751814066573,0.162751814066573,16485.459653195,1648545.9653195,NA,NA,0,0,1,0.0162475880070386,NA,NA,0.201588179441688,NA,NA,0.201588179441688,0.274508609469834,0,230.208724032,0.002733147836,81263.2971590817,1e-04,"2_485_1",2,485,1,485,1,0,26373.1002639792,9887.64061078425,0,0,Inf,Inf,3,FALSE,0,0,0,0,NA
"808","display",3912.7953295784,123085.234999418,0.024509329646476,1230.85234999418,0.0230940287911524,123085.234999418,0.024509329646476,1230.85234999418,0.0230940287911524,TRUE,0.0812633037835251,0.0812633037835251,8231.32401621435,823132.401621435,NA,NA,0.228265193796719,0.228265193796719,1,0.0162475880070386,NA,NA,0.201588179441688,NA,NA,0.201588179441688,0.274508609469834,0,230.208724032,0.002733147836,81263.2971590817,1e-04,"2_485_1",2,485,1,485,1,1230.85234999418,10915.2101481744,2683.88613196005,0.149532729797734,0.149532729797734,6.68749912713191,6.68749912713191,3,FALSE,0.11716472045816,0.00898151402797058,0.00659233408612599,0.228191688418101,0.174203016926664
"809","(Intercept)",44382.6872244651,4438268.72244651,0.883769618497293,44382.6872244651,0.82928880432646,4438268.72244651,0.883769618497293,44382.6872244651,0.82928880432646,TRUE,NA,NA,NA,NA,NA,NA,NA,NA,1,0.0207408471721575,NA,NA,0.201127278618317,NA,NA,0.201127278618317,0.401532955693772,0,27.6472418848938,0.0002402420913,81263.2971590817,1e-04,"2_486_1",2,486,1,486,2,NA,NA,NA,NA,NA,NA,NA,3,FALSE,NA,NA,NA,NA,NA
"810","competitors",-3285.77539055516,-329922.818258221,-0.0656958335467561,0,0,-329922.818258221,-0.0656958335467561,0,0,FALSE,NA,NA,NA,NA,NA,NA,NA,NA,1,0.0207408471721575,NA,NA,0.201127278618317,NA,NA,0.201127278618317,0.401532955693772,0,27.6472418848938,0.0002402420913,81263.2971590817,1e-04,"2_486_1",2,486,1,486,2,NA,NA,NA,NA,NA,NA,NA,3,FALSE,NA,NA,NA,NA,NA
"811","season",2013.47720311041,-3.04579481344491,-6.06493452432383e-07,-0.0307656041762118,-5.74854131130841e-07,-3.04579481344491,-6.06493452432383e-07,-0.0307656041762118,-5.74854131130841e-07,FALSE,NA,NA,NA,NA,NA,NA,NA,NA,1,0.0207408471721575,NA,NA,0.201127278618317,NA,NA,0.201127278618317,0.401532955693772,0,27.6472418848938,0.0002402420913,81263.2971590817,1e-04,"2_486_1",2,486,1,486,2,NA,NA,NA,NA,NA,NA,NA,3,FALSE,NA,NA,NA,NA,NA
"812","trend",3350.88524380232,502632.786570348,0.100086681048606,5026.32786570348,0.0939167429142127,502632.786570348,0.100086681048606,5026.32786570348,0.0939167429142127,TRUE,NA,NA,NA,NA,NA,NA,NA,NA,1,0.0207408471721575,NA,NA,0.201127278618317,NA,NA,0.201127278618317,0.401532955693772,0,27.6472418848938,0.0002402420913,81263.2971590817,1e-04,"2_486_1",2,486,1,486,2,NA,NA,NA,NA,NA,NA,NA,3,FALSE,NA,NA,NA,NA,NA
"813","tv",1759.18162015956,130861.375461496,0.0260577524931584,1308.61375461496,0.0244513976903047,130861.375461496,0.0260577524931584,1308.61375461496,0.0244513976903047,TRUE,0.458538882371808,0.458538882371808,46446.328651486,4644632.8651486,NA,NA,0.318398188661105,0.318398188661105,1,0.0207408471721575,NA,NA,0.201127278618317,NA,NA,0.201127278618317,0.401532955693772,0,27.6472418848938,0.0002402420913,81263.2971590817,1e-04,"2_486_1",2,486,1,486,2,1308.61375461496,59608.7950360276,13162.4663845416,0.0281747512151985,0.0281747512151985,35.4927712533114,35.4927712533114,3,FALSE,0.03559881205344,0.0048137479411895,0,0.0949683114842912,0.431403005246771
"814","paid_search",2303.52563803526,153755.990584183,0.0306166394236159,1537.55990584183,0.0287292477232657,153755.990584183,0.0306166394236159,1537.55990584183,0.0287292477232657,TRUE,0.297445999778094,0.297445999778094,30128.9055146277,3012890.55146277,NA,NA,0.374102967549827,0.374102967549827,1,0.0207408471721575,NA,NA,0.201127278618317,NA,NA,0.201127278618317,0.401532955693772,0,27.6472418848938,0.0002402420913,81263.2971590817,1e-04,"2_486_1",2,486,1,486,2,1537.55990584183,41541.5373675993,11412.6318529716,0.0510327169068701,0.0510327169068701,19.5952726135453,19.5952726135452,3,FALSE,0.050863949674026,0.0030520423666056,0.0133192347870684,0.0886217523500738,0.250027354775405
"815","social",0,0,0,0,0,0,0,0,0,TRUE,0.162751814066573,0.162751814066573,16485.459653195,1648545.9653195,NA,NA,0,0,1,0.0207408471721575,NA,NA,0.201127278618317,NA,NA,0.201127278618317,0.401532955693772,0,27.6472418848938,0.0002402420913,81263.2971590817,1e-04,"2_486_1",2,486,1,486,2,0,31635.5922197519,15150.1325665569,0,0,Inf,Inf,3,FALSE,0,0,0,0,NA
"816","display",2386.89317423505,126381.754306672,0.0251657485775349,1263.81754306672,0.023614382199888,126381.754306672,0.0251657485775349,1263.81754306672,0.023614382199888,TRUE,0.0812633037835251,0.0812633037835251,8231.32401621435,823132.401621435,NA,NA,0.307498843789068,0.307498843789068,1,0.0207408471721575,NA,NA,0.201127278618317,NA,NA,0.201127278618317,0.401532955693772,0,27.6472418848938,0.0002402420913,81263.2971590817,1e-04,"2_486_1",2,486,1,486,2,1263.81754306672,10876.2044902032,2644.88047398885,0.153537576771028,0.153537576771028,6.51306358372001,6.51306358372001,3,FALSE,0.11716472045816,0.00898151402797058,0.00659233408612599,0.228191688418101,0.0632132942028196
"817","(Intercept)",45721.2240412171,4572122.40412171,0.910423213533182,45721.2240412171,0.853914574227358,4572122.40412171,0.910423213533182,45721.2240412171,0.853914574227358,TRUE,NA,NA,NA,NA,NA,NA,NA,NA,1,0.0261342598570847,NA,NA,0.200572644963958,NA,NA,0.200572644963958,0.565230660830952,0,73.3139788750721,0.0008022584716,81263.2971590817,1e-04,"2_487_1",2,487,1,487,2,NA,NA,NA,NA,NA,NA,NA,2,FALSE,NA,NA,NA,NA,NA
"818","competitors",-3309.79052394539,-332334.163997717,-0.066175992418949,0,0,-332334.163997717,-0.066175992418949,0,0,FALSE,NA,NA,NA,NA,NA,NA,NA,NA,1,0.0261342598570847,NA,NA,0.200572644963958,NA,NA,0.200572644963958,0.565230660830952,0,73.3139788750721,0.0008022584716,81263.2971590817,1e-04,"2_487_1",2,487,1,487,2,NA,NA,NA,NA,NA,NA,NA,2,FALSE,NA,NA,NA,NA,NA
"819","season",1957.06180921128,-2.96045502719298,-5.89500179817529e-07,-0.0299035861332628,-5.58495721764506e-07,-2.96045502719298,-5.89500179817529e-07,-0.0299035861332628,-5.58495721764506e-07,FALSE,NA,NA,NA,NA,NA,NA,NA,NA,1,0.0261342598570847,NA,NA,0.200572644963958,NA,NA,0.200572644963958,0.565230660830952,0,73.3139788750721,0.0008022584716,81263.2971590817,1e-04,"2_487_1",2,487,1,487,2,NA,NA,NA,NA,NA,NA,NA,2,FALSE,NA,NA,NA,NA,NA
"820","trend",3230.95024384552,484642.536576828,0.0965043751163324,4846.42536576828,0.0905144894853197,484642.536576828,0.0965043751163324,4846.42536576828,0.0905144894853197,TRUE,NA,NA,NA,NA,NA,NA,NA,NA,1,0.0261342598570847,NA,NA,0.200572644963958,NA,NA,0.200572644963958,0.565230660830952,0,73.3139788750721,0.0008022584716,81263.2971590817,1e-04,"2_487_1",2,487,1,487,2,NA,NA,NA,NA,NA,NA,NA,2,FALSE,NA,NA,NA,NA,NA
"821","tv",748.843019430227,56298.5438539084,0.0112104394157313,562.985438539084,0.0105146238126285,56298.5438539084,0.0112104394157313,562.985438539084,0.0105146238126285,TRUE,0.458538882371808,0.458538882371808,46446.328651486,4644632.8651486,NA,NA,0.189208943428253,0.189208943428253,1,0.0261342598570847,NA,NA,0.200572644963958,NA,NA,0.200572644963958,0.565230660830952,0,73.3139788750721,0.0008022584716,81263.2971590817,1e-04,"2_487_1",2,487,1,487,2,562.985438539084,52886.3499604403,6440.02130895436,0.0121212042993429,0.0121212042993429,82.5000532376319,82.5000532376319,2,FALSE,0.0299280646716883,0.0145101661480368,0,0.177834679326039,0.0382778584503868
"822","paid_search",2659.21696661312,129645.832617979,0.0258157076999603,1296.45832617979,0.0242133644236061,129645.832617979,0.0258157076999603,1296.45832617979,0.0242133644236061,TRUE,0.297445999778094,0.297445999778094,30128.9055146277,3012890.55146277,NA,NA,0.435715550177964,0.435715550177964,1,0.0261342598570847,NA,NA,0.200572644963958,NA,NA,0.200572644963958,0.565230660830952,0,73.3139788750721,0.0008022584716,81263.2971590817,1e-04,"2_487_1",2,487,1,487,2,1296.45832617979,31354.8135827753,1225.90806814762,0.0430303824196453,0.0430303824196453,23.239393743883,23.239393743883,2,FALSE,0.0503426058359058,0.00170735272801891,0.03304911803773,0.0676548057722503,0.00322865556038988
"823","social",0,0,0,0,0,0,0,0,0,TRUE,0.162751814066573,0.162751814066573,16485.459653195,1648545.9653195,NA,NA,0,0,1,0.0261342598570847,NA,NA,0.200572644963958,NA,NA,0.200572644963958,0.565230660830952,0,73.3139788750721,0.0008022584716,81263.2971590817,1e-04,"2_487_1",2,487,1,487,2,0,36722.6966239665,20237.2369707715,0,0,Inf,Inf,2,FALSE,0,0,0,0,NA
"824","display",2208.64504334208,111602.572598501,0.0222228461539222,1116.02572598501,0.0208435065468098,111602.572598501,0.0222228461539222,1116.02572598501,0.0208435065468098,TRUE,0.0812633037835251,0.0812633037835251,8231.32401621435,823132.401621435,NA,NA,0.375075506393783,0.375075506393783,1,0.0261342598570847,NA,NA,0.200572644963958,NA,NA,0.200572644963958,0.565230660830952,0,73.3139788750721,0.0008022584716,81263.2971590817,1e-04,"2_487_1",2,487,1,487,2,1116.02572598501,11594.7790072768,3363.45499106248,0.135582771834352,0.135582771834352,7.37556834449254,7.37556834449254,2,FALSE,0.222847348692917,0.0338030734868356,0,0.565510115981625,0.0804151042201394
"825","(Intercept)",45605.5286917328,4560552.86917328,0.90811943155715,45605.5286917328,0.853327569863388,4560552.86917328,0.90811943155715,45605.5286917328,0.853327569863388,TRUE,NA,NA,NA,NA,NA,NA,NA,NA,1,0.0247264042122635,NA,NA,0.200717570151664,NA,NA,0.200717570151664,0.503305420407968,0,117.837600985307,0.001350206641,81263.2971590817,1e-04,"2_490_1",2,490,1,490,3,NA,NA,NA,NA,NA,NA,NA,1,FALSE,NA,NA,NA,NA,NA
"826","competitors",-3211.44407642717,-322459.253733259,-0.0642096523384177,0,0,-322459.253733259,-0.0642096523384177,0,0,FALSE,NA,NA,NA,NA,NA,NA,NA,NA,1,0.0247264042122635,NA,NA,0.200717570151664,NA,NA,0.200717570151664,0.503305420407968,0,117.837600985307,0.001350206641,81263.2971590817,1e-04,"2_490_1",2,490,1,490,3,NA,NA,NA,NA,NA,NA,NA,1,FALSE,NA,NA,NA,NA,NA
"827","season",1886.49048686214,-2.85370151279536,-5.68242901677682e-07,-0.0288252678060141,-5.39351180288505e-07,-2.85370151279536,-5.68242901677682e-07,-0.0288252678060141,-5.39351180288505e-07,FALSE,NA,NA,NA,NA,NA,NA,NA,NA,1,0.0247264042122635,NA,NA,0.200717570151664,NA,NA,0.200717570151664,0.503305420407968,0,117.837600985307,0.001350206641,81263.2971590817,1e-04,"2_490_1",2,490,1,490,3,NA,NA,NA,NA,NA,NA,NA,1,FALSE,NA,NA,NA,NA,NA
"828","trend",3047.32564797366,457098.847196048,0.0910197419455312,4570.98847196048,0.0855280181272995,457098.847196048,0.0910197419455312,4570.98847196048,0.0855280181272995,TRUE,NA,NA,NA,NA,NA,NA,NA,NA,1,0.0247264042122635,NA,NA,0.200717570151664,NA,NA,0.200717570151664,0.503305420407968,0,117.837600985307,0.001350206641,81263.2971590817,1e-04,"2_490_1",2,490,1,490,3,NA,NA,NA,NA,NA,NA,NA,1,FALSE,NA,NA,NA,NA,NA
"829","tv",999.54564564243,74467.8679446428,0.0148284034517554,744.678679446428,0.0139337239604524,74467.8679446428,0.0148284034517554,744.678679446428,0.0139337239604524,TRUE,0.458538882371808,0.458538882371808,46446.328651486,4644632.8651486,NA,NA,0.227880203523317,0.227880203523317,1,0.0247264042122635,NA,NA,0.200717570151664,NA,NA,0.200717570151664,0.503305420407968,0,117.837600985307,0.001350206641,81263.2971590817,1e-04,"2_490_1",2,490,1,490,3,744.678679446428,60829.993813751,14383.6651622651,0.0160331010236393,0.0160331010236393,62.3709660735994,62.3709660735994,1,FALSE,0.00901450662908069,0.00117474150862495,0,0.0213357910149647,0.425757880814192
"830","paid_search",3153.84909579037,145068.713975241,0.0288867867232518,1450.68713975241,0.0271438873116582,145068.713975241,0.0288867867232518,1450.68713975241,0.0271438873116582,TRUE,0.297445999778094,0.297445999778094,30128.9055146277,3012890.55146277,NA,NA,0.443926877161547,0.443926877161547,1,0.0247264042122635,NA,NA,0.200717570151664,NA,NA,0.200717570151664,0.503305420407968,0,117.837600985307,0.001350206641,81263.2971590817,1e-04,"2_490_1",2,490,1,490,3,1450.68713975241,34076.0828617204,3947.17734709267,0.048149347444702,0.048149347444702,20.7687134524194,20.7687134524194,1,FALSE,0.0451868104709462,0.000917106508762594,0.0355764274015731,0.0548386488444613,0.0482445884871495
"831","social",0,0,0,0,0,0,0,0,0,TRUE,0.162751814066573,0.162751814066573,16485.459653195,1648545.9653195,NA,NA,0,0,1,0.0247264042122635,NA,NA,0.200717570151664,NA,NA,0.200717570151664,0.503305420407968,0,117.837600985307,0.001350206641,81263.2971590817,1e-04,"2_490_1",2,490,1,490,3,0,49207.2268591351,32721.7672059401,0,0,Inf,Inf,1,FALSE,0,0,0,0,NA
"832","display",2362.92765130231,107248.574461737,0.0213558569036308,1072.48574461737,0.020067340088382,107248.574461737,0.0213558569036308,1072.48574461737,0.020067340088382,TRUE,0.0812633037835251,0.0812633037835251,8231.32401621435,823132.401621435,NA,NA,0.328192919315135,0.328192919315135,1,0.0247264042122635,NA,NA,0.200717570151664,NA,NA,0.200717570151664,0.503305420407968,0,117.837600985307,0.001350206641,81263.2971590817,1e-04,"2_490_1",2,490,1,490,3,1072.48574461737,10819.0360389245,2587.71202271014,0.130293224091866,0.130293224091866,7.67499620160548,7.67499620160548,1,FALSE,0.166415049189711,0.0197375384653568,0,0.373163785207741,0.0609411430959782
"833","(Intercept)",44609.9213181964,4460992.13181964,0.888294414107591,44609.9213181964,0.832618538205619,4460992.13181964,0.888294414107591,44609.9213181964,0.832618538205619,TRUE,NA,NA,NA,NA,NA,NA,NA,NA,1,0.0310054533039323,NA,NA,0.200070392481161,NA,NA,0.200070392481161,0.91509062973245,0,236.789092461424,0.002814131832,81263.2971590817,1e-04,"2_491_1",2,491,1,491,3,NA,NA,NA,NA,NA,NA,NA,1,FALSE,NA,NA,NA,NA,NA
"834","competitors",-3344.42191017245,-335811.481582194,-0.0668684127808539,0,0,-335811.481582194,-0.0668684127808539,0,0,FALSE,NA,NA,NA,NA,NA,NA,NA,NA,1,0.0310054533039323,NA,NA,0.200070392481161,NA,NA,0.200070392481161,0.91509062973245,0,236.789092461424,0.002814131832,81263.2971590817,1e-04,"2_491_1",2,491,1,491,3,NA,NA,NA,NA,NA,NA,NA,1,FALSE,NA,NA,NA,NA,NA
"835","season",1657.80500581192,-2.50776809422138,-4.99358959654886e-07,-0.0253309908507204,-4.72788383171248e-07,-2.50776809422138,-4.99358959654886e-07,-0.0253309908507204,-4.72788383171248e-07,FALSE,NA,NA,NA,NA,NA,NA,NA,NA,1,0.0310054533039323,NA,NA,0.200070392481161,NA,NA,0.200070392481161,0.91509062973245,0,236.789092461424,0.002814131832,81263.2971590817,1e-04,"2_491_1",2,491,1,491,3,NA,NA,NA,NA,NA,NA,NA,1,FALSE,NA,NA,NA,NA,NA
"836","trend",2603.97607288765,390596.410933148,0.0777774539272413,3905.96410933148,0.0729025748285421,390596.410933148,0.0777774539272413,3905.96410933148,0.0729025748285421,TRUE,NA,NA,NA,NA,NA,NA,NA,NA,1,0.0310054533039323,NA,NA,0.200070392481161,NA,NA,0.200070392481161,0.91509062973245,0,236.789092461424,0.002814131832,81263.2971590817,1e-04,"2_491_1",2,491,1,491,3,NA,NA,NA,NA,NA,NA,NA,1,FALSE,NA,NA,NA,NA,NA
"837","tv",595.342577557045,32518.8379788218,0.00647530891700418,325.188379788218,0.00606945418014619,32518.8379788218,0.00647530891700418,325.188379788218,0.00606945418014619,TRUE,0.458538882371808,0.458538882371808,46446.328651486,4644632.8651486,NA,NA,0.0642410595915893,0.0642410595915893,1,0.0310054533039323,NA,NA,0.200070392481161,NA,NA,0.200070392481161,0.91509062973245,0,236.789092461424,0.002814131832,81263.2971590817,1e-04,"2_491_1",2,491,1,491,3,325.188379788218,57480.2048530558,11033.8762015698,0.007001379640322,0.007001379640322,142.828992480403,142.828992480403,1,FALSE,0.00901450662908069,0.00117474150862495,0,0.0213357910149647,0.203278659738312
"838","paid_search",3223.00224015756,131955.277547703,0.0262755755881213,1319.55277547703,0.024628694033466,131955.277547703,0.0262755755881213,1319.55277547703,0.024628694033466,TRUE,0.297445999778094,0.297445999778094,30128.9055146277,3012890.55146277,NA,NA,0.260678036954684,0.260678036954684,1,0.0310054533039323,NA,NA,0.200070392481161,NA,NA,0.200070392481161,0.91509062973245,0,236.789092461424,0.002814131832,81263.2971590817,1e-04,"2_491_1",2,491,1,491,3,1319.55277547703,35027.2061611258,4898.30064649815,0.043796903768588,0.043796903768588,22.8326642742545,22.8326642742545,1,FALSE,0.0451868104709462,0.000917106508762594,0.0355764274015731,0.0548386488444613,0.0519723609655284
"839","social",0,0,0,0,0,0,0,0,0,TRUE,0.162751814066573,0.162751814066573,16485.459653195,1648545.9653195,NA,NA,0,0,1,0.0310054533039323,NA,NA,0.200070392481161,NA,NA,0.200070392481161,0.91509062973245,0,236.789092461424,0.002814131832,81263.2971590817,1e-04,"2_491_1",2,491,1,491,3,0,69622.5380362072,53137.0783830122,0,0,Inf,Inf,1,FALSE,0,0,0,0,NA
"840","display",4158.95444200611,341726.096387155,0.0680461595998562,3417.26096387155,0.06378121154061,341726.096387155,0.0680461595998562,3417.26096387155,0.06378121154061,TRUE,0.0812633037835251,0.0812633037835251,8231.32401621435,823132.401621435,NA,NA,0.675080903453727,0.675080903453727,1,0.0310054533039323,NA,NA,0.200070392481161,NA,NA,0.200070392481161,0.91509062973245,0,236.789092461424,0.002814131832,81263.2971590817,1e-04,"2_491_1",2,491,1,491,3,3417.26096387155,10652.6299866688,2421.30597045446,0.415153255677958,0.415153255677958,2.40874902538575,2.40874902538575,1,FALSE,0.166415049189711,0.0197375384653568,0,0.373163785207741,0.240225576930076
"841","(Intercept)",45120.3180912633,4512031.80912633,0.898457682481457,45120.3180912633,0.844513724035029,4512031.80912633,0.898457682481457,45120.3180912633,0.844513724035029,TRUE,NA,NA,NA,NA,NA,NA,NA,NA,1,0.0244593834185677,NA,NA,0.200745045568367,NA,NA,0.200745045568367,0.727368676857303,0,340.661228208683,0.004092476763,81263.2971590817,1e-04,"2_492_1",2,492,1,492,5,NA,NA,NA,NA,NA,NA,NA,2,FALSE,NA,NA,NA,NA,NA
"842","competitors",-3194.74484957674,-320782.493964144,-0.063875767791507,0,0,-320782.493964144,-0.063875767791507,0,0,FALSE,NA,NA,NA,NA,NA,NA,NA,NA,1,0.0244593834185677,NA,NA,0.200745045568367,NA,NA,0.200745045568367,0.727368676857303,0,340.661228208683,0.004092476763,81263.2971590817,1e-04,"2_492_1",2,492,1,492,5,NA,NA,NA,NA,NA,NA,NA,2,FALSE,NA,NA,NA,NA,NA
"843","season",1590.48556433134,-2.4059337126906,-4.79081203136854e-07,-0.0243023607342479,-4.54865524773336e-07,-2.4059337126906,-4.79081203136854e-07,-0.0243023607342479,-4.54865524773336e-07,FALSE,NA,NA,NA,NA,NA,NA,NA,NA,1,0.0244593834185677,NA,NA,0.200745045568367,NA,NA,0.200745045568367,0.727368676857303,0,340.661228208683,0.004092476763,81263.2971590817,1e-04,"2_492_1",2,492,1,492,5,NA,NA,NA,NA,NA,NA,NA,2,FALSE,NA,NA,NA,NA,NA
"844","trend",2428.1376273821,364220.644107315,0.0725253831665527,3642.20644107315,0.0681709140222271,364220.644107315,0.0725253831665527,3642.20644107315,0.0681709140222271,TRUE,NA,NA,NA,NA,NA,NA,NA,NA,1,0.0244593834185677,NA,NA,0.200745045568367,NA,NA,0.200745045568367,0.727368676857303,0,340.661228208683,0.004092476763,81263.2971590817,1e-04,"2_492_1",2,492,1,492,5,NA,NA,NA,NA,NA,NA,NA,2,FALSE,NA,NA,NA,NA,NA
"845","tv",636.386974698528,52827.3770337443,0.0105192438238822,528.273770337443,0.0098876618776339,52827.3770337443,0.0105192438238822,528.273770337443,0.0098876618776339,TRUE,0.458538882371808,0.458538882371808,46446.328651486,4644632.8651486,NA,NA,0.113240215107253,0.113240215107253,1,0.0244593834185677,NA,NA,0.200745045568367,NA,NA,0.200745045568367,0.727368676857303,0,340.661228208683,0.004092476763,81263.2971590817,1e-04,"2_492_1",2,492,1,492,5,528.273770337443,58517.8518556691,12071.5232041831,0.0113738542028023,0.0113738542028024,87.9209441381458,87.9209441381458,2,FALSE,0.0299280646716883,0.0145101661480368,0,0.177834679326039,0.300209364035513
"846","paid_search",2776.88177646578,173928.295817753,0.0346334467904883,1739.28295817753,0.0325540330897086,173928.295817753,0.0346334467904883,1739.28295817753,0.0325540330897086,TRUE,0.297445999778094,0.297445999778094,30128.9055146277,3012890.55146277,NA,NA,0.372830883105542,0.372830883105542,1,0.0244593834185677,NA,NA,0.200745045568367,NA,NA,0.200745045568367,0.727368676857303,0,340.661228208683,0.004092476763,81263.2971590817,1e-04,"2_492_1",2,492,1,492,5,1739.28295817753,30607.5429322904,478.637417662733,0.0577280498069569,0.0577280498069569,17.3226014622702,17.3226014622702,2,FALSE,0.0503426058359058,0.00170735272801891,0.03304911803773,0.0676548057722503,0.0037447919033463
"847","social",0,0,0,0,0,0,0,0,0,TRUE,0.162751814066573,0.162751814066573,16485.459653195,1648545.9653195,NA,NA,0,0,1,0.0244593834185677,NA,NA,0.200745045568367,NA,NA,0.200745045568367,0.727368676857303,0,340.661228208683,0.004092476763,81263.2971590817,1e-04,"2_492_1",2,492,1,492,5,0,28463.4190018846,11977.9593486896,0,0,Inf,Inf,2,FALSE,0,0,0,0,NA
"848","display",3324.64767360708,239751.539128892,0.0477404906103301,2397.51539128892,0.0448741218409263,239751.539128892,0.0477404906103301,2397.51539128892,0.0448741218409263,TRUE,0.0812633037835251,0.0812633037835251,8231.32401621435,823132.401621435,NA,NA,0.513928901787204,0.513928901787204,1,0.0244593834185677,NA,NA,0.200745045568367,NA,NA,0.200745045568367,0.727368676857303,0,340.661228208683,0.004092476763,81263.2971590817,1e-04,"2_492_1",2,492,1,492,5,2397.51539128892,11611.3581043373,3380.03408812295,0.291267284165489,0.291267284165489,3.43327264805969,3.43327264805969,2,FALSE,0.222847348692917,0.0338030734868356,0,0.565510115981625,0.266204325578364
"849","(Intercept)",45082.8634717339,4508286.34717339,0.897711867910899,45082.8634717339,0.843407935362143,4508286.34717339,0.897711867910899,45082.8634717339,0.843407935362143,TRUE,NA,NA,NA,NA,NA,NA,NA,NA,1,0.0214478671335828,NA,NA,0.201054659089194,NA,NA,0.201054659089194,0.542575247275549,0,222.436549365939,0.002637496389,81263.2971590817,1e-04,"2_493_1",2,493,1,493,5,NA,NA,NA,NA,NA,NA,NA,2,FALSE,NA,NA,NA,NA,NA
"850","competitors",-3220.28032198959,-323346.49607099,-0.0643863243408058,0,0,-323346.49607099,-0.0643863243408058,0,0,FALSE,NA,NA,NA,NA,NA,NA,NA,NA,1,0.0214478671335828,NA,NA,0.201054659089194,NA,NA,0.201054659089194,0.542575247275549,0,222.436549365939,0.002637496389,81263.2971590817,1e-04,"2_493_1",2,493,1,493,5,NA,NA,NA,NA,NA,NA,NA,2,FALSE,NA,NA,NA,NA,NA
"851","season",1686.99495040886,-2.55192383719201,-5.08151465598083e-07,-0.0257770084564856,-4.82234973732934e-07,-2.55192383719201,-5.08151465598083e-07,-0.0257770084564856,-4.82234973732934e-07,FALSE,NA,NA,NA,NA,NA,NA,NA,NA,1,0.0214478671335828,NA,NA,0.201054659089194,NA,NA,0.201054659089194,0.542575247275549,0,222.436549365939,0.002637496389,81263.2971590817,1e-04,"2_493_1",2,493,1,493,5,NA,NA,NA,NA,NA,NA,NA,2,FALSE,NA,NA,NA,NA,NA
"852","trend",2596.92011091852,389538.016637778,0.0775667013160016,3895.38016637777,0.0728745756275043,389538.016637778,0.0775667013160016,3895.38016637777,0.0728745756275043,TRUE,NA,NA,NA,NA,NA,NA,NA,NA,1,0.0214478671335828,NA,NA,0.201054659089194,NA,NA,0.201054659089194,0.542575247275549,0,222.436549365939,0.002637496389,81263.2971590817,1e-04,"2_493_1",2,493,1,493,5,NA,NA,NA,NA,NA,NA,NA,2,FALSE,NA,NA,NA,NA,NA
"853","tv",1272.70757494372,104897.217158014,0.020887643220049,1048.97217158014,0.0196241184644237,104897.217158014,0.020887643220049,1048.97217158014,0.0196241184644237,TRUE,0.458538882371808,0.458538882371808,46446.328651486,4644632.8651486,NA,NA,0.234407477540484,0.234407477540484,1,0.0214478671335828,NA,NA,0.201054659089194,NA,NA,0.201054659089194,0.542575247275549,0,222.436549365939,0.002637496389,81263.2971590817,1e-04,"2_493_1",2,493,1,493,5,1048.97217158014,59811.6215475036,13365.2928960176,0.0225846089892527,0.0225846089892527,44.2779416936493,44.2779416936493,2,FALSE,0.0299280646716883,0.0145101661480368,0,0.177834679326039,0.416000219090223
"854","paid_search",2540.18531107583,158932.3092545,0.0316473731314128,1589.323092545,0.0297329762326919,158932.3092545,0.0316473731314128,1589.323092545,0.0297329762326919,TRUE,0.297445999778094,0.297445999778094,30128.9055146277,3012890.55146277,NA,NA,0.355156435236141,0.355156435236141,1,0.0214478671335828,NA,NA,0.201054659089194,NA,NA,0.201054659089194,0.542575247275549,0,222.436549365939,0.002637496389,81263.2971590817,1e-04,"2_493_1",2,493,1,493,5,1589.323092545,44904.1094117586,14775.2038971309,0.0527507742282035,0.0527507742282035,18.9570677327679,18.9570677327679,2,FALSE,0.0503426058359058,0.00170735272801891,0.03304911803773,0.0676548057722503,0.321384249882755
"855","social",0,0,0,0,0,0,0,0,0,TRUE,0.162751814066573,0.162751814066573,16485.459653195,1648545.9653195,NA,NA,0,0,1,0.0214478671335828,NA,NA,0.201054659089194,NA,NA,0.201054659089194,0.542575247275549,0,222.436549365939,0.002637496389,81263.2971590817,1e-04,"2_493_1",2,493,1,493,5,0,33379.8504212663,16894.3907680713,0,0,Inf,Inf,2,FALSE,0,0,0,0,NA
"856","display",2744.90694370242,183669.92308733,0.0365732469139092,1836.6992308733,0.0343608765482107,183669.92308733,0.0365732469139092,1836.6992308733,0.0343608765482107,TRUE,0.0812633037835251,0.0812633037835251,8231.32401621435,823132.401621435,NA,NA,0.410436087223374,0.410436087223374,1,0.0214478671335828,NA,NA,0.201054659089194,NA,NA,0.201054659089194,0.542575247275549,0,222.436549365939,0.002637496389,81263.2971590817,1e-04,"2_493_1",2,493,1,493,5,1836.6992308733,11495.8749534224,3264.55093720802,0.223135333666286,0.223135333666286,4.48158515986343,4.48158515986343,2,FALSE,0.222847348692917,0.0338030734868356,0,0.565510115981625,0.14350030809385
"857","(Intercept)",46696.0655898342,4669606.55898342,0.929834731793884,46696.0655898342,0.874274431591967,4669606.55898342,0.929834731793884,46696.0655898342,0.874274431591967,TRUE,NA,NA,NA,NA,NA,NA,NA,NA,1,0.026529623951885,NA,NA,0.20053192719921,NA,NA,0.20053192719921,0.777596074714381,0,190.527671082984,0.002244796725,81263.2971590817,1e-04,"2_494_1",2,494,1,494,4,NA,NA,NA,NA,NA,NA,NA,1,FALSE,NA,NA,NA,NA,NA
"858","competitors",-3178.46100447034,-319147.442437182,-0.0635501883922926,0,0,-319147.442437182,-0.0635501883922926,0,0,FALSE,NA,NA,NA,NA,NA,NA,NA,NA,1,0.026529623951885,NA,NA,0.20053192719921,NA,NA,0.20053192719921,0.777596074714381,0,190.527671082984,0.002244796725,81263.2971590817,1e-04,"2_494_1",2,494,1,494,4,NA,NA,NA,NA,NA,NA,NA,1,FALSE,NA,NA,NA,NA,NA
"859","season",1741.43128220433,-2.63426988848728,-5.24548611171969e-07,-0.0266087867523964,-4.9818719456244e-07,-2.63426988848728,-5.24548611171969e-07,-0.0266087867523964,-4.9818719456244e-07,FALSE,NA,NA,NA,NA,NA,NA,NA,NA,1,0.026529623951885,NA,NA,0.20053192719921,NA,NA,0.20053192719921,0.777596074714381,0,190.527671082984,0.002244796725,81263.2971590817,1e-04,"2_494_1",2,494,1,494,4,NA,NA,NA,NA,NA,NA,NA,1,FALSE,NA,NA,NA,NA,NA
"860","trend",2686.6750369175,403001.255537625,0.0802475668179213,4030.01255537625,0.0754525438418755,403001.255537625,0.0802475668179213,4030.01255537625,0.0754525438418755,TRUE,NA,NA,NA,NA,NA,NA,NA,NA,1,0.026529623951885,NA,NA,0.20053192719921,NA,NA,0.20053192719921,0.777596074714381,0,190.527671082984,0.002244796725,81263.2971590817,1e-04,"2_494_1",2,494,1,494,4,NA,NA,NA,NA,NA,NA,NA,1,FALSE,NA,NA,NA,NA,NA
"861","tv",215.178437941979,12814.8053834598,0.00255174627159899,128.148053834598,0.00239927209092858,12814.8053834598,0.00255174627159899,128.148053834598,0.00239927209092858,TRUE,0.458538882371808,0.458538882371808,46446.328651486,4644632.8651486,NA,NA,0.0477243678088703,0.0477243678088703,1,0.026529623951885,NA,NA,0.20053192719921,NA,NA,0.20053192719921,0.777596074714381,0,190.527671082984,0.002244796725,81263.2971590817,1e-04,"2_494_1",2,494,1,494,4,128.148053834598,46902.5234353125,456.194783826539,0.00275905669092099,0.00275905669092099,362.442715762464,362.442715762464,1,FALSE,0.00901450662908069,0.00117474150862495,0,0.0213357910149647,8.08743667053546e-05
"862","paid_search",3837.25610075244,125541.868625584,0.0249985064625629,1255.41868625584,0.0235047737849505,125541.868625584,0.0249985064625629,1255.41868625584,0.0235047737849505,TRUE,0.297445999778094,0.297445999778094,30128.9055146277,3012890.55146277,NA,NA,0.46753783100237,0.46753783100237,1,0.026529623951885,NA,NA,0.20053192719921,NA,NA,0.20053192719921,0.777596074714381,0,190.527671082984,0.002244796725,81263.2971590817,1e-04,"2_494_1",2,494,1,494,4,1255.41868625584,38447.3162804156,8318.41076578789,0.0416682473130773,0.0416682473130773,23.9990895822047,23.9990895822047,1,FALSE,0.0451868104709462,0.000917106508762594,0.0355764274015731,0.0548386488444613,0.0627929569990083
"863","social",0,0,0,0,0,0,0,0,0,TRUE,0.162751814066573,0.162751814066573,16485.459653195,1648545.9653195,NA,NA,0,0,1,0.026529623951885,NA,NA,0.20053192719921,NA,NA,0.20053192719921,0.777596074714381,0,190.527671082984,0.002244796725,81263.2971590817,1e-04,"2_494_1",2,494,1,494,4,0,42759.7276908996,26274.2680377046,0,0,Inf,Inf,1,FALSE,0,0,0,0,NA
"864","display",2920.55156287226,130160.35349316,0.0259181615949369,1301.6035349316,0.0243694768774729,130160.35349316,0.0259181615949369,1301.6035349316,0.0243694768774729,TRUE,0.0812633037835251,0.0812633037835251,8231.32401621435,823132.401621435,NA,NA,0.484737801188759,0.484737801188759,1,0.026529623951885,NA,NA,0.20053192719921,NA,NA,0.20053192719921,0.777596074714381,0,190.527671082984,0.002244796725,81263.2971590817,1e-04,"2_494_1",2,494,1,494,4,1301.6035349316,10918.9678125634,2687.6437963491,0.158128088794422,0.158128088794422,6.32398713994496,6.32398713994496,1,FALSE,0.166415049189711,0.0197375384653568,0,0.373163785207741,0.131012688459714
"865","(Intercept)",46723.0027511194,4672300.27511194,0.930371117629019,46723.0027511194,0.877084588215416,4672300.27511194,0.930371117629019,46723.0027511194,0.877084588215416,TRUE,NA,NA,NA,NA,NA,NA,NA,NA,1,0.0237899198751308,NA,NA,0.200813914274938,NA,NA,0.200813914274938,0.627717537579461,0,258.983201570073,0.003087272715,81263.2971590817,1e-04,"2_496_1",2,496,1,496,5,NA,NA,NA,NA,NA,NA,NA,1,FALSE,NA,NA,NA,NA,NA
"866","competitors",-3038.61752580687,-305105.839128475,-0.0607541561609711,0,0,-305105.839128475,-0.0607541561609711,0,0,FALSE,NA,NA,NA,NA,NA,NA,NA,NA,1,0.0237899198751308,NA,NA,0.200813914274938,NA,NA,0.200813914274938,0.627717537579461,0,258.983201570073,0.003087272715,81263.2971590817,1e-04,"2_496_1",2,496,1,496,5,NA,NA,NA,NA,NA,NA,NA,1,FALSE,NA,NA,NA,NA,NA
"867","season",1733.19122473908,-2.62180512143906,-5.22066566233331e-07,-0.0264828800145354,-4.97136839343027e-07,-2.62180512143906,-5.22066566233331e-07,-0.0264828800145354,-4.97136839343027e-07,FALSE,NA,NA,NA,NA,NA,NA,NA,NA,1,0.0237899198751308,NA,NA,0.200813914274938,NA,NA,0.200813914274938,0.627717537579461,0,258.983201570073,0.003087272715,81263.2971590817,1e-04,"2_496_1",2,496,1,496,5,NA,NA,NA,NA,NA,NA,NA,1,FALSE,NA,NA,NA,NA,NA
"868","trend",2691.3871612861,403708.074192915,0.0803883119805956,4037.08074192915,0.0757841125706006,403708.074192915,0.0803883119805956,4037.08074192915,0.0757841125706006,TRUE,NA,NA,NA,NA,NA,NA,NA,NA,1,0.0237899198751308,NA,NA,0.200813914274938,NA,NA,0.200813914274938,0.627717537579461,0,258.983201570073,0.003087272715,81263.2971590817,1e-04,"2_496_1",2,496,1,496,5,NA,NA,NA,NA,NA,NA,NA,1,FALSE,NA,NA,NA,NA,NA
"869","tv",538.525493424982,33691.2868126716,0.0067087726217498,336.912868126716,0.00632453110472048,33691.2868126716,0.0067087726217498,336.912868126716,0.00632453110472048,TRUE,0.458538882371808,0.458538882371808,46446.328651486,4644632.8651486,NA,NA,0.134188204023546,0.134188204023546,1,0.0237899198751308,NA,NA,0.200813914274938,NA,NA,0.200813914274938,0.627717537579461,0,258.983201570073,0.003087272715,81263.2971590817,1e-04,"2_496_1",2,496,1,496,5,336.912868126716,53731.6496538765,7285.32100239052,0.00725381053591492,0.00725381053591492,137.858577233141,137.858577233141,1,FALSE,0.00901450662908069,0.00117474150862495,0,0.0213357910149647,0.248351910215496
"870","paid_search",2661.6497899367,128188.851043127,0.0255255864542474,1281.88851043127,0.0240636215591419,128188.851043127,0.0255255864542474,1281.88851043127,0.0240636215591419,TRUE,0.297445999778094,0.297445999778094,30128.9055146277,3012890.55146277,NA,NA,0.510560246421027,0.510560246421027,1,0.0237899198751308,NA,NA,0.200813914274938,NA,NA,0.200813914274938,0.627717537579461,0,258.983201570073,0.003087272715,81263.2971590817,1e-04,"2_496_1",2,496,1,496,5,1281.88851043127,33326.5807567228,3197.67524209509,0.0425467997770084,0.0425467997770084,23.5035303534247,23.5035303534247,1,FALSE,0.0451868104709462,0.000917106508762594,0.0355764274015731,0.0548386488444613,0.0177609209705124
"871","social",0,0,0,0,0,0,0,0,0,TRUE,0.162751814066573,0.162751814066573,16485.459653195,1648545.9653195,NA,NA,0,0,1,0.0237899198751308,NA,NA,0.200813914274938,NA,NA,0.200813914274938,0.627717537579461,0,258.983201570073,0.003087272715,81263.2971590817,1e-04,"2_496_1",2,496,1,496,5,0,48635.5369920786,32150.0773388836,0,0,Inf,Inf,1,FALSE,0,0,0,0,NA
"872","display",2281.84794774564,89194.7390891204,0.017760889541926,891.947390891204,0.0167436436869607,89194.7390891204,0.017760889541926,891.947390891204,0.0167436436869607,TRUE,0.0812633037835251,0.0812633037835251,8231.32401621435,823132.401621435,NA,NA,0.355251549555426,0.355251549555426,1,0.0237899198751308,NA,NA,0.200813914274938,NA,NA,0.200813914274938,0.627717537579461,0,258.983201570073,0.003087272715,81263.2971590817,1e-04,"2_496_1",2,496,1,496,5,891.947390891204,9902.99639934461,1671.67238313026,0.108360136125636,0.108360136125636,9.22848600744253,9.22848600744253,1,FALSE,0.166415049189711,0.0197375384653568,0,0.373163785207741,0.020966869778134
"873","(Intercept)",45864.2008665688,4586420.08665688,0.913270237503498,45864.2008665688,0.857904962214754,4586420.08665688,0.913270237503498,45864.2008665688,0.857904962214754,TRUE,NA,NA,NA,NA,NA,NA,NA,NA,1,0.0268469380190152,NA,NA,0.200499241670618,NA,NA,0.200499241670618,0.610936707311093,0,122.733927153708,0.001410465282,81263.2971590817,1e-04,"2_499_1",2,499,1,499,1,NA,NA,NA,NA,NA,NA,NA,1,FALSE,NA,NA,NA,NA,NA
"874","competitors",-3227.73868154768,-324095.385667053,-0.0645354468734866,0,0,-324095.385667053,-0.0645354468734866,0,0,FALSE,NA,NA,NA,NA,NA,NA,NA,NA,1,0.0268469380190152,NA,NA,0.200499241670618,NA,NA,0.200499241670618,0.610936707311093,0,122.733927153708,0.001410465282,81263.2971590817,1e-04,"2_499_1",2,499,1,499,1,NA,NA,NA,NA,NA,NA,NA,1,FALSE,NA,NA,NA,NA,NA
"875","season",1847.62090534634,-2.7949033453279,-5.56534725070833e-07,-0.0282313469225044,-5.28076629641594e-07,-2.7949033453279,-5.56534725070833e-07,-0.0282313469225044,-5.28076629641594e-07,FALSE,NA,NA,NA,NA,NA,NA,NA,NA,1,0.0268469380190152,NA,NA,0.200499241670618,NA,NA,0.200499241670618,0.610936707311093,0,122.733927153708,0.001410465282,81263.2971590817,1e-04,"2_499_1",2,499,1,499,1,NA,NA,NA,NA,NA,NA,NA,1,FALSE,NA,NA,NA,NA,NA
"876","trend",2949.31203226596,442396.804839894,0.0880921998842503,4423.96804839894,0.0827517774144292,442396.804839894,0.0880921998842503,4423.96804839894,0.0827517774144292,TRUE,NA,NA,NA,NA,NA,NA,NA,NA,1,0.0268469380190152,NA,NA,0.200499241670618,NA,NA,0.200499241670618,0.610936707311093,0,122.733927153708,0.001410465282,81263.2971590817,1e-04,"2_499_1",2,499,1,499,1,NA,NA,NA,NA,NA,NA,NA,1,FALSE,NA,NA,NA,NA,NA
"877","tv",748.427255415039,51035.9925223951,0.0101625346417251,510.359925223951,0.00954645026169698,51035.9925223951,0.0101625346417251,510.359925223951,0.00954645026169698,TRUE,0.458538882371808,0.458538882371808,46446.328651486,4644632.8651486,NA,NA,0.16086688281034,0.16086688281034,1,0.0268469380190152,NA,NA,0.200499241670618,NA,NA,0.200499241670618,0.610936707311093,0,122.733927153708,0.001410465282,81263.2971590817,1e-04,"2_499_1",2,499,1,499,1,510.359925223951,64515.128320941,18068.799669455,0.010988165050751,0.010988165050751,91.0070057540369,91.0070057540369,1,FALSE,0.00901450662908069,0.00117474150862495,0,0.0213357910149647,0.430325776716476
"878","paid_search",3464.90074266998,137486.137678943,0.0273769073131309,1374.86137678943,0.0257172342528445,137486.137678943,0.0273769073131309,1374.86137678943,0.0257172342528445,TRUE,0.297445999778094,0.297445999778094,30128.9055146277,3012890.55146277,NA,NA,0.433360170047436,0.433360170047436,1,0.0268469380190152,NA,NA,0.200499241670618,NA,NA,0.200499241670618,0.610936707311093,0,122.733927153708,0.001410465282,81263.2971590817,1e-04,"2_499_1",2,499,1,499,1,1374.86137678943,35553.1067170653,5424.20120243764,0.0456326359456348,0.0456326359456348,21.9141405986576,21.9141405986576,1,FALSE,0.0451868104709462,0.000917106508762594,0.0355764274015731,0.0548386488444613,0.0597178891845199
"879","social",0,0,0,0,0,0,0,0,0,TRUE,0.162751814066573,0.162751814066573,16485.459653195,1648545.9653195,NA,NA,0,0,1,0.0268469380190152,NA,NA,0.200499241670618,NA,NA,0.200499241670618,0.610936707311093,0,122.733927153708,0.001410465282,81263.2971590817,1e-04,"2_499_1",2,499,1,499,1,0,69121.6044002374,52636.1447470424,0,0,Inf,Inf,1,FALSE,0,0,0,0,NA
"880","display",2600.18204495938,128733.924188464,0.0256341240656073,1287.33924188464,0.0240801039329051,128733.924188464,0.0256341240656073,1287.33924188464,0.0240801039329051,TRUE,0.0812633037835251,0.0812633037835251,8231.32401621435,823132.401621435,NA,NA,0.405772947142225,0.405772947142225,1,0.0268469380190152,NA,NA,0.200499241670618,NA,NA,0.200499241670618,0.610936707311093,0,122.733927153708,0.001410465282,81263.2971590817,1e-04,"2_499_1",2,499,1,499,1,1287.33924188464,10728.4119078007,2497.08789158635,0.156395160650801,0.156395160650801,6.3940597384135,6.3940597384135,1,FALSE,0.166415049189711,0.0197375384653568,0,0.373163785207741,0.0850276012781952
"881","(Intercept)",45681.7210854486,4568172.10854486,0.909636611496842,45681.7210854486,0.858947426737745,4568172.10854486,0.909636611496842,45681.7210854486,0.858947426737745,TRUE,NA,NA,NA,NA,NA,NA,NA,NA,1,0.00838752199539905,NA,NA,0.202391910123564,NA,NA,0.202391910123564,0.419805133374853,0,396.384009641502,0.004778251968,81263.2971590817,1e-04,"2_500_1",2,500,1,500,6,NA,NA,NA,NA,NA,NA,NA,3,FALSE,NA,NA,NA,NA,NA
"882","competitors",-2951.54089242187,-296362.524423095,-0.0590131448827454,0,0,-296362.524423095,-0.0590131448827454,0,0,FALSE,NA,NA,NA,NA,NA,NA,NA,NA,1,0.00838752199539905,NA,NA,0.202391910123564,NA,NA,0.202391910123564,0.419805133374853,0,396.384009641502,0.004778251968,81263.2971590817,1e-04,"2_500_1",2,500,1,500,6,NA,NA,NA,NA,NA,NA,NA,3,FALSE,NA,NA,NA,NA,NA
"883","season",1600.05830774543,-2.42041443896673,-4.81964675665658e-07,-0.024448630696634,-4.59704405288369e-07,-2.42041443896673,-4.81964675665658e-07,-0.024448630696634,-4.59704405288369e-07,FALSE,NA,NA,NA,NA,NA,NA,NA,NA,1,0.00838752199539905,NA,NA,0.202391910123564,NA,NA,0.202391910123564,0.419805133374853,0,396.384009641502,0.004778251968,81263.2971590817,1e-04,"2_500_1",2,500,1,500,6,NA,NA,NA,NA,NA,NA,NA,3,FALSE,NA,NA,NA,NA,NA
"884","trend",2362.08961797551,354313.442696326,0.0705526131161312,3543.13442696326,0.0666210932143589,354313.442696326,0.0705526131161312,3543.13442696326,0.0666210932143589,TRUE,NA,NA,NA,NA,NA,NA,NA,NA,1,0.00838752199539905,NA,NA,0.202391910123564,NA,NA,0.202391910123564,0.419805133374853,0,396.384009641502,0.004778251968,81263.2971590817,1e-04,"2_500_1",2,500,1,500,6,NA,NA,NA,NA,NA,NA,NA,3,FALSE,NA,NA,NA,NA,NA
"885","tv",1418.25705737763,125032.059238363,0.024896990741946,1250.32059238363,0.0235096145658845,125032.059238363,0.024896990741946,1250.32059238363,0.0235096145658845,TRUE,0.458538882371808,0.458538882371808,46446.328651486,4644632.8651486,NA,NA,0.31585384774495,0.31585384774495,1,0.00838752199539905,NA,NA,0.202391910123564,NA,NA,0.202391910123564,0.419805133374853,0,396.384009641502,0.004778251968,81263.2971590817,1e-04,"2_500_1",2,500,1,500,6,1250.32059238363,60712.9086584568,14266.5800069708,0.0269196861987849,0.0269196861987849,37.1475355476149,37.1475355476149,3,FALSE,0.03559881205344,0.0048137479411895,0,0.0949683114842912,0.68820365862844
"886","paid_search",3617.2640350242,217084.205300089,0.0432268610346993,2170.84205300089,0.0408180591924581,217084.205300089,0.0432268610346993,2170.84205300089,0.0408180591924581,TRUE,0.297445999778094,0.297445999778094,30128.9055146277,3012890.55146277,NA,NA,0.548394403374342,0.548394403374342,1,0.00838752199539905,NA,NA,0.202391910123564,NA,NA,0.202391910123564,0.419805133374853,0,396.384009641502,0.004778251968,81263.2971590817,1e-04,"2_500_1",2,500,1,500,6,2170.84205300089,46956.4911055933,16827.5855909656,0.0720518059292575,0.0720518059292575,13.8789026465461,13.8789026465461,3,FALSE,0.050863949674026,0.0030520423666056,0.0133192347870684,0.0886217523500738,0.469640029117809
"887","social",0,0,0,0,0,0,0,0,0,TRUE,0.162751814066573,0.162751814066573,16485.459653195,1648545.9653195,NA,NA,0,0,1,0.00838752199539905,NA,NA,0.202391910123564,NA,NA,0.202391910123564,0.419805133374853,0,396.384009641502,0.004778251968,81263.2971590817,1e-04,"2_500_1",2,500,1,500,6,0,27054.8814983354,10569.4218451404,0,0,Inf,Inf,3,FALSE,0,0,0,0,NA
"888","display",2260.50469882195,53737.8943740778,0.0107005504578027,537.378943740778,0.0101042659939584,53737.8943740778,0.0107005504578027,537.378943740778,0.0101042659939584,TRUE,0.0812633037835251,0.0812633037835251,8231.32401621435,823132.401621435,NA,NA,0.135751748880708,0.135751748880708,1,0.00838752199539905,NA,NA,0.202391910123564,NA,NA,0.202391910123564,0.419805133374853,0,396.384009641502,0.004778251968,81263.2971590817,1e-04,"2_500_1",2,500,1,500,6,537.378943740778,12817.1959413994,4585.87192518504,0.0652846301132395,0.0652846301132395,15.317541024058,15.317541024058,3,FALSE,0.11716472045816,0.00898151402797058,0.00659233408612599,0.228191688418101,0.0807121829907401
